19:29:16.878 [main] DEBUG com.intuit.karate.Suite - [config] classpath:karate-config.js
19:29:17.455 [main] INFO  com.intuit.karate - karate.env system property was: null 
19:29:17.459 [main] INFO  com.intuit.karate - >> lock acquired, begin callSingle: classpath:helpers/CreateToken.feature
19:29:17.670 [main] DEBUG com.intuit.karate - request:
1 > POST https://conduit-api.bondaracademy.com/api/users/login
1 > Content-Type: application/json; charset=UTF-8
1 > Content-Length: 65
1 > Host: conduit-api.bondaracademy.com
1 > Connection: Keep-Alive
1 > User-Agent: Apache-HttpClient/4.5.14 (Java/17.0.12)
1 > Accept-Encoding: gzip,deflate
{"user":{"email":"pruebakarate@test.com","password":"karate123"}}

19:29:18.845 [main] DEBUG com.intuit.karate - response time in milliseconds: 1172
1 < 200
1 < x-powered-by: Express
1 < vary: Origin
1 < content-type: application/json; charset=utf-8
1 < etag: W/"13e-OcVSoIoE5hIOkK+XBVL84wHV/cU"
1 < x-cloud-trace-context: 9915f631bd5353f0b703fcea0595a6f0;o=1
1 < date: Thu, 26 Jun 2025 00:29:12 GMT
1 < server: Google Frontend
1 < Content-Length: 318
{"user":{"email":"pruebakarate@test.com","username":"Alvariytomyg","bio":null,"image":"https://conduit-api.bondaracademy.com/images/smiley-cyrus.jpeg","token":"eyJhbGciOiJIUzI1NiIsInR5cCI6IkpXVCJ9.eyJ1c2VyIjp7ImlkIjoxMzE4Nn0sImlhdCI6MTc1MDg5Nzc1MiwiZXhwIjoxNzU2MDgxNzUyfQ.xYpjlJ0oOaOWTxq0mNJogDDkAd4sFXj0dQMoCIhtex0"}}

19:29:18.850 [main] INFO  com.intuit.karate - << lock released, cached callSingle: classpath:helpers/CreateToken.feature
19:29:18.857 [main] DEBUG com.intuit.karate - request:
1 > POST https://conduit-api.bondaracademy.com/api/articles
1 > Authorization: Token eyJhbGciOiJIUzI1NiIsInR5cCI6IkpXVCJ9.eyJ1c2VyIjp7ImlkIjoxMzE4Nn0sImlhdCI6MTc1MDg5Nzc1MiwiZXhwIjoxNzU2MDgxNzUyfQ.xYpjlJ0oOaOWTxq0mNJogDDkAd4sFXj0dQMoCIhtex0
1 > Content-Type: application/json; charset=UTF-8
1 > Content-Length: 115
1 > Host: conduit-api.bondaracademy.com
1 > Connection: Keep-Alive
1 > User-Agent: Apache-HttpClient/4.5.14 (Java/17.0.12)
1 > Accept-Encoding: gzip,deflate
{"article":{"title":"Probando Articulo9","description":"es una prueba9","body":"practicando Karate9","tagList":[]}}

19:29:19.552 [main] DEBUG com.intuit.karate - response time in milliseconds: 693
1 < 422
1 < x-powered-by: Express
1 < vary: Origin
1 < content-type: application/json; charset=utf-8
1 < etag: W/"27-BNeuaWQ7DHvW/r+pl+qdJiF06Is"
1 < x-cloud-trace-context: 485538ef5325703179de01b7ffe7ee96
1 < date: Thu, 26 Jun 2025 00:29:13 GMT
1 < server: Google Frontend
1 < Content-Length: 39
{"errors":{"title":["must be unique"]}}

19:29:19.561 [main] ERROR com.intuit.karate - classpath:conduitApp/feature/Articles.feature:10
Then status 201
status code was: 422, expected: 201, response time in milliseconds: 693, url: https://conduit-api.bondaracademy.com/api/articles, response: 
{"errors":{"title":["must be unique"]}}
classpath:conduitApp/feature/Articles.feature:10
19:29:19.578 [main] INFO  com.intuit.karate - karate.env system property was: null 
19:29:19.581 [main] DEBUG com.intuit.karate - request:
1 > POST https://conduit-api.bondaracademy.com/api/articles
1 > Authorization: Token eyJhbGciOiJIUzI1NiIsInR5cCI6IkpXVCJ9.eyJ1c2VyIjp7ImlkIjoxMzE4Nn0sImlhdCI6MTc1MDg5Nzc1MiwiZXhwIjoxNzU2MDgxNzUyfQ.xYpjlJ0oOaOWTxq0mNJogDDkAd4sFXj0dQMoCIhtex0
1 > Content-Type: application/json; charset=UTF-8
1 > Content-Length: 118
1 > Host: conduit-api.bondaracademy.com
1 > Connection: Keep-Alive
1 > User-Agent: Apache-HttpClient/4.5.14 (Java/17.0.12)
1 > Accept-Encoding: gzip,deflate
{"article":{"title":"Probando Articulo10","description":"es una prueba10","body":"practicando Karate10","tagList":[]}}

19:29:20.374 [main] DEBUG com.intuit.karate - response time in milliseconds: 792
1 < 201
1 < x-powered-by: Express
1 < vary: Origin
1 < content-type: application/json; charset=utf-8
1 < etag: W/"197-t3Q9a1FYvl10MZKtuR+TP6yBnF8"
1 < x-cloud-trace-context: 340e8f60cf099abe628c774f7ca29eae
1 < date: Thu, 26 Jun 2025 00:29:14 GMT
1 < server: Google Frontend
1 < Content-Length: 407
{"article":{"slug":"Probando-Articulo10-13186","title":"Probando Articulo10","description":"es una prueba10","body":"practicando Karate10","tagList":[],"createdAt":"2025-06-26T00:29:14.077Z","updatedAt":"2025-06-26T00:29:14.077Z","favorited":false,"favoritesCount":0,"author":{"username":"Alvariytomyg","bio":null,"image":"https://conduit-api.bondaracademy.com/images/smiley-cyrus.jpeg","following":false}}}

19:29:20.383 [main] DEBUG com.intuit.karate - request:
2 > DELETE https://conduit-api.bondaracademy.com/api/articles/Probando-Articulo10-13186
2 > Authorization: Token eyJhbGciOiJIUzI1NiIsInR5cCI6IkpXVCJ9.eyJ1c2VyIjp7ImlkIjoxMzE4Nn0sImlhdCI6MTc1MDg5Nzc1MiwiZXhwIjoxNzU2MDgxNzUyfQ.xYpjlJ0oOaOWTxq0mNJogDDkAd4sFXj0dQMoCIhtex0
2 > Host: conduit-api.bondaracademy.com
2 > Connection: Keep-Alive
2 > User-Agent: Apache-HttpClient/4.5.14 (Java/17.0.12)
2 > Accept-Encoding: gzip,deflate


19:29:21.098 [main] DEBUG com.intuit.karate - response time in milliseconds: 714
2 < 204
2 < x-powered-by: Express
2 < vary: Origin
2 < etag: W/"a-bAsFyilMr4Ra1hIU5PyoyFRunpI"
2 < x-cloud-trace-context: 6179708aba14f0276a5fc42b50d88f2f
2 < date: Thu, 26 Jun 2025 00:29:14 GMT
2 < content-type: text/html
2 < server: Google Frontend


19:29:21.454 [main] INFO  com.intuit.karate - karate.env system property was: null 
19:29:21.456 [main] DEBUG com.intuit.karate - request:
1 > GET https://conduit-api.bondaracademy.com/api/tags
1 > Authorization: Token eyJhbGciOiJIUzI1NiIsInR5cCI6IkpXVCJ9.eyJ1c2VyIjp7ImlkIjoxMzE4Nn0sImlhdCI6MTc1MDg5Nzc1MiwiZXhwIjoxNzU2MDgxNzUyfQ.xYpjlJ0oOaOWTxq0mNJogDDkAd4sFXj0dQMoCIhtex0
1 > Host: conduit-api.bondaracademy.com
1 > Connection: Keep-Alive
1 > User-Agent: Apache-HttpClient/4.5.14 (Java/17.0.12)
1 > Accept-Encoding: gzip,deflate


19:29:22.185 [main] DEBUG com.intuit.karate - response time in milliseconds: 727
1 < 200
1 < x-powered-by: Express
1 < vary: Origin
1 < content-type: application/json; charset=utf-8
1 < etag: W/"65-qXPvfQCe9YfSV/t8RYClkvvCQHs"
1 < x-cloud-trace-context: 2ae6ad00938cb24422f287aec873e673
1 < date: Thu, 26 Jun 2025 00:29:16 GMT
1 < server: Google Frontend
1 < Content-Length: 101
{"tags":["Test","Git","Zoom","YouTube","Blog","Bondar Academy","Enroll","Exam","Community","GitHub"]}

19:29:22.203 [main] INFO  com.intuit.karate - karate.env system property was: null 
19:29:22.208 [main] DEBUG com.intuit.karate - request:
1 > GET https://conduit-api.bondaracademy.com/api/articles?limt=10&offset=0
1 > Authorization: Token eyJhbGciOiJIUzI1NiIsInR5cCI6IkpXVCJ9.eyJ1c2VyIjp7ImlkIjoxMzE4Nn0sImlhdCI6MTc1MDg5Nzc1MiwiZXhwIjoxNzU2MDgxNzUyfQ.xYpjlJ0oOaOWTxq0mNJogDDkAd4sFXj0dQMoCIhtex0
1 > Host: conduit-api.bondaracademy.com
1 > Connection: Keep-Alive
1 > User-Agent: Apache-HttpClient/4.5.14 (Java/17.0.12)
1 > Accept-Encoding: gzip,deflate


19:29:23.295 [main] DEBUG com.intuit.karate - response time in milliseconds: 1086
1 < 200
1 < x-powered-by: Express
1 < vary: Origin
1 < content-type: application/json; charset=utf-8
1 < etag: W/"3386-/eAcvwgpxMAV7J1WF1Wkg5+9lmQ"
1 < x-cloud-trace-context: da1a1572386e72c675b873e5da1a8ff6
1 < date: Thu, 26 Jun 2025 00:29:16 GMT
1 < server: Google Frontend
1 < Content-Length: 13190
{"articles":[{"slug":"Probando-Articulo9-13186","title":"Probando Articulo9","description":"es una prueba9","body":"practicando Karate9","tagList":[],"createdAt":"2025-06-25T21:57:45.735Z","updatedAt":"2025-06-25T21:57:45.735Z","favorited":false,"favoritesCount":0,"author":{"username":"Alvariytomyg","bio":null,"image":"https://conduit-api.bondaracademy.com/images/smiley-cyrus.jpeg","following":false}},{"slug":"Probando-Articulo8-13186","title":"Probando Articulo8","description":"es una prueba8","body":"practicando Karate8","tagList":[],"createdAt":"2025-05-26T01:08:04.570Z","updatedAt":"2025-05-26T01:08:04.570Z","favorited":false,"favoritesCount":0,"author":{"username":"Alvariytomyg","bio":null,"image":"https://conduit-api.bondaracademy.com/images/smiley-cyrus.jpeg","following":false}},{"slug":"Probando-Articulo7-13186","title":"Probando Articulo7","description":"es una prueba7","body":"practicando Karate6","tagList":[],"createdAt":"2025-05-26T00:30:47.752Z","updatedAt":"2025-05-26T00:30:47.752Z","favorited":false,"favoritesCount":0,"author":{"username":"Alvariytomyg","bio":null,"image":"https://conduit-api.bondaracademy.com/images/smiley-cyrus.jpeg","following":false}},{"slug":"Probando-Articulo6-13186","title":"Probando Articulo6","description":"es una prueba6","body":"practicando Karate6","tagList":[],"createdAt":"2025-05-26T00:27:03.581Z","updatedAt":"2025-05-26T00:27:03.581Z","favorited":false,"favoritesCount":0,"author":{"username":"Alvariytomyg","bio":null,"image":"https://conduit-api.bondaracademy.com/images/smiley-cyrus.jpeg","following":false}},{"slug":"Discover-Bondar-Academy:-Your-Gateway-to-Efficient-Learning-1","title":"Discover Bondar Academy: Your Gateway to Efficient Learning","description":"Discover Bondar Academy's unique place in the educational landscape, where value-focused and efficient learning approaches converge. Our goal is to rapidly enhance your professional technical skills, boosting your market competitiveness and paving the way for higher-paying job opportunities. The speed of your progress is in your hands – you set the pace, and we provide the solutions and support to help you achieve your desired outcomes.","body":"Bondar Academy is a leading platform for efficient education, designed to boost your technical skills and advance your career in Quality Assurance (QA). Our program features a balanced mix of pre-recorded lectures and live sessions, allowing each student to study at their own pace and at a time that suits them. \n\nOur instructors are readily available on our Slack Workspace for support. Whether it's a quick question or a more complex issue requiring a Zoom call or Slack Huddle for screen sharing and live discussion, we're here to assist. Additionally, each class comes with a comprehensive question bank for self-assessment. Following each lecture, you have the opportunity to validate your understanding and readiness to progress to the next topic. You set the pace, and we provide the solutions to ensure you achieve your desired outcomes.\n\nSignUp today: https://www.bondaracademy.com","tagList":["qa career","Bondar Academy","QA Skills","Value-Focused"],"createdAt":"2024-01-27T21:52:32.682Z","updatedAt":"2024-01-27T21:52:32.682Z","favorited":false,"favoritesCount":682,"author":{"username":"Artem Bondar","bio":null,"image":"https://storage.googleapis.com/bondar-academy-visuals/Android.png","following":false}},{"slug":"The-value-of-pre-recorded-video-classes.-The-most-efficient-approach-to-tranfer-the-knowledge-1","title":"The value of pre-recorded video classes. The most efficient approach to tranfer the knowledge","description":"As educational practices evolve, video tutorials have emerged as the most efficient method for imparting theoretical knowledge. At Bondar Academy, we prioritize expertly structured and crafted video tutorials, ensuring you learn quickly and effectively and advance your skills.","body":"At Bondar Academy, we prioritize the value of your time and the efficiency of your education, distinguishing our approach from traditional colleges and live boot camps. Forget long, tedious live lectures on a fixed schedule. With us, you learn at your convenience and pace through optimized, structured video lectures. \n\nWe understand your goal is rapid knowledge acquisition. Our pre-recorded and well-organized lectures are designed precisely for this, ensuring no slowdowns from group dynamics or unrelated instructor anecdotes. \n\nDive straight into the subject matter, learn efficiently, and if questions arise, our immediate support on the Slack Workspace is there to streamline your learning process and swiftly remove any roadblocks.","tagList":["Bondar Academy","Video Lectures","Tutorials"],"createdAt":"2024-01-27T21:50:38.825Z","updatedAt":"2024-01-27T21:50:38.825Z","favorited":false,"favoritesCount":241,"author":{"username":"Artem Bondar","bio":null,"image":"https://storage.googleapis.com/bondar-academy-visuals/Android.png","following":false}},{"slug":"Mastering-Knowledge-with-Self-Assessments:-Identifying-and-Bridging-Learning-Gaps-in-Education-1","title":"Mastering Knowledge with Self-Assessments: Identifying and Bridging Learning Gaps in Education","description":"Self-assessment is an essential tool for gauging your understanding of lecture material. It answers critical questions: Have you grasped everything correctly? Is there anything you've missed? Are you prepared for the next lesson? These assessments ensure that you build a solid foundation of knowledge, confidently and efficiently paving the way for swift progress and effective learning outcomes.","body":"Traditional educational institutions, such as colleges and universities, commonly use tests and assessments to measure knowledge. This approach is effective for gauging student performance, but it's not without drawbacks. In these settings, assessments after every lecture aren't feasible due to the time required for teachers to evaluate them. This often leads to students having a false sense of understanding, believing they've comprehended all aspects of a lecture when, in reality, small but crucial details might be missed. These 'knowledge gaps' can accumulate, making more complex topics difficult to grasp later on.\n\nAt Bondar Academy, we address this challenge by implementing self-assessments after every lecture. These are designed to cover key questions that ensure a thorough understanding of the material, essential for comfort and success in future lectures. The number of questions varies, ranging from 3-4 to 15-20, depending on the lecture's significance and the volume of critical information. With these self-assessments, students receive immediate feedback, helping them determine if they've fully understood the lecture or if they need to revisit certain parts or seek assistance from our instructors in the Slack Workspace.","tagList":["Self-Assessment","Test","Exam"],"createdAt":"2024-01-27T21:48:36.340Z","updatedAt":"2024-01-27T21:48:36.340Z","favorited":false,"favoritesCount":60,"author":{"username":"Artem Bondar","bio":null,"image":"https://storage.googleapis.com/bondar-academy-visuals/Android.png","following":false}},{"slug":"Practical-Implementation-of-Skills:-Homework-Assignments-with-Instructor-Supervision-1","title":"Practical Implementation of Skills: Homework Assignments with Instructor Supervision","description":"Knowledge or skills not reinforced through practical exercises can quickly fade, often faster than anticipated. Homework, particularly in tasks like writing your own code, is crucial for honing these skills and cementing your understanding. At Bondar Academy, we ensure this vital step by assigning homework, rigorously evaluating the outcomes, and providing valuable feedback to guide your learning journey.","body":"Homework assignments are a fundamental component of the educational methodology at Bondar Academy, especially in technical education where learning a new programming language or framework is involved. The key to mastering these skills lies in writing code; the more you write, the better you become. However, merely replicating code seen in lectures leads to minimal learning. Often, this approach leaves students unclear about why their code works the way it does, as they focus on copying rather than understanding.\n\nA homework assignment at Bondar Academy starts with a blank page, challenging students to apply all their knowledge to write the first line of code. This process is more demanding than it appears. As you write each line, understanding and reasoning grow, making your code meaningful and comprehensible. You learn to write code that makes sense to you, enhancing your understanding.\n\nIn completing these assignments, you engage the 'thinking' part of your brain, transforming theoretical knowledge into practical skills. Recognizing the crucial role of homework in learning, our instructors at Bondar Academy are always available to assist with any challenges. Just reach out on Slack, and you'll receive the guidance and support needed for successful completion. At Bondar Academy, we fully understand the importance of homework assignments for the best outcome, so our instructors are always here to assist if you have any difficulties with completing them. Just ask in Slack and you'll be guided and assisted.","tagList":["Homework","Assignments","Practice","Coding"],"createdAt":"2024-01-27T21:46:09.512Z","updatedAt":"2024-01-27T21:46:09.512Z","favorited":false,"favoritesCount":34,"author":{"username":"Artem Bondar","bio":null,"image":"https://storage.googleapis.com/bondar-academy-visuals/Android.png","following":false}},{"slug":"Embracing-Daily-Git-Routines:-Real-Code-Reviews-on-GitHub-for-Effective-Coding-Practice.-1","title":"Embracing Daily Git Routines: Real Code Reviews on GitHub for Effective Coding Practice.","description":"Learning to code is just one part of a larger skill set; effectively managing and organizing code is equally crucial. At Bondar Academy, we integrate Git and platforms like GitHub into the core learning cycle. With us, using Git becomes a regular routine, where organizing code in branches, storing it in remote repositories, and collaborating with others through strategies like branching, merging, pull requests, and code reviews are standard practice.","body":"At Bondar Academy, mastering Git and GitHub is a fundamental step before delving into frameworks or programming languages. Effective code management, organization, and storage are crucial skills, and Git is the premier tool for this purpose. However, many learners initially find Git challenging due to its complexity and non-intuitive nature. To address this, our instructors have developed structured lectures on Git and GitHub, ensuring an efficient and thorough understanding of these essential tools. Git lessons are a mandatory prerequisite in every class. For a glimpse into our teaching approach, visit our YouTube channel: https://www.youtube.com/@BondarAcademy/playlists.\n\nIn our courses, all homework assignments are reviewed using GitHub pull requests, mirroring the workflow in real-world software development environments. Students submit their code to their working branch for review. Our instructors then provide feedback, suggesting modifications or adjustments for pull request approval. This iterative process is repeated throughout the course, establishing Git usage as a natural and routine part of your coding practice.","tagList":["YouTube","Git","GitHub"],"createdAt":"2024-01-27T21:42:31.491Z","updatedAt":"2024-01-27T21:42:31.491Z","favorited":false,"favoritesCount":46,"author":{"username":"Artem Bondar","bio":null,"image":"https://storage.googleapis.com/bondar-academy-visuals/Android.png","following":false}},{"slug":"Engaging-in-Live-Zoom-Sessions:-Interact-with-Instructors-and-Peers-Ask-Questions-in-Real-Time-1","title":"Engaging in Live Zoom Sessions: Interact with Instructors and Peers, Ask Questions in Real-Time","description":"In our increasingly online world, personal engagement remains a crucial element of effective learning. At Bondar Academy, we address this by hosting live Zoom sessions. These sessions provide a platform for live interaction between instructors and students, and among students themselves. Complementing our Slack channel, these live sessions offer an additional avenue for asking questions and engaging in meaningful discussions.","body":"In our increasingly online world, personal engagement remains a crucial element of effective learning. \nAt Bondar Academy, we address this by hosting live Zoom sessions. These sessions provide a platform for live interaction between instructors and students and among students themselves. Complementing our Slack channel, these live sessions offer an additional avenue for asking questions and engaging in meaningful discussions.","tagList":["Zoom","Live Sessions"],"createdAt":"2024-01-27T21:39:50.587Z","updatedAt":"2024-01-27T21:39:50.587Z","favorited":false,"favoritesCount":21,"author":{"username":"Artem Bondar","bio":null,"image":"https://storage.googleapis.com/bondar-academy-visuals/Android.png","following":false}}],"articlesCount":14}

20:27:00.771 [main] INFO  com.intuit.karate.Runner - using system property 'karate.env': dev
20:27:00.934 [main] DEBUG com.intuit.karate.Suite - [config] classpath:karate-config.js
20:27:01.515 [main] INFO  com.intuit.karate - karate.env system property was: dev 
20:27:01.519 [main] INFO  com.intuit.karate - >> lock acquired, begin callSingle: classpath:helpers/CreateToken.feature
20:27:01.730 [main] DEBUG com.intuit.karate - request:
1 > POST https://conduit-api.bondaracademy.com/api/users/login
1 > Content-Type: application/json; charset=UTF-8
1 > Content-Length: 65
1 > Host: conduit-api.bondaracademy.com
1 > Connection: Keep-Alive
1 > User-Agent: Apache-HttpClient/4.5.14 (Java/17.0.12)
1 > Accept-Encoding: gzip,deflate
{"user":{"email":"pruebakarate@test.com","password":"karate123"}}

20:27:02.960 [main] DEBUG com.intuit.karate - response time in milliseconds: 1227
1 < 200
1 < x-powered-by: Express
1 < vary: Origin
1 < content-type: application/json; charset=utf-8
1 < etag: W/"13e-cwa0XgCRC0o9TUbrybUCoqVKBeI"
1 < x-cloud-trace-context: a51c6a6caa9818abe79f1fa95fb9dee6;o=1
1 < date: Thu, 26 Jun 2025 01:26:56 GMT
1 < server: Google Frontend
1 < Content-Length: 318
{"user":{"email":"pruebakarate@test.com","username":"Alvariytomyg","bio":null,"image":"https://conduit-api.bondaracademy.com/images/smiley-cyrus.jpeg","token":"eyJhbGciOiJIUzI1NiIsInR5cCI6IkpXVCJ9.eyJ1c2VyIjp7ImlkIjoxMzE4Nn0sImlhdCI6MTc1MDkwMTIxNiwiZXhwIjoxNzU2MDg1MjE2fQ.D8L5kIyWMgTIbY89yTjt7Ncw9qyiucDrFHgvgwCBHC8"}}

20:27:02.965 [main] INFO  com.intuit.karate - << lock released, cached callSingle: classpath:helpers/CreateToken.feature
20:27:02.972 [main] DEBUG com.intuit.karate - request:
1 > POST https://conduit-api.bondaracademy.com/api/articles
1 > Authorization: Token eyJhbGciOiJIUzI1NiIsInR5cCI6IkpXVCJ9.eyJ1c2VyIjp7ImlkIjoxMzE4Nn0sImlhdCI6MTc1MDkwMTIxNiwiZXhwIjoxNzU2MDg1MjE2fQ.D8L5kIyWMgTIbY89yTjt7Ncw9qyiucDrFHgvgwCBHC8
1 > Content-Type: application/json; charset=UTF-8
1 > Content-Length: 118
1 > Host: conduit-api.bondaracademy.com
1 > Connection: Keep-Alive
1 > User-Agent: Apache-HttpClient/4.5.14 (Java/17.0.12)
1 > Accept-Encoding: gzip,deflate
{"article":{"title":"Probando Articulo10","description":"es una prueba10","body":"practicando Karate10","tagList":[]}}

20:27:03.792 [main] DEBUG com.intuit.karate - response time in milliseconds: 819
1 < 201
1 < x-powered-by: Express
1 < vary: Origin
1 < content-type: application/json; charset=utf-8
1 < etag: W/"197-GYesr/SA78WqDKinq9VwY0HYxBw"
1 < x-cloud-trace-context: 3854699447d642f5324091213f441610
1 < date: Thu, 26 Jun 2025 01:26:57 GMT
1 < server: Google Frontend
1 < Content-Length: 407
{"article":{"slug":"Probando-Articulo10-13186","title":"Probando Articulo10","description":"es una prueba10","body":"practicando Karate10","tagList":[],"createdAt":"2025-06-26T01:26:57.476Z","updatedAt":"2025-06-26T01:26:57.476Z","favorited":false,"favoritesCount":0,"author":{"username":"Alvariytomyg","bio":null,"image":"https://conduit-api.bondaracademy.com/images/smiley-cyrus.jpeg","following":false}}}

20:27:03.803 [main] DEBUG com.intuit.karate - request:
2 > DELETE https://conduit-api.bondaracademy.com/api/articles/Probando-Articulo10-13186
2 > Authorization: Token eyJhbGciOiJIUzI1NiIsInR5cCI6IkpXVCJ9.eyJ1c2VyIjp7ImlkIjoxMzE4Nn0sImlhdCI6MTc1MDkwMTIxNiwiZXhwIjoxNzU2MDg1MjE2fQ.D8L5kIyWMgTIbY89yTjt7Ncw9qyiucDrFHgvgwCBHC8
2 > Host: conduit-api.bondaracademy.com
2 > Connection: Keep-Alive
2 > User-Agent: Apache-HttpClient/4.5.14 (Java/17.0.12)
2 > Accept-Encoding: gzip,deflate


20:27:04.509 [main] DEBUG com.intuit.karate - response time in milliseconds: 706
2 < 204
2 < x-powered-by: Express
2 < vary: Origin
2 < etag: W/"a-bAsFyilMr4Ra1hIU5PyoyFRunpI"
2 < x-cloud-trace-context: 99ee75160b354f021c57b15beeb3c7f9
2 < date: Thu, 26 Jun 2025 01:26:58 GMT
2 < content-type: text/html
2 < server: Google Frontend


20:27:04.874 [main] INFO  com.intuit.karate - karate.env system property was: dev 
20:27:04.876 [main] DEBUG com.intuit.karate - request:
1 > GET https://conduit-api.bondaracademy.com/api/tags
1 > Authorization: Token eyJhbGciOiJIUzI1NiIsInR5cCI6IkpXVCJ9.eyJ1c2VyIjp7ImlkIjoxMzE4Nn0sImlhdCI6MTc1MDkwMTIxNiwiZXhwIjoxNzU2MDg1MjE2fQ.D8L5kIyWMgTIbY89yTjt7Ncw9qyiucDrFHgvgwCBHC8
1 > Host: conduit-api.bondaracademy.com
1 > Connection: Keep-Alive
1 > User-Agent: Apache-HttpClient/4.5.14 (Java/17.0.12)
1 > Accept-Encoding: gzip,deflate


20:27:05.603 [main] DEBUG com.intuit.karate - response time in milliseconds: 726
1 < 200
1 < x-powered-by: Express
1 < vary: Origin
1 < content-type: application/json; charset=utf-8
1 < etag: W/"65-qXPvfQCe9YfSV/t8RYClkvvCQHs"
1 < x-cloud-trace-context: c5f345464db58d182db5aa55e09da77a
1 < date: Thu, 26 Jun 2025 01:26:59 GMT
1 < server: Google Frontend
1 < Content-Length: 101
{"tags":["Test","Git","Zoom","YouTube","Blog","Bondar Academy","Enroll","Exam","Community","GitHub"]}

20:27:05.627 [main] INFO  com.intuit.karate - karate.env system property was: dev 
20:27:05.631 [main] DEBUG com.intuit.karate - request:
1 > GET https://conduit-api.bondaracademy.com/api/articles?limt=10&offset=0
1 > Authorization: Token eyJhbGciOiJIUzI1NiIsInR5cCI6IkpXVCJ9.eyJ1c2VyIjp7ImlkIjoxMzE4Nn0sImlhdCI6MTc1MDkwMTIxNiwiZXhwIjoxNzU2MDg1MjE2fQ.D8L5kIyWMgTIbY89yTjt7Ncw9qyiucDrFHgvgwCBHC8
1 > Host: conduit-api.bondaracademy.com
1 > Connection: Keep-Alive
1 > User-Agent: Apache-HttpClient/4.5.14 (Java/17.0.12)
1 > Accept-Encoding: gzip,deflate


20:27:06.845 [main] DEBUG com.intuit.karate - response time in milliseconds: 1213
1 < 200
1 < x-powered-by: Express
1 < vary: Origin
1 < content-type: application/json; charset=utf-8
1 < etag: W/"3386-/eAcvwgpxMAV7J1WF1Wkg5+9lmQ"
1 < x-cloud-trace-context: 2ed340ccf6578b85468df8d7c673855e
1 < date: Thu, 26 Jun 2025 01:27:00 GMT
1 < server: Google Frontend
1 < Content-Length: 13190
{"articles":[{"slug":"Probando-Articulo9-13186","title":"Probando Articulo9","description":"es una prueba9","body":"practicando Karate9","tagList":[],"createdAt":"2025-06-25T21:57:45.735Z","updatedAt":"2025-06-25T21:57:45.735Z","favorited":false,"favoritesCount":0,"author":{"username":"Alvariytomyg","bio":null,"image":"https://conduit-api.bondaracademy.com/images/smiley-cyrus.jpeg","following":false}},{"slug":"Probando-Articulo8-13186","title":"Probando Articulo8","description":"es una prueba8","body":"practicando Karate8","tagList":[],"createdAt":"2025-05-26T01:08:04.570Z","updatedAt":"2025-05-26T01:08:04.570Z","favorited":false,"favoritesCount":0,"author":{"username":"Alvariytomyg","bio":null,"image":"https://conduit-api.bondaracademy.com/images/smiley-cyrus.jpeg","following":false}},{"slug":"Probando-Articulo7-13186","title":"Probando Articulo7","description":"es una prueba7","body":"practicando Karate6","tagList":[],"createdAt":"2025-05-26T00:30:47.752Z","updatedAt":"2025-05-26T00:30:47.752Z","favorited":false,"favoritesCount":0,"author":{"username":"Alvariytomyg","bio":null,"image":"https://conduit-api.bondaracademy.com/images/smiley-cyrus.jpeg","following":false}},{"slug":"Probando-Articulo6-13186","title":"Probando Articulo6","description":"es una prueba6","body":"practicando Karate6","tagList":[],"createdAt":"2025-05-26T00:27:03.581Z","updatedAt":"2025-05-26T00:27:03.581Z","favorited":false,"favoritesCount":0,"author":{"username":"Alvariytomyg","bio":null,"image":"https://conduit-api.bondaracademy.com/images/smiley-cyrus.jpeg","following":false}},{"slug":"Discover-Bondar-Academy:-Your-Gateway-to-Efficient-Learning-1","title":"Discover Bondar Academy: Your Gateway to Efficient Learning","description":"Discover Bondar Academy's unique place in the educational landscape, where value-focused and efficient learning approaches converge. Our goal is to rapidly enhance your professional technical skills, boosting your market competitiveness and paving the way for higher-paying job opportunities. The speed of your progress is in your hands – you set the pace, and we provide the solutions and support to help you achieve your desired outcomes.","body":"Bondar Academy is a leading platform for efficient education, designed to boost your technical skills and advance your career in Quality Assurance (QA). Our program features a balanced mix of pre-recorded lectures and live sessions, allowing each student to study at their own pace and at a time that suits them. \n\nOur instructors are readily available on our Slack Workspace for support. Whether it's a quick question or a more complex issue requiring a Zoom call or Slack Huddle for screen sharing and live discussion, we're here to assist. Additionally, each class comes with a comprehensive question bank for self-assessment. Following each lecture, you have the opportunity to validate your understanding and readiness to progress to the next topic. You set the pace, and we provide the solutions to ensure you achieve your desired outcomes.\n\nSignUp today: https://www.bondaracademy.com","tagList":["qa career","Bondar Academy","QA Skills","Value-Focused"],"createdAt":"2024-01-27T21:52:32.682Z","updatedAt":"2024-01-27T21:52:32.682Z","favorited":false,"favoritesCount":682,"author":{"username":"Artem Bondar","bio":null,"image":"https://storage.googleapis.com/bondar-academy-visuals/Android.png","following":false}},{"slug":"The-value-of-pre-recorded-video-classes.-The-most-efficient-approach-to-tranfer-the-knowledge-1","title":"The value of pre-recorded video classes. The most efficient approach to tranfer the knowledge","description":"As educational practices evolve, video tutorials have emerged as the most efficient method for imparting theoretical knowledge. At Bondar Academy, we prioritize expertly structured and crafted video tutorials, ensuring you learn quickly and effectively and advance your skills.","body":"At Bondar Academy, we prioritize the value of your time and the efficiency of your education, distinguishing our approach from traditional colleges and live boot camps. Forget long, tedious live lectures on a fixed schedule. With us, you learn at your convenience and pace through optimized, structured video lectures. \n\nWe understand your goal is rapid knowledge acquisition. Our pre-recorded and well-organized lectures are designed precisely for this, ensuring no slowdowns from group dynamics or unrelated instructor anecdotes. \n\nDive straight into the subject matter, learn efficiently, and if questions arise, our immediate support on the Slack Workspace is there to streamline your learning process and swiftly remove any roadblocks.","tagList":["Bondar Academy","Video Lectures","Tutorials"],"createdAt":"2024-01-27T21:50:38.825Z","updatedAt":"2024-01-27T21:50:38.825Z","favorited":false,"favoritesCount":241,"author":{"username":"Artem Bondar","bio":null,"image":"https://storage.googleapis.com/bondar-academy-visuals/Android.png","following":false}},{"slug":"Mastering-Knowledge-with-Self-Assessments:-Identifying-and-Bridging-Learning-Gaps-in-Education-1","title":"Mastering Knowledge with Self-Assessments: Identifying and Bridging Learning Gaps in Education","description":"Self-assessment is an essential tool for gauging your understanding of lecture material. It answers critical questions: Have you grasped everything correctly? Is there anything you've missed? Are you prepared for the next lesson? These assessments ensure that you build a solid foundation of knowledge, confidently and efficiently paving the way for swift progress and effective learning outcomes.","body":"Traditional educational institutions, such as colleges and universities, commonly use tests and assessments to measure knowledge. This approach is effective for gauging student performance, but it's not without drawbacks. In these settings, assessments after every lecture aren't feasible due to the time required for teachers to evaluate them. This often leads to students having a false sense of understanding, believing they've comprehended all aspects of a lecture when, in reality, small but crucial details might be missed. These 'knowledge gaps' can accumulate, making more complex topics difficult to grasp later on.\n\nAt Bondar Academy, we address this challenge by implementing self-assessments after every lecture. These are designed to cover key questions that ensure a thorough understanding of the material, essential for comfort and success in future lectures. The number of questions varies, ranging from 3-4 to 15-20, depending on the lecture's significance and the volume of critical information. With these self-assessments, students receive immediate feedback, helping them determine if they've fully understood the lecture or if they need to revisit certain parts or seek assistance from our instructors in the Slack Workspace.","tagList":["Self-Assessment","Test","Exam"],"createdAt":"2024-01-27T21:48:36.340Z","updatedAt":"2024-01-27T21:48:36.340Z","favorited":false,"favoritesCount":60,"author":{"username":"Artem Bondar","bio":null,"image":"https://storage.googleapis.com/bondar-academy-visuals/Android.png","following":false}},{"slug":"Practical-Implementation-of-Skills:-Homework-Assignments-with-Instructor-Supervision-1","title":"Practical Implementation of Skills: Homework Assignments with Instructor Supervision","description":"Knowledge or skills not reinforced through practical exercises can quickly fade, often faster than anticipated. Homework, particularly in tasks like writing your own code, is crucial for honing these skills and cementing your understanding. At Bondar Academy, we ensure this vital step by assigning homework, rigorously evaluating the outcomes, and providing valuable feedback to guide your learning journey.","body":"Homework assignments are a fundamental component of the educational methodology at Bondar Academy, especially in technical education where learning a new programming language or framework is involved. The key to mastering these skills lies in writing code; the more you write, the better you become. However, merely replicating code seen in lectures leads to minimal learning. Often, this approach leaves students unclear about why their code works the way it does, as they focus on copying rather than understanding.\n\nA homework assignment at Bondar Academy starts with a blank page, challenging students to apply all their knowledge to write the first line of code. This process is more demanding than it appears. As you write each line, understanding and reasoning grow, making your code meaningful and comprehensible. You learn to write code that makes sense to you, enhancing your understanding.\n\nIn completing these assignments, you engage the 'thinking' part of your brain, transforming theoretical knowledge into practical skills. Recognizing the crucial role of homework in learning, our instructors at Bondar Academy are always available to assist with any challenges. Just reach out on Slack, and you'll receive the guidance and support needed for successful completion. At Bondar Academy, we fully understand the importance of homework assignments for the best outcome, so our instructors are always here to assist if you have any difficulties with completing them. Just ask in Slack and you'll be guided and assisted.","tagList":["Homework","Assignments","Practice","Coding"],"createdAt":"2024-01-27T21:46:09.512Z","updatedAt":"2024-01-27T21:46:09.512Z","favorited":false,"favoritesCount":34,"author":{"username":"Artem Bondar","bio":null,"image":"https://storage.googleapis.com/bondar-academy-visuals/Android.png","following":false}},{"slug":"Embracing-Daily-Git-Routines:-Real-Code-Reviews-on-GitHub-for-Effective-Coding-Practice.-1","title":"Embracing Daily Git Routines: Real Code Reviews on GitHub for Effective Coding Practice.","description":"Learning to code is just one part of a larger skill set; effectively managing and organizing code is equally crucial. At Bondar Academy, we integrate Git and platforms like GitHub into the core learning cycle. With us, using Git becomes a regular routine, where organizing code in branches, storing it in remote repositories, and collaborating with others through strategies like branching, merging, pull requests, and code reviews are standard practice.","body":"At Bondar Academy, mastering Git and GitHub is a fundamental step before delving into frameworks or programming languages. Effective code management, organization, and storage are crucial skills, and Git is the premier tool for this purpose. However, many learners initially find Git challenging due to its complexity and non-intuitive nature. To address this, our instructors have developed structured lectures on Git and GitHub, ensuring an efficient and thorough understanding of these essential tools. Git lessons are a mandatory prerequisite in every class. For a glimpse into our teaching approach, visit our YouTube channel: https://www.youtube.com/@BondarAcademy/playlists.\n\nIn our courses, all homework assignments are reviewed using GitHub pull requests, mirroring the workflow in real-world software development environments. Students submit their code to their working branch for review. Our instructors then provide feedback, suggesting modifications or adjustments for pull request approval. This iterative process is repeated throughout the course, establishing Git usage as a natural and routine part of your coding practice.","tagList":["YouTube","Git","GitHub"],"createdAt":"2024-01-27T21:42:31.491Z","updatedAt":"2024-01-27T21:42:31.491Z","favorited":false,"favoritesCount":46,"author":{"username":"Artem Bondar","bio":null,"image":"https://storage.googleapis.com/bondar-academy-visuals/Android.png","following":false}},{"slug":"Engaging-in-Live-Zoom-Sessions:-Interact-with-Instructors-and-Peers-Ask-Questions-in-Real-Time-1","title":"Engaging in Live Zoom Sessions: Interact with Instructors and Peers, Ask Questions in Real-Time","description":"In our increasingly online world, personal engagement remains a crucial element of effective learning. At Bondar Academy, we address this by hosting live Zoom sessions. These sessions provide a platform for live interaction between instructors and students, and among students themselves. Complementing our Slack channel, these live sessions offer an additional avenue for asking questions and engaging in meaningful discussions.","body":"In our increasingly online world, personal engagement remains a crucial element of effective learning. \nAt Bondar Academy, we address this by hosting live Zoom sessions. These sessions provide a platform for live interaction between instructors and students and among students themselves. Complementing our Slack channel, these live sessions offer an additional avenue for asking questions and engaging in meaningful discussions.","tagList":["Zoom","Live Sessions"],"createdAt":"2024-01-27T21:39:50.587Z","updatedAt":"2024-01-27T21:39:50.587Z","favorited":false,"favoritesCount":21,"author":{"username":"Artem Bondar","bio":null,"image":"https://storage.googleapis.com/bondar-academy-visuals/Android.png","following":false}}],"articlesCount":14}

14:28:14.512 [main] DEBUG com.intuit.karate.Suite - [config] classpath:karate-config.js
14:28:15.176 [main] INFO  com.intuit.karate - karate.env system property was: null 
14:28:15.180 [main] INFO  com.intuit.karate - >> lock acquired, begin callSingle: classpath:helpers/CreateToken.feature
14:28:15.432 [main] DEBUG com.intuit.karate - request:
1 > POST https://conduit-api.bondaracademy.com/api/users/login
1 > Content-Type: application/json; charset=UTF-8
1 > Content-Length: 65
1 > Host: conduit-api.bondaracademy.com
1 > Connection: Keep-Alive
1 > User-Agent: Apache-HttpClient/4.5.14 (Java/17.0.12)
1 > Accept-Encoding: gzip,deflate
{"user":{"email":"pruebakarate@test.com","password":"karate123"}}

14:28:16.613 [main] DEBUG com.intuit.karate - response time in milliseconds: 1178
1 < 200
1 < x-powered-by: Express
1 < vary: Origin
1 < content-type: application/json; charset=utf-8
1 < etag: W/"13e-KG49s4bUd8idXjUWcp6sOtO5OxU"
1 < x-cloud-trace-context: d87143b852497fc2695e858132110d67;o=1
1 < date: Tue, 12 Aug 2025 19:28:16 GMT
1 < server: Google Frontend
1 < Content-Length: 318
{"user":{"email":"pruebakarate@test.com","username":"Alvariytomyg","bio":null,"image":"https://conduit-api.bondaracademy.com/images/smiley-cyrus.jpeg","token":"eyJhbGciOiJIUzI1NiIsInR5cCI6IkpXVCJ9.eyJ1c2VyIjp7ImlkIjoxMzE4Nn0sImlhdCI6MTc1NTAyNjg5NiwiZXhwIjoxNzYwMjEwODk2fQ.bO542Dc8DBPPZ6owkATSvtIKP0Hp7cF1b-sljH2O4cw"}}

14:28:16.617 [main] INFO  com.intuit.karate - << lock released, cached callSingle: classpath:helpers/CreateToken.feature
14:28:16.622 [main] DEBUG com.intuit.karate - request:
1 > POST https://conduit-api.bondaracademy.com/api/articles
1 > Authorization: Token eyJhbGciOiJIUzI1NiIsInR5cCI6IkpXVCJ9.eyJ1c2VyIjp7ImlkIjoxMzE4Nn0sImlhdCI6MTc1NTAyNjg5NiwiZXhwIjoxNzYwMjEwODk2fQ.bO542Dc8DBPPZ6owkATSvtIKP0Hp7cF1b-sljH2O4cw
1 > Content-Type: application/json; charset=UTF-8
1 > Content-Length: 118
1 > Host: conduit-api.bondaracademy.com
1 > Connection: Keep-Alive
1 > User-Agent: Apache-HttpClient/4.5.14 (Java/17.0.12)
1 > Accept-Encoding: gzip,deflate
{"article":{"title":"Probando Articulo10","description":"es una prueba10","body":"practicando Karate10","tagList":[]}}

14:28:17.432 [main] DEBUG com.intuit.karate - response time in milliseconds: 810
1 < 201
1 < x-powered-by: Express
1 < vary: Origin
1 < content-type: application/json; charset=utf-8
1 < etag: W/"197-y0k2DPTwhbIWde356ppYk7wCVvI"
1 < x-cloud-trace-context: 460785795a52457df388981400cd6535
1 < date: Tue, 12 Aug 2025 19:28:17 GMT
1 < server: Google Frontend
1 < Content-Length: 407
{"article":{"slug":"Probando-Articulo10-13186","title":"Probando Articulo10","description":"es una prueba10","body":"practicando Karate10","tagList":[],"createdAt":"2025-08-12T19:28:17.180Z","updatedAt":"2025-08-12T19:28:17.180Z","favorited":false,"favoritesCount":0,"author":{"username":"Alvariytomyg","bio":null,"image":"https://conduit-api.bondaracademy.com/images/smiley-cyrus.jpeg","following":false}}}

14:28:17.441 [main] DEBUG com.intuit.karate - request:
2 > DELETE https://conduit-api.bondaracademy.com/api/articles/Probando-Articulo10-13186
2 > Authorization: Token eyJhbGciOiJIUzI1NiIsInR5cCI6IkpXVCJ9.eyJ1c2VyIjp7ImlkIjoxMzE4Nn0sImlhdCI6MTc1NTAyNjg5NiwiZXhwIjoxNzYwMjEwODk2fQ.bO542Dc8DBPPZ6owkATSvtIKP0Hp7cF1b-sljH2O4cw
2 > Host: conduit-api.bondaracademy.com
2 > Connection: Keep-Alive
2 > User-Agent: Apache-HttpClient/4.5.14 (Java/17.0.12)
2 > Accept-Encoding: gzip,deflate


14:28:18.171 [main] DEBUG com.intuit.karate - response time in milliseconds: 729
2 < 204
2 < x-powered-by: Express
2 < vary: Origin
2 < etag: W/"a-bAsFyilMr4Ra1hIU5PyoyFRunpI"
2 < x-cloud-trace-context: bb25370ffda3e41d956d12910cc27f5b
2 < date: Tue, 12 Aug 2025 19:28:18 GMT
2 < content-type: text/html
2 < server: Google Frontend


14:28:18.544 [main] INFO  com.intuit.karate - karate.env system property was: null 
14:28:18.547 [main] DEBUG com.intuit.karate - request:
1 > GET https://conduit-api.bondaracademy.com/api/tags
1 > Authorization: Token eyJhbGciOiJIUzI1NiIsInR5cCI6IkpXVCJ9.eyJ1c2VyIjp7ImlkIjoxMzE4Nn0sImlhdCI6MTc1NTAyNjg5NiwiZXhwIjoxNzYwMjEwODk2fQ.bO542Dc8DBPPZ6owkATSvtIKP0Hp7cF1b-sljH2O4cw
1 > Host: conduit-api.bondaracademy.com
1 > Connection: Keep-Alive
1 > User-Agent: Apache-HttpClient/4.5.14 (Java/17.0.12)
1 > Accept-Encoding: gzip,deflate


14:28:19.324 [main] DEBUG com.intuit.karate - response time in milliseconds: 776
1 < 200
1 < x-powered-by: Express
1 < vary: Origin
1 < content-type: application/json; charset=utf-8
1 < etag: W/"65-XAqp9RO5/GurIdusYmbGg8NPW48"
1 < x-cloud-trace-context: af4f4436d363a6b336b509a7214be0db
1 < date: Tue, 12 Aug 2025 19:28:19 GMT
1 < server: Google Frontend
1 < Content-Length: 101
{"tags":["Test","Git","YouTube","Zoom","Blog","Bondar Academy","Enroll","Exam","Community","GitHub"]}

14:28:19.343 [main] INFO  com.intuit.karate - karate.env system property was: null 
14:28:19.345 [main] DEBUG com.intuit.karate - request:
1 > GET https://conduit-api.bondaracademy.com/api/articles?limt=10&offset=0
1 > Authorization: Token eyJhbGciOiJIUzI1NiIsInR5cCI6IkpXVCJ9.eyJ1c2VyIjp7ImlkIjoxMzE4Nn0sImlhdCI6MTc1NTAyNjg5NiwiZXhwIjoxNzYwMjEwODk2fQ.bO542Dc8DBPPZ6owkATSvtIKP0Hp7cF1b-sljH2O4cw
1 > Host: conduit-api.bondaracademy.com
1 > Connection: Keep-Alive
1 > User-Agent: Apache-HttpClient/4.5.14 (Java/17.0.12)
1 > Accept-Encoding: gzip,deflate


14:28:20.510 [main] DEBUG com.intuit.karate - response time in milliseconds: 1163
1 < 200
1 < x-powered-by: Express
1 < vary: Origin
1 < content-type: application/json; charset=utf-8
1 < etag: W/"3386-/8j/G1zDaICN0xhQC7s68rQg7iU"
1 < x-cloud-trace-context: 67c3e85beaa3ba343251ca04e8a76a6a
1 < date: Tue, 12 Aug 2025 19:28:20 GMT
1 < server: Google Frontend
1 < Content-Length: 13190
{"articles":[{"slug":"Probando-Articulo9-13186","title":"Probando Articulo9","description":"es una prueba9","body":"practicando Karate9","tagList":[],"createdAt":"2025-06-25T21:57:45.735Z","updatedAt":"2025-06-25T21:57:45.735Z","favorited":false,"favoritesCount":0,"author":{"username":"Alvariytomyg","bio":null,"image":"https://conduit-api.bondaracademy.com/images/smiley-cyrus.jpeg","following":false}},{"slug":"Probando-Articulo8-13186","title":"Probando Articulo8","description":"es una prueba8","body":"practicando Karate8","tagList":[],"createdAt":"2025-05-26T01:08:04.570Z","updatedAt":"2025-05-26T01:08:04.570Z","favorited":false,"favoritesCount":0,"author":{"username":"Alvariytomyg","bio":null,"image":"https://conduit-api.bondaracademy.com/images/smiley-cyrus.jpeg","following":false}},{"slug":"Probando-Articulo7-13186","title":"Probando Articulo7","description":"es una prueba7","body":"practicando Karate6","tagList":[],"createdAt":"2025-05-26T00:30:47.752Z","updatedAt":"2025-05-26T00:30:47.752Z","favorited":false,"favoritesCount":0,"author":{"username":"Alvariytomyg","bio":null,"image":"https://conduit-api.bondaracademy.com/images/smiley-cyrus.jpeg","following":false}},{"slug":"Probando-Articulo6-13186","title":"Probando Articulo6","description":"es una prueba6","body":"practicando Karate6","tagList":[],"createdAt":"2025-05-26T00:27:03.581Z","updatedAt":"2025-05-26T00:27:03.581Z","favorited":false,"favoritesCount":0,"author":{"username":"Alvariytomyg","bio":null,"image":"https://conduit-api.bondaracademy.com/images/smiley-cyrus.jpeg","following":false}},{"slug":"Discover-Bondar-Academy:-Your-Gateway-to-Efficient-Learning-1","title":"Discover Bondar Academy: Your Gateway to Efficient Learning","description":"Discover Bondar Academy's unique place in the educational landscape, where value-focused and efficient learning approaches converge. Our goal is to rapidly enhance your professional technical skills, boosting your market competitiveness and paving the way for higher-paying job opportunities. The speed of your progress is in your hands – you set the pace, and we provide the solutions and support to help you achieve your desired outcomes.","body":"Bondar Academy is a leading platform for efficient education, designed to boost your technical skills and advance your career in Quality Assurance (QA). Our program features a balanced mix of pre-recorded lectures and live sessions, allowing each student to study at their own pace and at a time that suits them. \n\nOur instructors are readily available on our Slack Workspace for support. Whether it's a quick question or a more complex issue requiring a Zoom call or Slack Huddle for screen sharing and live discussion, we're here to assist. Additionally, each class comes with a comprehensive question bank for self-assessment. Following each lecture, you have the opportunity to validate your understanding and readiness to progress to the next topic. You set the pace, and we provide the solutions to ensure you achieve your desired outcomes.\n\nSignUp today: https://www.bondaracademy.com","tagList":["qa career","Bondar Academy","QA Skills","Value-Focused"],"createdAt":"2024-01-27T21:52:32.682Z","updatedAt":"2024-01-27T21:52:32.682Z","favorited":false,"favoritesCount":732,"author":{"username":"Artem Bondar","bio":null,"image":"https://storage.googleapis.com/bondar-academy-visuals/Android.png","following":false}},{"slug":"The-value-of-pre-recorded-video-classes.-The-most-efficient-approach-to-tranfer-the-knowledge-1","title":"The value of pre-recorded video classes. The most efficient approach to tranfer the knowledge","description":"As educational practices evolve, video tutorials have emerged as the most efficient method for imparting theoretical knowledge. At Bondar Academy, we prioritize expertly structured and crafted video tutorials, ensuring you learn quickly and effectively and advance your skills.","body":"At Bondar Academy, we prioritize the value of your time and the efficiency of your education, distinguishing our approach from traditional colleges and live boot camps. Forget long, tedious live lectures on a fixed schedule. With us, you learn at your convenience and pace through optimized, structured video lectures. \n\nWe understand your goal is rapid knowledge acquisition. Our pre-recorded and well-organized lectures are designed precisely for this, ensuring no slowdowns from group dynamics or unrelated instructor anecdotes. \n\nDive straight into the subject matter, learn efficiently, and if questions arise, our immediate support on the Slack Workspace is there to streamline your learning process and swiftly remove any roadblocks.","tagList":["Bondar Academy","Video Lectures","Tutorials"],"createdAt":"2024-01-27T21:50:38.825Z","updatedAt":"2024-01-27T21:50:38.825Z","favorited":false,"favoritesCount":258,"author":{"username":"Artem Bondar","bio":null,"image":"https://storage.googleapis.com/bondar-academy-visuals/Android.png","following":false}},{"slug":"Mastering-Knowledge-with-Self-Assessments:-Identifying-and-Bridging-Learning-Gaps-in-Education-1","title":"Mastering Knowledge with Self-Assessments: Identifying and Bridging Learning Gaps in Education","description":"Self-assessment is an essential tool for gauging your understanding of lecture material. It answers critical questions: Have you grasped everything correctly? Is there anything you've missed? Are you prepared for the next lesson? These assessments ensure that you build a solid foundation of knowledge, confidently and efficiently paving the way for swift progress and effective learning outcomes.","body":"Traditional educational institutions, such as colleges and universities, commonly use tests and assessments to measure knowledge. This approach is effective for gauging student performance, but it's not without drawbacks. In these settings, assessments after every lecture aren't feasible due to the time required for teachers to evaluate them. This often leads to students having a false sense of understanding, believing they've comprehended all aspects of a lecture when, in reality, small but crucial details might be missed. These 'knowledge gaps' can accumulate, making more complex topics difficult to grasp later on.\n\nAt Bondar Academy, we address this challenge by implementing self-assessments after every lecture. These are designed to cover key questions that ensure a thorough understanding of the material, essential for comfort and success in future lectures. The number of questions varies, ranging from 3-4 to 15-20, depending on the lecture's significance and the volume of critical information. With these self-assessments, students receive immediate feedback, helping them determine if they've fully understood the lecture or if they need to revisit certain parts or seek assistance from our instructors in the Slack Workspace.","tagList":["Self-Assessment","Test","Exam"],"createdAt":"2024-01-27T21:48:36.340Z","updatedAt":"2024-01-27T21:48:36.340Z","favorited":false,"favoritesCount":67,"author":{"username":"Artem Bondar","bio":null,"image":"https://storage.googleapis.com/bondar-academy-visuals/Android.png","following":false}},{"slug":"Practical-Implementation-of-Skills:-Homework-Assignments-with-Instructor-Supervision-1","title":"Practical Implementation of Skills: Homework Assignments with Instructor Supervision","description":"Knowledge or skills not reinforced through practical exercises can quickly fade, often faster than anticipated. Homework, particularly in tasks like writing your own code, is crucial for honing these skills and cementing your understanding. At Bondar Academy, we ensure this vital step by assigning homework, rigorously evaluating the outcomes, and providing valuable feedback to guide your learning journey.","body":"Homework assignments are a fundamental component of the educational methodology at Bondar Academy, especially in technical education where learning a new programming language or framework is involved. The key to mastering these skills lies in writing code; the more you write, the better you become. However, merely replicating code seen in lectures leads to minimal learning. Often, this approach leaves students unclear about why their code works the way it does, as they focus on copying rather than understanding.\n\nA homework assignment at Bondar Academy starts with a blank page, challenging students to apply all their knowledge to write the first line of code. This process is more demanding than it appears. As you write each line, understanding and reasoning grow, making your code meaningful and comprehensible. You learn to write code that makes sense to you, enhancing your understanding.\n\nIn completing these assignments, you engage the 'thinking' part of your brain, transforming theoretical knowledge into practical skills. Recognizing the crucial role of homework in learning, our instructors at Bondar Academy are always available to assist with any challenges. Just reach out on Slack, and you'll receive the guidance and support needed for successful completion. At Bondar Academy, we fully understand the importance of homework assignments for the best outcome, so our instructors are always here to assist if you have any difficulties with completing them. Just ask in Slack and you'll be guided and assisted.","tagList":["Homework","Assignments","Practice","Coding"],"createdAt":"2024-01-27T21:46:09.512Z","updatedAt":"2024-01-27T21:46:09.512Z","favorited":false,"favoritesCount":37,"author":{"username":"Artem Bondar","bio":null,"image":"https://storage.googleapis.com/bondar-academy-visuals/Android.png","following":false}},{"slug":"Embracing-Daily-Git-Routines:-Real-Code-Reviews-on-GitHub-for-Effective-Coding-Practice.-1","title":"Embracing Daily Git Routines: Real Code Reviews on GitHub for Effective Coding Practice.","description":"Learning to code is just one part of a larger skill set; effectively managing and organizing code is equally crucial. At Bondar Academy, we integrate Git and platforms like GitHub into the core learning cycle. With us, using Git becomes a regular routine, where organizing code in branches, storing it in remote repositories, and collaborating with others through strategies like branching, merging, pull requests, and code reviews are standard practice.","body":"At Bondar Academy, mastering Git and GitHub is a fundamental step before delving into frameworks or programming languages. Effective code management, organization, and storage are crucial skills, and Git is the premier tool for this purpose. However, many learners initially find Git challenging due to its complexity and non-intuitive nature. To address this, our instructors have developed structured lectures on Git and GitHub, ensuring an efficient and thorough understanding of these essential tools. Git lessons are a mandatory prerequisite in every class. For a glimpse into our teaching approach, visit our YouTube channel: https://www.youtube.com/@BondarAcademy/playlists.\n\nIn our courses, all homework assignments are reviewed using GitHub pull requests, mirroring the workflow in real-world software development environments. Students submit their code to their working branch for review. Our instructors then provide feedback, suggesting modifications or adjustments for pull request approval. This iterative process is repeated throughout the course, establishing Git usage as a natural and routine part of your coding practice.","tagList":["YouTube","Git","GitHub"],"createdAt":"2024-01-27T21:42:31.491Z","updatedAt":"2024-01-27T21:42:31.491Z","favorited":false,"favoritesCount":48,"author":{"username":"Artem Bondar","bio":null,"image":"https://storage.googleapis.com/bondar-academy-visuals/Android.png","following":false}},{"slug":"Engaging-in-Live-Zoom-Sessions:-Interact-with-Instructors-and-Peers-Ask-Questions-in-Real-Time-1","title":"Engaging in Live Zoom Sessions: Interact with Instructors and Peers, Ask Questions in Real-Time","description":"In our increasingly online world, personal engagement remains a crucial element of effective learning. At Bondar Academy, we address this by hosting live Zoom sessions. These sessions provide a platform for live interaction between instructors and students, and among students themselves. Complementing our Slack channel, these live sessions offer an additional avenue for asking questions and engaging in meaningful discussions.","body":"In our increasingly online world, personal engagement remains a crucial element of effective learning. \nAt Bondar Academy, we address this by hosting live Zoom sessions. These sessions provide a platform for live interaction between instructors and students and among students themselves. Complementing our Slack channel, these live sessions offer an additional avenue for asking questions and engaging in meaningful discussions.","tagList":["Zoom","Live Sessions"],"createdAt":"2024-01-27T21:39:50.587Z","updatedAt":"2024-01-27T21:39:50.587Z","favorited":false,"favoritesCount":22,"author":{"username":"Artem Bondar","bio":null,"image":"https://storage.googleapis.com/bondar-academy-visuals/Android.png","following":false}}],"articlesCount":14}

14:28:20.568 [main] INFO  com.intuit.karate - karate.env system property was: null 
14:28:20.570 [main] DEBUG com.intuit.karate - request:
1 > POST https://conduit-api.bondaracademy.com/api/users
1 > Authorization: Token eyJhbGciOiJIUzI1NiIsInR5cCI6IkpXVCJ9.eyJ1c2VyIjp7ImlkIjoxMzE4Nn0sImlhdCI6MTc1NTAyNjg5NiwiZXhwIjoxNzYwMjEwODk2fQ.bO542Dc8DBPPZ6owkATSvtIKP0Hp7cF1b-sljH2O4cw
1 > Content-Type: application/json; charset=UTF-8
1 > Content-Length: 98
1 > Host: conduit-api.bondaracademy.com
1 > Connection: Keep-Alive
1 > User-Agent: Apache-HttpClient/4.5.14 (Java/17.0.12)
1 > Accept-Encoding: gzip,deflate
{"user":{"email":"pruebakarate15@test.com","password":"15Karate15","pusername":"KarateUser15321"}}

14:28:21.285 [main] DEBUG com.intuit.karate - response time in milliseconds: 714
1 < 422
1 < x-powered-by: Express
1 < vary: Origin
1 < content-type: application/json; charset=utf-8
1 < etag: W/"2a-AIsgLw77Dx1RWMepi6jZReyj6jg"
1 < x-cloud-trace-context: 361199a6c8ff397e499c83a3863ace3e
1 < date: Tue, 12 Aug 2025 19:28:21 GMT
1 < server: Google Frontend
1 < Content-Length: 42
{"errors":{"username":["can't be blank"]}}

14:28:21.292 [main] ERROR com.intuit.karate - classpath:conduitApp/feature/SignUp.feature:11
Then status 200
status code was: 422, expected: 200, response time in milliseconds: 714, url: https://conduit-api.bondaracademy.com/api/users, response: 
{"errors":{"username":["can't be blank"]}}
classpath:conduitApp/feature/SignUp.feature:11
14:28:44.966 [main] DEBUG com.intuit.karate.Suite - [config] classpath:karate-config.js
14:28:45.492 [main] INFO  com.intuit.karate - karate.env system property was: null 
14:28:45.497 [main] INFO  com.intuit.karate - >> lock acquired, begin callSingle: classpath:helpers/CreateToken.feature
14:28:45.696 [main] DEBUG com.intuit.karate - request:
1 > POST https://conduit-api.bondaracademy.com/api/users/login
1 > Content-Type: application/json; charset=UTF-8
1 > Content-Length: 65
1 > Host: conduit-api.bondaracademy.com
1 > Connection: Keep-Alive
1 > User-Agent: Apache-HttpClient/4.5.14 (Java/17.0.12)
1 > Accept-Encoding: gzip,deflate
{"user":{"email":"pruebakarate@test.com","password":"karate123"}}

14:28:46.604 [main] DEBUG com.intuit.karate - response time in milliseconds: 907
1 < 200
1 < x-powered-by: Express
1 < vary: Origin
1 < content-type: application/json; charset=utf-8
1 < etag: W/"13e-rL0OqSiF+O+5lPZA2mUsys2S+9I"
1 < x-cloud-trace-context: 8beed9130c28161fbfcaad1fd542e013;o=1
1 < date: Tue, 12 Aug 2025 19:28:46 GMT
1 < server: Google Frontend
1 < Content-Length: 318
{"user":{"email":"pruebakarate@test.com","username":"Alvariytomyg","bio":null,"image":"https://conduit-api.bondaracademy.com/images/smiley-cyrus.jpeg","token":"eyJhbGciOiJIUzI1NiIsInR5cCI6IkpXVCJ9.eyJ1c2VyIjp7ImlkIjoxMzE4Nn0sImlhdCI6MTc1NTAyNjkyNiwiZXhwIjoxNzYwMjEwOTI2fQ._L_UPY9nAg5zncDKMSGOyDjlxyARyNbbQyTr2-L1OO4"}}

14:28:46.610 [main] INFO  com.intuit.karate - << lock released, cached callSingle: classpath:helpers/CreateToken.feature
14:28:46.614 [main] DEBUG com.intuit.karate - request:
1 > POST https://conduit-api.bondaracademy.com/api/articles
1 > Authorization: Token eyJhbGciOiJIUzI1NiIsInR5cCI6IkpXVCJ9.eyJ1c2VyIjp7ImlkIjoxMzE4Nn0sImlhdCI6MTc1NTAyNjkyNiwiZXhwIjoxNzYwMjEwOTI2fQ._L_UPY9nAg5zncDKMSGOyDjlxyARyNbbQyTr2-L1OO4
1 > Content-Type: application/json; charset=UTF-8
1 > Content-Length: 118
1 > Host: conduit-api.bondaracademy.com
1 > Connection: Keep-Alive
1 > User-Agent: Apache-HttpClient/4.5.14 (Java/17.0.12)
1 > Accept-Encoding: gzip,deflate
{"article":{"title":"Probando Articulo10","description":"es una prueba10","body":"practicando Karate10","tagList":[]}}

14:28:47.438 [main] DEBUG com.intuit.karate - response time in milliseconds: 822
1 < 201
1 < x-powered-by: Express
1 < vary: Origin
1 < content-type: application/json; charset=utf-8
1 < etag: W/"197-/Q2hkLhBNCFt/O+KXIrbNPi6L98"
1 < x-cloud-trace-context: 066aa0d97145a21fca7d5920e51c21ac
1 < date: Tue, 12 Aug 2025 19:28:47 GMT
1 < server: Google Frontend
1 < Content-Length: 407
{"article":{"slug":"Probando-Articulo10-13186","title":"Probando Articulo10","description":"es una prueba10","body":"practicando Karate10","tagList":[],"createdAt":"2025-08-12T19:28:47.170Z","updatedAt":"2025-08-12T19:28:47.170Z","favorited":false,"favoritesCount":0,"author":{"username":"Alvariytomyg","bio":null,"image":"https://conduit-api.bondaracademy.com/images/smiley-cyrus.jpeg","following":false}}}

14:28:47.446 [main] DEBUG com.intuit.karate - request:
2 > DELETE https://conduit-api.bondaracademy.com/api/articles/Probando-Articulo10-13186
2 > Authorization: Token eyJhbGciOiJIUzI1NiIsInR5cCI6IkpXVCJ9.eyJ1c2VyIjp7ImlkIjoxMzE4Nn0sImlhdCI6MTc1NTAyNjkyNiwiZXhwIjoxNzYwMjEwOTI2fQ._L_UPY9nAg5zncDKMSGOyDjlxyARyNbbQyTr2-L1OO4
2 > Host: conduit-api.bondaracademy.com
2 > Connection: Keep-Alive
2 > User-Agent: Apache-HttpClient/4.5.14 (Java/17.0.12)
2 > Accept-Encoding: gzip,deflate


14:28:48.203 [main] DEBUG com.intuit.karate - response time in milliseconds: 756
2 < 204
2 < x-powered-by: Express
2 < vary: Origin
2 < etag: W/"a-bAsFyilMr4Ra1hIU5PyoyFRunpI"
2 < x-cloud-trace-context: cd00dbd45b5483b1dccb0618ad0d28e7
2 < date: Tue, 12 Aug 2025 19:28:48 GMT
2 < content-type: text/html
2 < server: Google Frontend


14:28:48.549 [main] INFO  com.intuit.karate - karate.env system property was: null 
14:28:48.552 [main] DEBUG com.intuit.karate - request:
1 > GET https://conduit-api.bondaracademy.com/api/tags
1 > Authorization: Token eyJhbGciOiJIUzI1NiIsInR5cCI6IkpXVCJ9.eyJ1c2VyIjp7ImlkIjoxMzE4Nn0sImlhdCI6MTc1NTAyNjkyNiwiZXhwIjoxNzYwMjEwOTI2fQ._L_UPY9nAg5zncDKMSGOyDjlxyARyNbbQyTr2-L1OO4
1 > Host: conduit-api.bondaracademy.com
1 > Connection: Keep-Alive
1 > User-Agent: Apache-HttpClient/4.5.14 (Java/17.0.12)
1 > Accept-Encoding: gzip,deflate


14:28:49.321 [main] DEBUG com.intuit.karate - response time in milliseconds: 768
1 < 200
1 < x-powered-by: Express
1 < vary: Origin
1 < content-type: application/json; charset=utf-8
1 < etag: W/"65-XAqp9RO5/GurIdusYmbGg8NPW48"
1 < x-cloud-trace-context: bf081eee9f58caab5445926ba6463ab8
1 < date: Tue, 12 Aug 2025 19:28:49 GMT
1 < server: Google Frontend
1 < Content-Length: 101
{"tags":["Test","Git","YouTube","Zoom","Blog","Bondar Academy","Enroll","Exam","Community","GitHub"]}

14:28:49.338 [main] INFO  com.intuit.karate - karate.env system property was: null 
14:28:49.341 [main] DEBUG com.intuit.karate - request:
1 > GET https://conduit-api.bondaracademy.com/api/articles?limt=10&offset=0
1 > Authorization: Token eyJhbGciOiJIUzI1NiIsInR5cCI6IkpXVCJ9.eyJ1c2VyIjp7ImlkIjoxMzE4Nn0sImlhdCI6MTc1NTAyNjkyNiwiZXhwIjoxNzYwMjEwOTI2fQ._L_UPY9nAg5zncDKMSGOyDjlxyARyNbbQyTr2-L1OO4
1 > Host: conduit-api.bondaracademy.com
1 > Connection: Keep-Alive
1 > User-Agent: Apache-HttpClient/4.5.14 (Java/17.0.12)
1 > Accept-Encoding: gzip,deflate


14:28:50.475 [main] DEBUG com.intuit.karate - response time in milliseconds: 1131
1 < 200
1 < x-powered-by: Express
1 < vary: Origin
1 < content-type: application/json; charset=utf-8
1 < etag: W/"3386-/8j/G1zDaICN0xhQC7s68rQg7iU"
1 < x-cloud-trace-context: 8d6fee14cc3f4c116cf817d4d74dd244
1 < date: Tue, 12 Aug 2025 19:28:50 GMT
1 < server: Google Frontend
1 < Content-Length: 13190
{"articles":[{"slug":"Probando-Articulo9-13186","title":"Probando Articulo9","description":"es una prueba9","body":"practicando Karate9","tagList":[],"createdAt":"2025-06-25T21:57:45.735Z","updatedAt":"2025-06-25T21:57:45.735Z","favorited":false,"favoritesCount":0,"author":{"username":"Alvariytomyg","bio":null,"image":"https://conduit-api.bondaracademy.com/images/smiley-cyrus.jpeg","following":false}},{"slug":"Probando-Articulo8-13186","title":"Probando Articulo8","description":"es una prueba8","body":"practicando Karate8","tagList":[],"createdAt":"2025-05-26T01:08:04.570Z","updatedAt":"2025-05-26T01:08:04.570Z","favorited":false,"favoritesCount":0,"author":{"username":"Alvariytomyg","bio":null,"image":"https://conduit-api.bondaracademy.com/images/smiley-cyrus.jpeg","following":false}},{"slug":"Probando-Articulo7-13186","title":"Probando Articulo7","description":"es una prueba7","body":"practicando Karate6","tagList":[],"createdAt":"2025-05-26T00:30:47.752Z","updatedAt":"2025-05-26T00:30:47.752Z","favorited":false,"favoritesCount":0,"author":{"username":"Alvariytomyg","bio":null,"image":"https://conduit-api.bondaracademy.com/images/smiley-cyrus.jpeg","following":false}},{"slug":"Probando-Articulo6-13186","title":"Probando Articulo6","description":"es una prueba6","body":"practicando Karate6","tagList":[],"createdAt":"2025-05-26T00:27:03.581Z","updatedAt":"2025-05-26T00:27:03.581Z","favorited":false,"favoritesCount":0,"author":{"username":"Alvariytomyg","bio":null,"image":"https://conduit-api.bondaracademy.com/images/smiley-cyrus.jpeg","following":false}},{"slug":"Discover-Bondar-Academy:-Your-Gateway-to-Efficient-Learning-1","title":"Discover Bondar Academy: Your Gateway to Efficient Learning","description":"Discover Bondar Academy's unique place in the educational landscape, where value-focused and efficient learning approaches converge. Our goal is to rapidly enhance your professional technical skills, boosting your market competitiveness and paving the way for higher-paying job opportunities. The speed of your progress is in your hands – you set the pace, and we provide the solutions and support to help you achieve your desired outcomes.","body":"Bondar Academy is a leading platform for efficient education, designed to boost your technical skills and advance your career in Quality Assurance (QA). Our program features a balanced mix of pre-recorded lectures and live sessions, allowing each student to study at their own pace and at a time that suits them. \n\nOur instructors are readily available on our Slack Workspace for support. Whether it's a quick question or a more complex issue requiring a Zoom call or Slack Huddle for screen sharing and live discussion, we're here to assist. Additionally, each class comes with a comprehensive question bank for self-assessment. Following each lecture, you have the opportunity to validate your understanding and readiness to progress to the next topic. You set the pace, and we provide the solutions to ensure you achieve your desired outcomes.\n\nSignUp today: https://www.bondaracademy.com","tagList":["qa career","Bondar Academy","QA Skills","Value-Focused"],"createdAt":"2024-01-27T21:52:32.682Z","updatedAt":"2024-01-27T21:52:32.682Z","favorited":false,"favoritesCount":732,"author":{"username":"Artem Bondar","bio":null,"image":"https://storage.googleapis.com/bondar-academy-visuals/Android.png","following":false}},{"slug":"The-value-of-pre-recorded-video-classes.-The-most-efficient-approach-to-tranfer-the-knowledge-1","title":"The value of pre-recorded video classes. The most efficient approach to tranfer the knowledge","description":"As educational practices evolve, video tutorials have emerged as the most efficient method for imparting theoretical knowledge. At Bondar Academy, we prioritize expertly structured and crafted video tutorials, ensuring you learn quickly and effectively and advance your skills.","body":"At Bondar Academy, we prioritize the value of your time and the efficiency of your education, distinguishing our approach from traditional colleges and live boot camps. Forget long, tedious live lectures on a fixed schedule. With us, you learn at your convenience and pace through optimized, structured video lectures. \n\nWe understand your goal is rapid knowledge acquisition. Our pre-recorded and well-organized lectures are designed precisely for this, ensuring no slowdowns from group dynamics or unrelated instructor anecdotes. \n\nDive straight into the subject matter, learn efficiently, and if questions arise, our immediate support on the Slack Workspace is there to streamline your learning process and swiftly remove any roadblocks.","tagList":["Bondar Academy","Video Lectures","Tutorials"],"createdAt":"2024-01-27T21:50:38.825Z","updatedAt":"2024-01-27T21:50:38.825Z","favorited":false,"favoritesCount":258,"author":{"username":"Artem Bondar","bio":null,"image":"https://storage.googleapis.com/bondar-academy-visuals/Android.png","following":false}},{"slug":"Mastering-Knowledge-with-Self-Assessments:-Identifying-and-Bridging-Learning-Gaps-in-Education-1","title":"Mastering Knowledge with Self-Assessments: Identifying and Bridging Learning Gaps in Education","description":"Self-assessment is an essential tool for gauging your understanding of lecture material. It answers critical questions: Have you grasped everything correctly? Is there anything you've missed? Are you prepared for the next lesson? These assessments ensure that you build a solid foundation of knowledge, confidently and efficiently paving the way for swift progress and effective learning outcomes.","body":"Traditional educational institutions, such as colleges and universities, commonly use tests and assessments to measure knowledge. This approach is effective for gauging student performance, but it's not without drawbacks. In these settings, assessments after every lecture aren't feasible due to the time required for teachers to evaluate them. This often leads to students having a false sense of understanding, believing they've comprehended all aspects of a lecture when, in reality, small but crucial details might be missed. These 'knowledge gaps' can accumulate, making more complex topics difficult to grasp later on.\n\nAt Bondar Academy, we address this challenge by implementing self-assessments after every lecture. These are designed to cover key questions that ensure a thorough understanding of the material, essential for comfort and success in future lectures. The number of questions varies, ranging from 3-4 to 15-20, depending on the lecture's significance and the volume of critical information. With these self-assessments, students receive immediate feedback, helping them determine if they've fully understood the lecture or if they need to revisit certain parts or seek assistance from our instructors in the Slack Workspace.","tagList":["Self-Assessment","Test","Exam"],"createdAt":"2024-01-27T21:48:36.340Z","updatedAt":"2024-01-27T21:48:36.340Z","favorited":false,"favoritesCount":67,"author":{"username":"Artem Bondar","bio":null,"image":"https://storage.googleapis.com/bondar-academy-visuals/Android.png","following":false}},{"slug":"Practical-Implementation-of-Skills:-Homework-Assignments-with-Instructor-Supervision-1","title":"Practical Implementation of Skills: Homework Assignments with Instructor Supervision","description":"Knowledge or skills not reinforced through practical exercises can quickly fade, often faster than anticipated. Homework, particularly in tasks like writing your own code, is crucial for honing these skills and cementing your understanding. At Bondar Academy, we ensure this vital step by assigning homework, rigorously evaluating the outcomes, and providing valuable feedback to guide your learning journey.","body":"Homework assignments are a fundamental component of the educational methodology at Bondar Academy, especially in technical education where learning a new programming language or framework is involved. The key to mastering these skills lies in writing code; the more you write, the better you become. However, merely replicating code seen in lectures leads to minimal learning. Often, this approach leaves students unclear about why their code works the way it does, as they focus on copying rather than understanding.\n\nA homework assignment at Bondar Academy starts with a blank page, challenging students to apply all their knowledge to write the first line of code. This process is more demanding than it appears. As you write each line, understanding and reasoning grow, making your code meaningful and comprehensible. You learn to write code that makes sense to you, enhancing your understanding.\n\nIn completing these assignments, you engage the 'thinking' part of your brain, transforming theoretical knowledge into practical skills. Recognizing the crucial role of homework in learning, our instructors at Bondar Academy are always available to assist with any challenges. Just reach out on Slack, and you'll receive the guidance and support needed for successful completion. At Bondar Academy, we fully understand the importance of homework assignments for the best outcome, so our instructors are always here to assist if you have any difficulties with completing them. Just ask in Slack and you'll be guided and assisted.","tagList":["Homework","Assignments","Practice","Coding"],"createdAt":"2024-01-27T21:46:09.512Z","updatedAt":"2024-01-27T21:46:09.512Z","favorited":false,"favoritesCount":37,"author":{"username":"Artem Bondar","bio":null,"image":"https://storage.googleapis.com/bondar-academy-visuals/Android.png","following":false}},{"slug":"Embracing-Daily-Git-Routines:-Real-Code-Reviews-on-GitHub-for-Effective-Coding-Practice.-1","title":"Embracing Daily Git Routines: Real Code Reviews on GitHub for Effective Coding Practice.","description":"Learning to code is just one part of a larger skill set; effectively managing and organizing code is equally crucial. At Bondar Academy, we integrate Git and platforms like GitHub into the core learning cycle. With us, using Git becomes a regular routine, where organizing code in branches, storing it in remote repositories, and collaborating with others through strategies like branching, merging, pull requests, and code reviews are standard practice.","body":"At Bondar Academy, mastering Git and GitHub is a fundamental step before delving into frameworks or programming languages. Effective code management, organization, and storage are crucial skills, and Git is the premier tool for this purpose. However, many learners initially find Git challenging due to its complexity and non-intuitive nature. To address this, our instructors have developed structured lectures on Git and GitHub, ensuring an efficient and thorough understanding of these essential tools. Git lessons are a mandatory prerequisite in every class. For a glimpse into our teaching approach, visit our YouTube channel: https://www.youtube.com/@BondarAcademy/playlists.\n\nIn our courses, all homework assignments are reviewed using GitHub pull requests, mirroring the workflow in real-world software development environments. Students submit their code to their working branch for review. Our instructors then provide feedback, suggesting modifications or adjustments for pull request approval. This iterative process is repeated throughout the course, establishing Git usage as a natural and routine part of your coding practice.","tagList":["YouTube","Git","GitHub"],"createdAt":"2024-01-27T21:42:31.491Z","updatedAt":"2024-01-27T21:42:31.491Z","favorited":false,"favoritesCount":48,"author":{"username":"Artem Bondar","bio":null,"image":"https://storage.googleapis.com/bondar-academy-visuals/Android.png","following":false}},{"slug":"Engaging-in-Live-Zoom-Sessions:-Interact-with-Instructors-and-Peers-Ask-Questions-in-Real-Time-1","title":"Engaging in Live Zoom Sessions: Interact with Instructors and Peers, Ask Questions in Real-Time","description":"In our increasingly online world, personal engagement remains a crucial element of effective learning. At Bondar Academy, we address this by hosting live Zoom sessions. These sessions provide a platform for live interaction between instructors and students, and among students themselves. Complementing our Slack channel, these live sessions offer an additional avenue for asking questions and engaging in meaningful discussions.","body":"In our increasingly online world, personal engagement remains a crucial element of effective learning. \nAt Bondar Academy, we address this by hosting live Zoom sessions. These sessions provide a platform for live interaction between instructors and students and among students themselves. Complementing our Slack channel, these live sessions offer an additional avenue for asking questions and engaging in meaningful discussions.","tagList":["Zoom","Live Sessions"],"createdAt":"2024-01-27T21:39:50.587Z","updatedAt":"2024-01-27T21:39:50.587Z","favorited":false,"favoritesCount":22,"author":{"username":"Artem Bondar","bio":null,"image":"https://storage.googleapis.com/bondar-academy-visuals/Android.png","following":false}}],"articlesCount":14}

14:28:50.531 [main] INFO  com.intuit.karate - karate.env system property was: null 
14:28:50.533 [main] DEBUG com.intuit.karate - request:
1 > POST https://conduit-api.bondaracademy.com/api/users
1 > Authorization: Token eyJhbGciOiJIUzI1NiIsInR5cCI6IkpXVCJ9.eyJ1c2VyIjp7ImlkIjoxMzE4Nn0sImlhdCI6MTc1NTAyNjkyNiwiZXhwIjoxNzYwMjEwOTI2fQ._L_UPY9nAg5zncDKMSGOyDjlxyARyNbbQyTr2-L1OO4
1 > Content-Type: application/json; charset=UTF-8
1 > Content-Length: 97
1 > Host: conduit-api.bondaracademy.com
1 > Connection: Keep-Alive
1 > User-Agent: Apache-HttpClient/4.5.14 (Java/17.0.12)
1 > Accept-Encoding: gzip,deflate
{"user":{"email":"pruebakarate15@test.com","password":"15Karate15","username":"KarateUser15321"}}

14:28:51.369 [main] DEBUG com.intuit.karate - response time in milliseconds: 835
1 < 201
1 < x-powered-by: Express
1 < vary: Origin
1 < content-type: application/json; charset=utf-8
1 < etag: W/"14e-rHvG8n/suVZ1+gXGJo+6HdARhnw"
1 < x-cloud-trace-context: d3ec8d5cc58bc8811a71704bc30a0958
1 < date: Tue, 12 Aug 2025 19:28:51 GMT
1 < server: Google Frontend
1 < Content-Length: 334
{"user":{"id":31778,"email":"pruebakarate15@test.com","username":"KarateUser15321","bio":null,"image":"https://conduit-api.bondaracademy.com/images/smiley-cyrus.jpeg","token":"eyJhbGciOiJIUzI1NiIsInR5cCI6IkpXVCJ9.eyJ1c2VyIjp7ImlkIjozMTc3OH0sImlhdCI6MTc1NTAyNjkzMSwiZXhwIjoxNzYwMjEwOTMxfQ.Zq_aZm9S7s76mX5H1brv1vnXo1kOlyiH7MRiM7YOtS4"}}

14:28:51.377 [main] ERROR com.intuit.karate - classpath:conduitApp/feature/SignUp.feature:11
Then status 200
status code was: 201, expected: 200, response time in milliseconds: 835, url: https://conduit-api.bondaracademy.com/api/users, response: 
{"user":{"id":31778,"email":"pruebakarate15@test.com","username":"KarateUser15321","bio":null,"image":"https://conduit-api.bondaracademy.com/images/smiley-cyrus.jpeg","token":"eyJhbGciOiJIUzI1NiIsInR5cCI6IkpXVCJ9.eyJ1c2VyIjp7ImlkIjozMTc3OH0sImlhdCI6MTc1NTAyNjkzMSwiZXhwIjoxNzYwMjEwOTMxfQ.Zq_aZm9S7s76mX5H1brv1vnXo1kOlyiH7MRiM7YOtS4"}}
classpath:conduitApp/feature/SignUp.feature:11
14:30:09.923 [main] DEBUG com.intuit.karate.Suite - [config] classpath:karate-config.js
14:30:10.470 [main] INFO  com.intuit.karate - karate.env system property was: null 
14:30:10.475 [main] INFO  com.intuit.karate - >> lock acquired, begin callSingle: classpath:helpers/CreateToken.feature
14:30:10.681 [main] DEBUG com.intuit.karate - request:
1 > POST https://conduit-api.bondaracademy.com/api/users/login
1 > Content-Type: application/json; charset=UTF-8
1 > Content-Length: 65
1 > Host: conduit-api.bondaracademy.com
1 > Connection: Keep-Alive
1 > User-Agent: Apache-HttpClient/4.5.14 (Java/17.0.12)
1 > Accept-Encoding: gzip,deflate
{"user":{"email":"pruebakarate@test.com","password":"karate123"}}

14:30:11.556 [main] DEBUG com.intuit.karate - response time in milliseconds: 872
1 < 200
1 < x-powered-by: Express
1 < vary: Origin
1 < content-type: application/json; charset=utf-8
1 < etag: W/"13e-dgRP+zb+yv+KQmX9KQ0d8KAVTdI"
1 < x-cloud-trace-context: 4f94d8c9e1a69174e59cdce932ac98f9
1 < date: Tue, 12 Aug 2025 19:30:11 GMT
1 < server: Google Frontend
1 < Content-Length: 318
{"user":{"email":"pruebakarate@test.com","username":"Alvariytomyg","bio":null,"image":"https://conduit-api.bondaracademy.com/images/smiley-cyrus.jpeg","token":"eyJhbGciOiJIUzI1NiIsInR5cCI6IkpXVCJ9.eyJ1c2VyIjp7ImlkIjoxMzE4Nn0sImlhdCI6MTc1NTAyNzAxMSwiZXhwIjoxNzYwMjExMDExfQ.BKDKKCT1tQCtFJ6G8IdJdYONdcCetFQOzqgogeZTzaY"}}

14:30:11.561 [main] INFO  com.intuit.karate - << lock released, cached callSingle: classpath:helpers/CreateToken.feature
14:30:11.567 [main] DEBUG com.intuit.karate - request:
1 > POST https://conduit-api.bondaracademy.com/api/articles
1 > Authorization: Token eyJhbGciOiJIUzI1NiIsInR5cCI6IkpXVCJ9.eyJ1c2VyIjp7ImlkIjoxMzE4Nn0sImlhdCI6MTc1NTAyNzAxMSwiZXhwIjoxNzYwMjExMDExfQ.BKDKKCT1tQCtFJ6G8IdJdYONdcCetFQOzqgogeZTzaY
1 > Content-Type: application/json; charset=UTF-8
1 > Content-Length: 118
1 > Host: conduit-api.bondaracademy.com
1 > Connection: Keep-Alive
1 > User-Agent: Apache-HttpClient/4.5.14 (Java/17.0.12)
1 > Accept-Encoding: gzip,deflate
{"article":{"title":"Probando Articulo10","description":"es una prueba10","body":"practicando Karate10","tagList":[]}}

14:30:12.374 [main] DEBUG com.intuit.karate - response time in milliseconds: 807
1 < 201
1 < x-powered-by: Express
1 < vary: Origin
1 < content-type: application/json; charset=utf-8
1 < etag: W/"197-MGawgQvAKp0IOXiw4hWT6zLudLk"
1 < x-cloud-trace-context: 877287cee1587f94e340191ceb62120c
1 < date: Tue, 12 Aug 2025 19:30:12 GMT
1 < server: Google Frontend
1 < Content-Length: 407
{"article":{"slug":"Probando-Articulo10-13186","title":"Probando Articulo10","description":"es una prueba10","body":"practicando Karate10","tagList":[],"createdAt":"2025-08-12T19:30:12.119Z","updatedAt":"2025-08-12T19:30:12.119Z","favorited":false,"favoritesCount":0,"author":{"username":"Alvariytomyg","bio":null,"image":"https://conduit-api.bondaracademy.com/images/smiley-cyrus.jpeg","following":false}}}

14:30:12.382 [main] DEBUG com.intuit.karate - request:
2 > DELETE https://conduit-api.bondaracademy.com/api/articles/Probando-Articulo10-13186
2 > Authorization: Token eyJhbGciOiJIUzI1NiIsInR5cCI6IkpXVCJ9.eyJ1c2VyIjp7ImlkIjoxMzE4Nn0sImlhdCI6MTc1NTAyNzAxMSwiZXhwIjoxNzYwMjExMDExfQ.BKDKKCT1tQCtFJ6G8IdJdYONdcCetFQOzqgogeZTzaY
2 > Host: conduit-api.bondaracademy.com
2 > Connection: Keep-Alive
2 > User-Agent: Apache-HttpClient/4.5.14 (Java/17.0.12)
2 > Accept-Encoding: gzip,deflate


14:30:13.095 [main] DEBUG com.intuit.karate - response time in milliseconds: 713
2 < 204
2 < x-powered-by: Express
2 < vary: Origin
2 < etag: W/"a-bAsFyilMr4Ra1hIU5PyoyFRunpI"
2 < x-cloud-trace-context: 680edad60bdf5c600e0465a3d37e1c78;o=1
2 < date: Tue, 12 Aug 2025 19:30:12 GMT
2 < content-type: text/html
2 < server: Google Frontend


14:30:13.441 [main] INFO  com.intuit.karate - karate.env system property was: null 
14:30:13.444 [main] DEBUG com.intuit.karate - request:
1 > GET https://conduit-api.bondaracademy.com/api/tags
1 > Authorization: Token eyJhbGciOiJIUzI1NiIsInR5cCI6IkpXVCJ9.eyJ1c2VyIjp7ImlkIjoxMzE4Nn0sImlhdCI6MTc1NTAyNzAxMSwiZXhwIjoxNzYwMjExMDExfQ.BKDKKCT1tQCtFJ6G8IdJdYONdcCetFQOzqgogeZTzaY
1 > Host: conduit-api.bondaracademy.com
1 > Connection: Keep-Alive
1 > User-Agent: Apache-HttpClient/4.5.14 (Java/17.0.12)
1 > Accept-Encoding: gzip,deflate


14:30:14.205 [main] DEBUG com.intuit.karate - response time in milliseconds: 760
1 < 200
1 < x-powered-by: Express
1 < vary: Origin
1 < content-type: application/json; charset=utf-8
1 < etag: W/"65-XAqp9RO5/GurIdusYmbGg8NPW48"
1 < x-cloud-trace-context: 76b69ad14426ab18ed56c6f157ac4d61
1 < date: Tue, 12 Aug 2025 19:30:14 GMT
1 < server: Google Frontend
1 < Content-Length: 101
{"tags":["Test","Git","YouTube","Zoom","Blog","Bondar Academy","Enroll","Exam","Community","GitHub"]}

14:30:14.219 [main] INFO  com.intuit.karate - karate.env system property was: null 
14:30:14.223 [main] DEBUG com.intuit.karate - request:
1 > GET https://conduit-api.bondaracademy.com/api/articles?limt=10&offset=0
1 > Authorization: Token eyJhbGciOiJIUzI1NiIsInR5cCI6IkpXVCJ9.eyJ1c2VyIjp7ImlkIjoxMzE4Nn0sImlhdCI6MTc1NTAyNzAxMSwiZXhwIjoxNzYwMjExMDExfQ.BKDKKCT1tQCtFJ6G8IdJdYONdcCetFQOzqgogeZTzaY
1 > Host: conduit-api.bondaracademy.com
1 > Connection: Keep-Alive
1 > User-Agent: Apache-HttpClient/4.5.14 (Java/17.0.12)
1 > Accept-Encoding: gzip,deflate


14:30:15.567 [main] DEBUG com.intuit.karate - response time in milliseconds: 1343
1 < 200
1 < x-powered-by: Express
1 < vary: Origin
1 < content-type: application/json; charset=utf-8
1 < etag: W/"3386-/8j/G1zDaICN0xhQC7s68rQg7iU"
1 < x-cloud-trace-context: 14027148ab2de15e765bcd32255981bd
1 < date: Tue, 12 Aug 2025 19:30:15 GMT
1 < server: Google Frontend
1 < Content-Length: 13190
{"articles":[{"slug":"Probando-Articulo9-13186","title":"Probando Articulo9","description":"es una prueba9","body":"practicando Karate9","tagList":[],"createdAt":"2025-06-25T21:57:45.735Z","updatedAt":"2025-06-25T21:57:45.735Z","favorited":false,"favoritesCount":0,"author":{"username":"Alvariytomyg","bio":null,"image":"https://conduit-api.bondaracademy.com/images/smiley-cyrus.jpeg","following":false}},{"slug":"Probando-Articulo8-13186","title":"Probando Articulo8","description":"es una prueba8","body":"practicando Karate8","tagList":[],"createdAt":"2025-05-26T01:08:04.570Z","updatedAt":"2025-05-26T01:08:04.570Z","favorited":false,"favoritesCount":0,"author":{"username":"Alvariytomyg","bio":null,"image":"https://conduit-api.bondaracademy.com/images/smiley-cyrus.jpeg","following":false}},{"slug":"Probando-Articulo7-13186","title":"Probando Articulo7","description":"es una prueba7","body":"practicando Karate6","tagList":[],"createdAt":"2025-05-26T00:30:47.752Z","updatedAt":"2025-05-26T00:30:47.752Z","favorited":false,"favoritesCount":0,"author":{"username":"Alvariytomyg","bio":null,"image":"https://conduit-api.bondaracademy.com/images/smiley-cyrus.jpeg","following":false}},{"slug":"Probando-Articulo6-13186","title":"Probando Articulo6","description":"es una prueba6","body":"practicando Karate6","tagList":[],"createdAt":"2025-05-26T00:27:03.581Z","updatedAt":"2025-05-26T00:27:03.581Z","favorited":false,"favoritesCount":0,"author":{"username":"Alvariytomyg","bio":null,"image":"https://conduit-api.bondaracademy.com/images/smiley-cyrus.jpeg","following":false}},{"slug":"Discover-Bondar-Academy:-Your-Gateway-to-Efficient-Learning-1","title":"Discover Bondar Academy: Your Gateway to Efficient Learning","description":"Discover Bondar Academy's unique place in the educational landscape, where value-focused and efficient learning approaches converge. Our goal is to rapidly enhance your professional technical skills, boosting your market competitiveness and paving the way for higher-paying job opportunities. The speed of your progress is in your hands – you set the pace, and we provide the solutions and support to help you achieve your desired outcomes.","body":"Bondar Academy is a leading platform for efficient education, designed to boost your technical skills and advance your career in Quality Assurance (QA). Our program features a balanced mix of pre-recorded lectures and live sessions, allowing each student to study at their own pace and at a time that suits them. \n\nOur instructors are readily available on our Slack Workspace for support. Whether it's a quick question or a more complex issue requiring a Zoom call or Slack Huddle for screen sharing and live discussion, we're here to assist. Additionally, each class comes with a comprehensive question bank for self-assessment. Following each lecture, you have the opportunity to validate your understanding and readiness to progress to the next topic. You set the pace, and we provide the solutions to ensure you achieve your desired outcomes.\n\nSignUp today: https://www.bondaracademy.com","tagList":["qa career","Bondar Academy","QA Skills","Value-Focused"],"createdAt":"2024-01-27T21:52:32.682Z","updatedAt":"2024-01-27T21:52:32.682Z","favorited":false,"favoritesCount":732,"author":{"username":"Artem Bondar","bio":null,"image":"https://storage.googleapis.com/bondar-academy-visuals/Android.png","following":false}},{"slug":"The-value-of-pre-recorded-video-classes.-The-most-efficient-approach-to-tranfer-the-knowledge-1","title":"The value of pre-recorded video classes. The most efficient approach to tranfer the knowledge","description":"As educational practices evolve, video tutorials have emerged as the most efficient method for imparting theoretical knowledge. At Bondar Academy, we prioritize expertly structured and crafted video tutorials, ensuring you learn quickly and effectively and advance your skills.","body":"At Bondar Academy, we prioritize the value of your time and the efficiency of your education, distinguishing our approach from traditional colleges and live boot camps. Forget long, tedious live lectures on a fixed schedule. With us, you learn at your convenience and pace through optimized, structured video lectures. \n\nWe understand your goal is rapid knowledge acquisition. Our pre-recorded and well-organized lectures are designed precisely for this, ensuring no slowdowns from group dynamics or unrelated instructor anecdotes. \n\nDive straight into the subject matter, learn efficiently, and if questions arise, our immediate support on the Slack Workspace is there to streamline your learning process and swiftly remove any roadblocks.","tagList":["Bondar Academy","Video Lectures","Tutorials"],"createdAt":"2024-01-27T21:50:38.825Z","updatedAt":"2024-01-27T21:50:38.825Z","favorited":false,"favoritesCount":258,"author":{"username":"Artem Bondar","bio":null,"image":"https://storage.googleapis.com/bondar-academy-visuals/Android.png","following":false}},{"slug":"Mastering-Knowledge-with-Self-Assessments:-Identifying-and-Bridging-Learning-Gaps-in-Education-1","title":"Mastering Knowledge with Self-Assessments: Identifying and Bridging Learning Gaps in Education","description":"Self-assessment is an essential tool for gauging your understanding of lecture material. It answers critical questions: Have you grasped everything correctly? Is there anything you've missed? Are you prepared for the next lesson? These assessments ensure that you build a solid foundation of knowledge, confidently and efficiently paving the way for swift progress and effective learning outcomes.","body":"Traditional educational institutions, such as colleges and universities, commonly use tests and assessments to measure knowledge. This approach is effective for gauging student performance, but it's not without drawbacks. In these settings, assessments after every lecture aren't feasible due to the time required for teachers to evaluate them. This often leads to students having a false sense of understanding, believing they've comprehended all aspects of a lecture when, in reality, small but crucial details might be missed. These 'knowledge gaps' can accumulate, making more complex topics difficult to grasp later on.\n\nAt Bondar Academy, we address this challenge by implementing self-assessments after every lecture. These are designed to cover key questions that ensure a thorough understanding of the material, essential for comfort and success in future lectures. The number of questions varies, ranging from 3-4 to 15-20, depending on the lecture's significance and the volume of critical information. With these self-assessments, students receive immediate feedback, helping them determine if they've fully understood the lecture or if they need to revisit certain parts or seek assistance from our instructors in the Slack Workspace.","tagList":["Self-Assessment","Test","Exam"],"createdAt":"2024-01-27T21:48:36.340Z","updatedAt":"2024-01-27T21:48:36.340Z","favorited":false,"favoritesCount":67,"author":{"username":"Artem Bondar","bio":null,"image":"https://storage.googleapis.com/bondar-academy-visuals/Android.png","following":false}},{"slug":"Practical-Implementation-of-Skills:-Homework-Assignments-with-Instructor-Supervision-1","title":"Practical Implementation of Skills: Homework Assignments with Instructor Supervision","description":"Knowledge or skills not reinforced through practical exercises can quickly fade, often faster than anticipated. Homework, particularly in tasks like writing your own code, is crucial for honing these skills and cementing your understanding. At Bondar Academy, we ensure this vital step by assigning homework, rigorously evaluating the outcomes, and providing valuable feedback to guide your learning journey.","body":"Homework assignments are a fundamental component of the educational methodology at Bondar Academy, especially in technical education where learning a new programming language or framework is involved. The key to mastering these skills lies in writing code; the more you write, the better you become. However, merely replicating code seen in lectures leads to minimal learning. Often, this approach leaves students unclear about why their code works the way it does, as they focus on copying rather than understanding.\n\nA homework assignment at Bondar Academy starts with a blank page, challenging students to apply all their knowledge to write the first line of code. This process is more demanding than it appears. As you write each line, understanding and reasoning grow, making your code meaningful and comprehensible. You learn to write code that makes sense to you, enhancing your understanding.\n\nIn completing these assignments, you engage the 'thinking' part of your brain, transforming theoretical knowledge into practical skills. Recognizing the crucial role of homework in learning, our instructors at Bondar Academy are always available to assist with any challenges. Just reach out on Slack, and you'll receive the guidance and support needed for successful completion. At Bondar Academy, we fully understand the importance of homework assignments for the best outcome, so our instructors are always here to assist if you have any difficulties with completing them. Just ask in Slack and you'll be guided and assisted.","tagList":["Homework","Assignments","Practice","Coding"],"createdAt":"2024-01-27T21:46:09.512Z","updatedAt":"2024-01-27T21:46:09.512Z","favorited":false,"favoritesCount":37,"author":{"username":"Artem Bondar","bio":null,"image":"https://storage.googleapis.com/bondar-academy-visuals/Android.png","following":false}},{"slug":"Embracing-Daily-Git-Routines:-Real-Code-Reviews-on-GitHub-for-Effective-Coding-Practice.-1","title":"Embracing Daily Git Routines: Real Code Reviews on GitHub for Effective Coding Practice.","description":"Learning to code is just one part of a larger skill set; effectively managing and organizing code is equally crucial. At Bondar Academy, we integrate Git and platforms like GitHub into the core learning cycle. With us, using Git becomes a regular routine, where organizing code in branches, storing it in remote repositories, and collaborating with others through strategies like branching, merging, pull requests, and code reviews are standard practice.","body":"At Bondar Academy, mastering Git and GitHub is a fundamental step before delving into frameworks or programming languages. Effective code management, organization, and storage are crucial skills, and Git is the premier tool for this purpose. However, many learners initially find Git challenging due to its complexity and non-intuitive nature. To address this, our instructors have developed structured lectures on Git and GitHub, ensuring an efficient and thorough understanding of these essential tools. Git lessons are a mandatory prerequisite in every class. For a glimpse into our teaching approach, visit our YouTube channel: https://www.youtube.com/@BondarAcademy/playlists.\n\nIn our courses, all homework assignments are reviewed using GitHub pull requests, mirroring the workflow in real-world software development environments. Students submit their code to their working branch for review. Our instructors then provide feedback, suggesting modifications or adjustments for pull request approval. This iterative process is repeated throughout the course, establishing Git usage as a natural and routine part of your coding practice.","tagList":["YouTube","Git","GitHub"],"createdAt":"2024-01-27T21:42:31.491Z","updatedAt":"2024-01-27T21:42:31.491Z","favorited":false,"favoritesCount":48,"author":{"username":"Artem Bondar","bio":null,"image":"https://storage.googleapis.com/bondar-academy-visuals/Android.png","following":false}},{"slug":"Engaging-in-Live-Zoom-Sessions:-Interact-with-Instructors-and-Peers-Ask-Questions-in-Real-Time-1","title":"Engaging in Live Zoom Sessions: Interact with Instructors and Peers, Ask Questions in Real-Time","description":"In our increasingly online world, personal engagement remains a crucial element of effective learning. At Bondar Academy, we address this by hosting live Zoom sessions. These sessions provide a platform for live interaction between instructors and students, and among students themselves. Complementing our Slack channel, these live sessions offer an additional avenue for asking questions and engaging in meaningful discussions.","body":"In our increasingly online world, personal engagement remains a crucial element of effective learning. \nAt Bondar Academy, we address this by hosting live Zoom sessions. These sessions provide a platform for live interaction between instructors and students and among students themselves. Complementing our Slack channel, these live sessions offer an additional avenue for asking questions and engaging in meaningful discussions.","tagList":["Zoom","Live Sessions"],"createdAt":"2024-01-27T21:39:50.587Z","updatedAt":"2024-01-27T21:39:50.587Z","favorited":false,"favoritesCount":22,"author":{"username":"Artem Bondar","bio":null,"image":"https://storage.googleapis.com/bondar-academy-visuals/Android.png","following":false}}],"articlesCount":14}

14:30:15.621 [main] INFO  com.intuit.karate - karate.env system property was: null 
14:30:15.624 [main] DEBUG com.intuit.karate - request:
1 > POST https://conduit-api.bondaracademy.com/api/users
1 > Authorization: Token eyJhbGciOiJIUzI1NiIsInR5cCI6IkpXVCJ9.eyJ1c2VyIjp7ImlkIjoxMzE4Nn0sImlhdCI6MTc1NTAyNzAxMSwiZXhwIjoxNzYwMjExMDExfQ.BKDKKCT1tQCtFJ6G8IdJdYONdcCetFQOzqgogeZTzaY
1 > Content-Type: application/json; charset=UTF-8
1 > Content-Length: 97
1 > Host: conduit-api.bondaracademy.com
1 > Connection: Keep-Alive
1 > User-Agent: Apache-HttpClient/4.5.14 (Java/17.0.12)
1 > Accept-Encoding: gzip,deflate
{"user":{"email":"pruebakarate16@test.com","password":"15Karate15","username":"KarateUser15322"}}

14:30:16.437 [main] DEBUG com.intuit.karate - response time in milliseconds: 812
1 < 201
1 < x-powered-by: Express
1 < vary: Origin
1 < content-type: application/json; charset=utf-8
1 < etag: W/"14e-fHX6Koyy1PsieKBPSTnjtkxllyw"
1 < x-cloud-trace-context: 795276b1b269516255a472403571ad1e
1 < date: Tue, 12 Aug 2025 19:30:16 GMT
1 < server: Google Frontend
1 < Content-Length: 334
{"user":{"id":31779,"email":"pruebakarate16@test.com","username":"KarateUser15322","bio":null,"image":"https://conduit-api.bondaracademy.com/images/smiley-cyrus.jpeg","token":"eyJhbGciOiJIUzI1NiIsInR5cCI6IkpXVCJ9.eyJ1c2VyIjp7ImlkIjozMTc3OX0sImlhdCI6MTc1NTAyNzAxNiwiZXhwIjoxNzYwMjExMDE2fQ.dt6QkgvigSO0jE-SDNO96fcqKMNwOfkWbVNsDY-V89I"}}

14:30:16.442 [main] ERROR com.intuit.karate - classpath:conduitApp/feature/SignUp.feature:11
Then status 200
status code was: 201, expected: 200, response time in milliseconds: 812, url: https://conduit-api.bondaracademy.com/api/users, response: 
{"user":{"id":31779,"email":"pruebakarate16@test.com","username":"KarateUser15322","bio":null,"image":"https://conduit-api.bondaracademy.com/images/smiley-cyrus.jpeg","token":"eyJhbGciOiJIUzI1NiIsInR5cCI6IkpXVCJ9.eyJ1c2VyIjp7ImlkIjozMTc3OX0sImlhdCI6MTc1NTAyNzAxNiwiZXhwIjoxNzYwMjExMDE2fQ.dt6QkgvigSO0jE-SDNO96fcqKMNwOfkWbVNsDY-V89I"}}
classpath:conduitApp/feature/SignUp.feature:11
14:30:48.473 [main] DEBUG com.intuit.karate.Suite - [config] classpath:karate-config.js
14:30:49.026 [main] INFO  com.intuit.karate - karate.env system property was: null 
14:30:49.030 [main] INFO  com.intuit.karate - >> lock acquired, begin callSingle: classpath:helpers/CreateToken.feature
14:30:49.231 [main] DEBUG com.intuit.karate - request:
1 > POST https://conduit-api.bondaracademy.com/api/users/login
1 > Content-Type: application/json; charset=UTF-8
1 > Content-Length: 65
1 > Host: conduit-api.bondaracademy.com
1 > Connection: Keep-Alive
1 > User-Agent: Apache-HttpClient/4.5.14 (Java/17.0.12)
1 > Accept-Encoding: gzip,deflate
{"user":{"email":"pruebakarate@test.com","password":"karate123"}}

14:30:50.239 [main] DEBUG com.intuit.karate - response time in milliseconds: 1006
1 < 200
1 < x-powered-by: Express
1 < vary: Origin
1 < content-type: application/json; charset=utf-8
1 < etag: W/"13e-jsfzWReWov3N0xt3yhba8UdZcE0"
1 < x-cloud-trace-context: 22617b32c6cde0c08d7255875d44dd4b;o=1
1 < date: Tue, 12 Aug 2025 19:30:50 GMT
1 < server: Google Frontend
1 < Content-Length: 318
{"user":{"email":"pruebakarate@test.com","username":"Alvariytomyg","bio":null,"image":"https://conduit-api.bondaracademy.com/images/smiley-cyrus.jpeg","token":"eyJhbGciOiJIUzI1NiIsInR5cCI6IkpXVCJ9.eyJ1c2VyIjp7ImlkIjoxMzE4Nn0sImlhdCI6MTc1NTAyNzA1MCwiZXhwIjoxNzYwMjExMDUwfQ.czm2wjz5y25nwifH3n2lqFBW1UK1KCa7bG-8PKw6ve0"}}

14:30:50.242 [main] INFO  com.intuit.karate - << lock released, cached callSingle: classpath:helpers/CreateToken.feature
14:30:50.248 [main] DEBUG com.intuit.karate - request:
1 > POST https://conduit-api.bondaracademy.com/api/articles
1 > Authorization: Token eyJhbGciOiJIUzI1NiIsInR5cCI6IkpXVCJ9.eyJ1c2VyIjp7ImlkIjoxMzE4Nn0sImlhdCI6MTc1NTAyNzA1MCwiZXhwIjoxNzYwMjExMDUwfQ.czm2wjz5y25nwifH3n2lqFBW1UK1KCa7bG-8PKw6ve0
1 > Content-Type: application/json; charset=UTF-8
1 > Content-Length: 118
1 > Host: conduit-api.bondaracademy.com
1 > Connection: Keep-Alive
1 > User-Agent: Apache-HttpClient/4.5.14 (Java/17.0.12)
1 > Accept-Encoding: gzip,deflate
{"article":{"title":"Probando Articulo10","description":"es una prueba10","body":"practicando Karate10","tagList":[]}}

14:30:51.066 [main] DEBUG com.intuit.karate - response time in milliseconds: 816
1 < 201
1 < x-powered-by: Express
1 < vary: Origin
1 < content-type: application/json; charset=utf-8
1 < etag: W/"197-66xf1gCw47mdD0yihYk2aJLOk1Q"
1 < x-cloud-trace-context: cae40e99082c033dec17d63a42159343
1 < date: Tue, 12 Aug 2025 19:30:50 GMT
1 < server: Google Frontend
1 < Content-Length: 407
{"article":{"slug":"Probando-Articulo10-13186","title":"Probando Articulo10","description":"es una prueba10","body":"practicando Karate10","tagList":[],"createdAt":"2025-08-12T19:30:50.811Z","updatedAt":"2025-08-12T19:30:50.811Z","favorited":false,"favoritesCount":0,"author":{"username":"Alvariytomyg","bio":null,"image":"https://conduit-api.bondaracademy.com/images/smiley-cyrus.jpeg","following":false}}}

14:30:51.077 [main] DEBUG com.intuit.karate - request:
2 > DELETE https://conduit-api.bondaracademy.com/api/articles/Probando-Articulo10-13186
2 > Authorization: Token eyJhbGciOiJIUzI1NiIsInR5cCI6IkpXVCJ9.eyJ1c2VyIjp7ImlkIjoxMzE4Nn0sImlhdCI6MTc1NTAyNzA1MCwiZXhwIjoxNzYwMjExMDUwfQ.czm2wjz5y25nwifH3n2lqFBW1UK1KCa7bG-8PKw6ve0
2 > Host: conduit-api.bondaracademy.com
2 > Connection: Keep-Alive
2 > User-Agent: Apache-HttpClient/4.5.14 (Java/17.0.12)
2 > Accept-Encoding: gzip,deflate


14:30:51.837 [main] DEBUG com.intuit.karate - response time in milliseconds: 759
2 < 204
2 < x-powered-by: Express
2 < vary: Origin
2 < etag: W/"a-bAsFyilMr4Ra1hIU5PyoyFRunpI"
2 < x-cloud-trace-context: 8515f80fbddea260200be74d1f7b6064
2 < date: Tue, 12 Aug 2025 19:30:51 GMT
2 < content-type: text/html
2 < server: Google Frontend


14:30:52.184 [main] INFO  com.intuit.karate - karate.env system property was: null 
14:30:52.187 [main] DEBUG com.intuit.karate - request:
1 > GET https://conduit-api.bondaracademy.com/api/tags
1 > Authorization: Token eyJhbGciOiJIUzI1NiIsInR5cCI6IkpXVCJ9.eyJ1c2VyIjp7ImlkIjoxMzE4Nn0sImlhdCI6MTc1NTAyNzA1MCwiZXhwIjoxNzYwMjExMDUwfQ.czm2wjz5y25nwifH3n2lqFBW1UK1KCa7bG-8PKw6ve0
1 > Host: conduit-api.bondaracademy.com
1 > Connection: Keep-Alive
1 > User-Agent: Apache-HttpClient/4.5.14 (Java/17.0.12)
1 > Accept-Encoding: gzip,deflate


14:30:52.922 [main] DEBUG com.intuit.karate - response time in milliseconds: 734
1 < 200
1 < x-powered-by: Express
1 < vary: Origin
1 < content-type: application/json; charset=utf-8
1 < etag: W/"65-XAqp9RO5/GurIdusYmbGg8NPW48"
1 < x-cloud-trace-context: 5958ca8374a1efc5da3d0392b54c9332
1 < date: Tue, 12 Aug 2025 19:30:52 GMT
1 < server: Google Frontend
1 < Content-Length: 101
{"tags":["Test","Git","YouTube","Zoom","Blog","Bondar Academy","Enroll","Exam","Community","GitHub"]}

14:30:52.942 [main] INFO  com.intuit.karate - karate.env system property was: null 
14:30:52.946 [main] DEBUG com.intuit.karate - request:
1 > GET https://conduit-api.bondaracademy.com/api/articles?limt=10&offset=0
1 > Authorization: Token eyJhbGciOiJIUzI1NiIsInR5cCI6IkpXVCJ9.eyJ1c2VyIjp7ImlkIjoxMzE4Nn0sImlhdCI6MTc1NTAyNzA1MCwiZXhwIjoxNzYwMjExMDUwfQ.czm2wjz5y25nwifH3n2lqFBW1UK1KCa7bG-8PKw6ve0
1 > Host: conduit-api.bondaracademy.com
1 > Connection: Keep-Alive
1 > User-Agent: Apache-HttpClient/4.5.14 (Java/17.0.12)
1 > Accept-Encoding: gzip,deflate


14:30:54.072 [main] DEBUG com.intuit.karate - response time in milliseconds: 1123
1 < 200
1 < x-powered-by: Express
1 < vary: Origin
1 < content-type: application/json; charset=utf-8
1 < etag: W/"3386-/8j/G1zDaICN0xhQC7s68rQg7iU"
1 < x-cloud-trace-context: 59a0a24e9069fa8f3c7da2aa08784375
1 < date: Tue, 12 Aug 2025 19:30:53 GMT
1 < server: Google Frontend
1 < Content-Length: 13190
{"articles":[{"slug":"Probando-Articulo9-13186","title":"Probando Articulo9","description":"es una prueba9","body":"practicando Karate9","tagList":[],"createdAt":"2025-06-25T21:57:45.735Z","updatedAt":"2025-06-25T21:57:45.735Z","favorited":false,"favoritesCount":0,"author":{"username":"Alvariytomyg","bio":null,"image":"https://conduit-api.bondaracademy.com/images/smiley-cyrus.jpeg","following":false}},{"slug":"Probando-Articulo8-13186","title":"Probando Articulo8","description":"es una prueba8","body":"practicando Karate8","tagList":[],"createdAt":"2025-05-26T01:08:04.570Z","updatedAt":"2025-05-26T01:08:04.570Z","favorited":false,"favoritesCount":0,"author":{"username":"Alvariytomyg","bio":null,"image":"https://conduit-api.bondaracademy.com/images/smiley-cyrus.jpeg","following":false}},{"slug":"Probando-Articulo7-13186","title":"Probando Articulo7","description":"es una prueba7","body":"practicando Karate6","tagList":[],"createdAt":"2025-05-26T00:30:47.752Z","updatedAt":"2025-05-26T00:30:47.752Z","favorited":false,"favoritesCount":0,"author":{"username":"Alvariytomyg","bio":null,"image":"https://conduit-api.bondaracademy.com/images/smiley-cyrus.jpeg","following":false}},{"slug":"Probando-Articulo6-13186","title":"Probando Articulo6","description":"es una prueba6","body":"practicando Karate6","tagList":[],"createdAt":"2025-05-26T00:27:03.581Z","updatedAt":"2025-05-26T00:27:03.581Z","favorited":false,"favoritesCount":0,"author":{"username":"Alvariytomyg","bio":null,"image":"https://conduit-api.bondaracademy.com/images/smiley-cyrus.jpeg","following":false}},{"slug":"Discover-Bondar-Academy:-Your-Gateway-to-Efficient-Learning-1","title":"Discover Bondar Academy: Your Gateway to Efficient Learning","description":"Discover Bondar Academy's unique place in the educational landscape, where value-focused and efficient learning approaches converge. Our goal is to rapidly enhance your professional technical skills, boosting your market competitiveness and paving the way for higher-paying job opportunities. The speed of your progress is in your hands – you set the pace, and we provide the solutions and support to help you achieve your desired outcomes.","body":"Bondar Academy is a leading platform for efficient education, designed to boost your technical skills and advance your career in Quality Assurance (QA). Our program features a balanced mix of pre-recorded lectures and live sessions, allowing each student to study at their own pace and at a time that suits them. \n\nOur instructors are readily available on our Slack Workspace for support. Whether it's a quick question or a more complex issue requiring a Zoom call or Slack Huddle for screen sharing and live discussion, we're here to assist. Additionally, each class comes with a comprehensive question bank for self-assessment. Following each lecture, you have the opportunity to validate your understanding and readiness to progress to the next topic. You set the pace, and we provide the solutions to ensure you achieve your desired outcomes.\n\nSignUp today: https://www.bondaracademy.com","tagList":["qa career","Bondar Academy","QA Skills","Value-Focused"],"createdAt":"2024-01-27T21:52:32.682Z","updatedAt":"2024-01-27T21:52:32.682Z","favorited":false,"favoritesCount":732,"author":{"username":"Artem Bondar","bio":null,"image":"https://storage.googleapis.com/bondar-academy-visuals/Android.png","following":false}},{"slug":"The-value-of-pre-recorded-video-classes.-The-most-efficient-approach-to-tranfer-the-knowledge-1","title":"The value of pre-recorded video classes. The most efficient approach to tranfer the knowledge","description":"As educational practices evolve, video tutorials have emerged as the most efficient method for imparting theoretical knowledge. At Bondar Academy, we prioritize expertly structured and crafted video tutorials, ensuring you learn quickly and effectively and advance your skills.","body":"At Bondar Academy, we prioritize the value of your time and the efficiency of your education, distinguishing our approach from traditional colleges and live boot camps. Forget long, tedious live lectures on a fixed schedule. With us, you learn at your convenience and pace through optimized, structured video lectures. \n\nWe understand your goal is rapid knowledge acquisition. Our pre-recorded and well-organized lectures are designed precisely for this, ensuring no slowdowns from group dynamics or unrelated instructor anecdotes. \n\nDive straight into the subject matter, learn efficiently, and if questions arise, our immediate support on the Slack Workspace is there to streamline your learning process and swiftly remove any roadblocks.","tagList":["Bondar Academy","Video Lectures","Tutorials"],"createdAt":"2024-01-27T21:50:38.825Z","updatedAt":"2024-01-27T21:50:38.825Z","favorited":false,"favoritesCount":258,"author":{"username":"Artem Bondar","bio":null,"image":"https://storage.googleapis.com/bondar-academy-visuals/Android.png","following":false}},{"slug":"Mastering-Knowledge-with-Self-Assessments:-Identifying-and-Bridging-Learning-Gaps-in-Education-1","title":"Mastering Knowledge with Self-Assessments: Identifying and Bridging Learning Gaps in Education","description":"Self-assessment is an essential tool for gauging your understanding of lecture material. It answers critical questions: Have you grasped everything correctly? Is there anything you've missed? Are you prepared for the next lesson? These assessments ensure that you build a solid foundation of knowledge, confidently and efficiently paving the way for swift progress and effective learning outcomes.","body":"Traditional educational institutions, such as colleges and universities, commonly use tests and assessments to measure knowledge. This approach is effective for gauging student performance, but it's not without drawbacks. In these settings, assessments after every lecture aren't feasible due to the time required for teachers to evaluate them. This often leads to students having a false sense of understanding, believing they've comprehended all aspects of a lecture when, in reality, small but crucial details might be missed. These 'knowledge gaps' can accumulate, making more complex topics difficult to grasp later on.\n\nAt Bondar Academy, we address this challenge by implementing self-assessments after every lecture. These are designed to cover key questions that ensure a thorough understanding of the material, essential for comfort and success in future lectures. The number of questions varies, ranging from 3-4 to 15-20, depending on the lecture's significance and the volume of critical information. With these self-assessments, students receive immediate feedback, helping them determine if they've fully understood the lecture or if they need to revisit certain parts or seek assistance from our instructors in the Slack Workspace.","tagList":["Self-Assessment","Test","Exam"],"createdAt":"2024-01-27T21:48:36.340Z","updatedAt":"2024-01-27T21:48:36.340Z","favorited":false,"favoritesCount":67,"author":{"username":"Artem Bondar","bio":null,"image":"https://storage.googleapis.com/bondar-academy-visuals/Android.png","following":false}},{"slug":"Practical-Implementation-of-Skills:-Homework-Assignments-with-Instructor-Supervision-1","title":"Practical Implementation of Skills: Homework Assignments with Instructor Supervision","description":"Knowledge or skills not reinforced through practical exercises can quickly fade, often faster than anticipated. Homework, particularly in tasks like writing your own code, is crucial for honing these skills and cementing your understanding. At Bondar Academy, we ensure this vital step by assigning homework, rigorously evaluating the outcomes, and providing valuable feedback to guide your learning journey.","body":"Homework assignments are a fundamental component of the educational methodology at Bondar Academy, especially in technical education where learning a new programming language or framework is involved. The key to mastering these skills lies in writing code; the more you write, the better you become. However, merely replicating code seen in lectures leads to minimal learning. Often, this approach leaves students unclear about why their code works the way it does, as they focus on copying rather than understanding.\n\nA homework assignment at Bondar Academy starts with a blank page, challenging students to apply all their knowledge to write the first line of code. This process is more demanding than it appears. As you write each line, understanding and reasoning grow, making your code meaningful and comprehensible. You learn to write code that makes sense to you, enhancing your understanding.\n\nIn completing these assignments, you engage the 'thinking' part of your brain, transforming theoretical knowledge into practical skills. Recognizing the crucial role of homework in learning, our instructors at Bondar Academy are always available to assist with any challenges. Just reach out on Slack, and you'll receive the guidance and support needed for successful completion. At Bondar Academy, we fully understand the importance of homework assignments for the best outcome, so our instructors are always here to assist if you have any difficulties with completing them. Just ask in Slack and you'll be guided and assisted.","tagList":["Homework","Assignments","Practice","Coding"],"createdAt":"2024-01-27T21:46:09.512Z","updatedAt":"2024-01-27T21:46:09.512Z","favorited":false,"favoritesCount":37,"author":{"username":"Artem Bondar","bio":null,"image":"https://storage.googleapis.com/bondar-academy-visuals/Android.png","following":false}},{"slug":"Embracing-Daily-Git-Routines:-Real-Code-Reviews-on-GitHub-for-Effective-Coding-Practice.-1","title":"Embracing Daily Git Routines: Real Code Reviews on GitHub for Effective Coding Practice.","description":"Learning to code is just one part of a larger skill set; effectively managing and organizing code is equally crucial. At Bondar Academy, we integrate Git and platforms like GitHub into the core learning cycle. With us, using Git becomes a regular routine, where organizing code in branches, storing it in remote repositories, and collaborating with others through strategies like branching, merging, pull requests, and code reviews are standard practice.","body":"At Bondar Academy, mastering Git and GitHub is a fundamental step before delving into frameworks or programming languages. Effective code management, organization, and storage are crucial skills, and Git is the premier tool for this purpose. However, many learners initially find Git challenging due to its complexity and non-intuitive nature. To address this, our instructors have developed structured lectures on Git and GitHub, ensuring an efficient and thorough understanding of these essential tools. Git lessons are a mandatory prerequisite in every class. For a glimpse into our teaching approach, visit our YouTube channel: https://www.youtube.com/@BondarAcademy/playlists.\n\nIn our courses, all homework assignments are reviewed using GitHub pull requests, mirroring the workflow in real-world software development environments. Students submit their code to their working branch for review. Our instructors then provide feedback, suggesting modifications or adjustments for pull request approval. This iterative process is repeated throughout the course, establishing Git usage as a natural and routine part of your coding practice.","tagList":["YouTube","Git","GitHub"],"createdAt":"2024-01-27T21:42:31.491Z","updatedAt":"2024-01-27T21:42:31.491Z","favorited":false,"favoritesCount":48,"author":{"username":"Artem Bondar","bio":null,"image":"https://storage.googleapis.com/bondar-academy-visuals/Android.png","following":false}},{"slug":"Engaging-in-Live-Zoom-Sessions:-Interact-with-Instructors-and-Peers-Ask-Questions-in-Real-Time-1","title":"Engaging in Live Zoom Sessions: Interact with Instructors and Peers, Ask Questions in Real-Time","description":"In our increasingly online world, personal engagement remains a crucial element of effective learning. At Bondar Academy, we address this by hosting live Zoom sessions. These sessions provide a platform for live interaction between instructors and students, and among students themselves. Complementing our Slack channel, these live sessions offer an additional avenue for asking questions and engaging in meaningful discussions.","body":"In our increasingly online world, personal engagement remains a crucial element of effective learning. \nAt Bondar Academy, we address this by hosting live Zoom sessions. These sessions provide a platform for live interaction between instructors and students and among students themselves. Complementing our Slack channel, these live sessions offer an additional avenue for asking questions and engaging in meaningful discussions.","tagList":["Zoom","Live Sessions"],"createdAt":"2024-01-27T21:39:50.587Z","updatedAt":"2024-01-27T21:39:50.587Z","favorited":false,"favoritesCount":22,"author":{"username":"Artem Bondar","bio":null,"image":"https://storage.googleapis.com/bondar-academy-visuals/Android.png","following":false}}],"articlesCount":14}

14:30:54.131 [main] INFO  com.intuit.karate - karate.env system property was: null 
14:30:54.133 [main] DEBUG com.intuit.karate - request:
1 > POST https://conduit-api.bondaracademy.com/api/users
1 > Authorization: Token eyJhbGciOiJIUzI1NiIsInR5cCI6IkpXVCJ9.eyJ1c2VyIjp7ImlkIjoxMzE4Nn0sImlhdCI6MTc1NTAyNzA1MCwiZXhwIjoxNzYwMjExMDUwfQ.czm2wjz5y25nwifH3n2lqFBW1UK1KCa7bG-8PKw6ve0
1 > Content-Type: application/json; charset=UTF-8
1 > Content-Length: 97
1 > Host: conduit-api.bondaracademy.com
1 > Connection: Keep-Alive
1 > User-Agent: Apache-HttpClient/4.5.14 (Java/17.0.12)
1 > Accept-Encoding: gzip,deflate
{"user":{"email":"pruebakarate17@test.com","password":"15Karate15","username":"KarateUser15323"}}

14:30:54.954 [main] DEBUG com.intuit.karate - response time in milliseconds: 820
1 < 201
1 < x-powered-by: Express
1 < vary: Origin
1 < content-type: application/json; charset=utf-8
1 < etag: W/"14e-0ihQI6hpz1cKBeu2Qd9ES9Fdp6o"
1 < x-cloud-trace-context: aa0ca3fadd107991e34aeb9d4bad0aa6
1 < date: Tue, 12 Aug 2025 19:30:54 GMT
1 < server: Google Frontend
1 < Content-Length: 334
{"user":{"id":31780,"email":"pruebakarate17@test.com","username":"KarateUser15323","bio":null,"image":"https://conduit-api.bondaracademy.com/images/smiley-cyrus.jpeg","token":"eyJhbGciOiJIUzI1NiIsInR5cCI6IkpXVCJ9.eyJ1c2VyIjp7ImlkIjozMTc4MH0sImlhdCI6MTc1NTAyNzA1NCwiZXhwIjoxNzYwMjExMDU0fQ.w2TWjcyeQXIWVZFYr6sXnOqDFVhBLPHjIs9ZBXV30ro"}}

21:02:33.155 [main] INFO  com.intuit.karate.Runner - using system property 'karate.options': --tags @debug
21:02:33.369 [main] DEBUG com.intuit.karate.Suite - [config] classpath:karate-config.js
21:02:33.911 [main] INFO  com.intuit.karate - karate.env system property was: null 
21:02:33.915 [main] INFO  com.intuit.karate - >> lock acquired, begin callSingle: classpath:helpers/CreateToken.feature
21:02:34.117 [main] DEBUG com.intuit.karate - request:
1 > POST https://conduit-api.bondaracademy.com/api/users/login
1 > Content-Type: application/json; charset=UTF-8
1 > Content-Length: 65
1 > Host: conduit-api.bondaracademy.com
1 > Connection: Keep-Alive
1 > User-Agent: Apache-HttpClient/4.5.14 (Java/17.0.12)
1 > Accept-Encoding: gzip,deflate
{"user":{"email":"pruebakarate@test.com","password":"karate123"}}

21:02:35.078 [main] DEBUG com.intuit.karate - response time in milliseconds: 958
1 < 200
1 < x-powered-by: Express
1 < vary: Origin
1 < content-type: application/json; charset=utf-8
1 < etag: W/"13e-nYlrYznD/xB0kmgHRY0y8AotXv0"
1 < x-cloud-trace-context: 4aaf49ab4652002ba2a01bab6c7b2f9d;o=1
1 < date: Wed, 13 Aug 2025 02:02:34 GMT
1 < server: Google Frontend
1 < Content-Length: 318
{"user":{"email":"pruebakarate@test.com","username":"Alvariytomyg","bio":null,"image":"https://conduit-api.bondaracademy.com/images/smiley-cyrus.jpeg","token":"eyJhbGciOiJIUzI1NiIsInR5cCI6IkpXVCJ9.eyJ1c2VyIjp7ImlkIjoxMzE4Nn0sImlhdCI6MTc1NTA1MDU1NCwiZXhwIjoxNzYwMjM0NTU0fQ.ZjFD1k-FEhWdlAAZynIGcedioZp7dwIkjAeKP_vnD0Y"}}

21:02:35.083 [main] INFO  com.intuit.karate - << lock released, cached callSingle: classpath:helpers/CreateToken.feature
21:02:35.087 [main] DEBUG com.intuit.karate - request:
1 > POST https://conduit-api.bondaracademy.com/api/articles
1 > Authorization: Token eyJhbGciOiJIUzI1NiIsInR5cCI6IkpXVCJ9.eyJ1c2VyIjp7ImlkIjoxMzE4Nn0sImlhdCI6MTc1NTA1MDU1NCwiZXhwIjoxNzYwMjM0NTU0fQ.ZjFD1k-FEhWdlAAZynIGcedioZp7dwIkjAeKP_vnD0Y
1 > Content-Type: application/json; charset=UTF-8
1 > Content-Length: 117
1 > Host: conduit-api.bondaracademy.com
1 > Connection: Keep-Alive
1 > User-Agent: Apache-HttpClient/4.5.14 (Java/17.0.12)
1 > Accept-Encoding: gzip,deflate
{"article":{"title":"Creando Articulo12","description":"es una prueba12","body":"practicando Karate12","tagList":[]}}

21:02:35.906 [main] DEBUG com.intuit.karate - response time in milliseconds: 817
1 < 201
1 < x-powered-by: Express
1 < vary: Origin
1 < content-type: application/json; charset=utf-8
1 < etag: W/"195-TL1xZVuEbNeBEOSz0ApNbTA9gVI"
1 < x-cloud-trace-context: 5b4e80a05abd113aaa89f9585c1a8874
1 < date: Wed, 13 Aug 2025 02:02:35 GMT
1 < server: Google Frontend
1 < Content-Length: 405
{"article":{"slug":"Creando-Articulo12-13186","title":"Creando Articulo12","description":"es una prueba12","body":"practicando Karate12","tagList":[],"createdAt":"2025-08-13T02:02:35.692Z","updatedAt":"2025-08-13T02:02:35.692Z","favorited":false,"favoritesCount":0,"author":{"username":"Alvariytomyg","bio":null,"image":"https://conduit-api.bondaracademy.com/images/smiley-cyrus.jpeg","following":false}}}

21:02:35.912 [main] DEBUG com.intuit.karate - request:
2 > GET https://conduit-api.bondaracademy.com/api/articles?limt=10&offset=0
2 > Authorization: Token eyJhbGciOiJIUzI1NiIsInR5cCI6IkpXVCJ9.eyJ1c2VyIjp7ImlkIjoxMzE4Nn0sImlhdCI6MTc1NTA1MDU1NCwiZXhwIjoxNzYwMjM0NTU0fQ.ZjFD1k-FEhWdlAAZynIGcedioZp7dwIkjAeKP_vnD0Y
2 > Host: conduit-api.bondaracademy.com
2 > Connection: Keep-Alive
2 > User-Agent: Apache-HttpClient/4.5.14 (Java/17.0.12)
2 > Accept-Encoding: gzip,deflate


21:02:37.189 [main] DEBUG com.intuit.karate - response time in milliseconds: 1274
2 < 200
2 < x-powered-by: Express
2 < vary: Origin
2 < content-type: application/json; charset=utf-8
2 < etag: W/"2f9f-HlmeTHhAeDX8mmtUY49Dwao+xNo"
2 < x-cloud-trace-context: a4d8336ec468e3d0f369b0b0f07ec208
2 < date: Wed, 13 Aug 2025 02:02:36 GMT
2 < server: Google Frontend
2 < Content-Length: 12191
{"articles":[{"slug":"Creando-Articulo12-13186","title":"Creando Articulo12","description":"es una prueba12","body":"practicando Karate12","tagList":[],"createdAt":"2025-08-13T02:02:35.692Z","updatedAt":"2025-08-13T02:02:35.692Z","favorited":false,"favoritesCount":0,"author":{"username":"Alvariytomyg","bio":null,"image":"https://conduit-api.bondaracademy.com/images/smiley-cyrus.jpeg","following":false}},{"slug":"Probando-Articulo9-13186","title":"Probando Articulo9","description":"es una prueba9","body":"practicando Karate9","tagList":[],"createdAt":"2025-06-25T21:57:45.735Z","updatedAt":"2025-06-25T21:57:45.735Z","favorited":false,"favoritesCount":0,"author":{"username":"Alvariytomyg","bio":null,"image":"https://conduit-api.bondaracademy.com/images/smiley-cyrus.jpeg","following":false}},{"slug":"Probando-Articulo8-13186","title":"Probando Articulo8","description":"es una prueba8","body":"practicando Karate8","tagList":[],"createdAt":"2025-05-26T01:08:04.570Z","updatedAt":"2025-05-26T01:08:04.570Z","favorited":false,"favoritesCount":0,"author":{"username":"Alvariytomyg","bio":null,"image":"https://conduit-api.bondaracademy.com/images/smiley-cyrus.jpeg","following":false}},{"slug":"Probando-Articulo7-13186","title":"Probando Articulo7","description":"es una prueba7","body":"practicando Karate6","tagList":[],"createdAt":"2025-05-26T00:30:47.752Z","updatedAt":"2025-05-26T00:30:47.752Z","favorited":false,"favoritesCount":0,"author":{"username":"Alvariytomyg","bio":null,"image":"https://conduit-api.bondaracademy.com/images/smiley-cyrus.jpeg","following":false}},{"slug":"Probando-Articulo6-13186","title":"Probando Articulo6","description":"es una prueba6","body":"practicando Karate6","tagList":[],"createdAt":"2025-05-26T00:27:03.581Z","updatedAt":"2025-05-26T00:27:03.581Z","favorited":false,"favoritesCount":0,"author":{"username":"Alvariytomyg","bio":null,"image":"https://conduit-api.bondaracademy.com/images/smiley-cyrus.jpeg","following":false}},{"slug":"Discover-Bondar-Academy:-Your-Gateway-to-Efficient-Learning-1","title":"Discover Bondar Academy: Your Gateway to Efficient Learning","description":"Discover Bondar Academy's unique place in the educational landscape, where value-focused and efficient learning approaches converge. Our goal is to rapidly enhance your professional technical skills, boosting your market competitiveness and paving the way for higher-paying job opportunities. The speed of your progress is in your hands – you set the pace, and we provide the solutions and support to help you achieve your desired outcomes.","body":"Bondar Academy is a leading platform for efficient education, designed to boost your technical skills and advance your career in Quality Assurance (QA). Our program features a balanced mix of pre-recorded lectures and live sessions, allowing each student to study at their own pace and at a time that suits them. \n\nOur instructors are readily available on our Slack Workspace for support. Whether it's a quick question or a more complex issue requiring a Zoom call or Slack Huddle for screen sharing and live discussion, we're here to assist. Additionally, each class comes with a comprehensive question bank for self-assessment. Following each lecture, you have the opportunity to validate your understanding and readiness to progress to the next topic. You set the pace, and we provide the solutions to ensure you achieve your desired outcomes.\n\nSignUp today: https://www.bondaracademy.com","tagList":["qa career","Bondar Academy","QA Skills","Value-Focused"],"createdAt":"2024-01-27T21:52:32.682Z","updatedAt":"2024-01-27T21:52:32.682Z","favorited":false,"favoritesCount":732,"author":{"username":"Artem Bondar","bio":null,"image":"https://storage.googleapis.com/bondar-academy-visuals/Android.png","following":false}},{"slug":"The-value-of-pre-recorded-video-classes.-The-most-efficient-approach-to-tranfer-the-knowledge-1","title":"The value of pre-recorded video classes. The most efficient approach to tranfer the knowledge","description":"As educational practices evolve, video tutorials have emerged as the most efficient method for imparting theoretical knowledge. At Bondar Academy, we prioritize expertly structured and crafted video tutorials, ensuring you learn quickly and effectively and advance your skills.","body":"At Bondar Academy, we prioritize the value of your time and the efficiency of your education, distinguishing our approach from traditional colleges and live boot camps. Forget long, tedious live lectures on a fixed schedule. With us, you learn at your convenience and pace through optimized, structured video lectures. \n\nWe understand your goal is rapid knowledge acquisition. Our pre-recorded and well-organized lectures are designed precisely for this, ensuring no slowdowns from group dynamics or unrelated instructor anecdotes. \n\nDive straight into the subject matter, learn efficiently, and if questions arise, our immediate support on the Slack Workspace is there to streamline your learning process and swiftly remove any roadblocks.","tagList":["Bondar Academy","Video Lectures","Tutorials"],"createdAt":"2024-01-27T21:50:38.825Z","updatedAt":"2024-01-27T21:50:38.825Z","favorited":false,"favoritesCount":258,"author":{"username":"Artem Bondar","bio":null,"image":"https://storage.googleapis.com/bondar-academy-visuals/Android.png","following":false}},{"slug":"Mastering-Knowledge-with-Self-Assessments:-Identifying-and-Bridging-Learning-Gaps-in-Education-1","title":"Mastering Knowledge with Self-Assessments: Identifying and Bridging Learning Gaps in Education","description":"Self-assessment is an essential tool for gauging your understanding of lecture material. It answers critical questions: Have you grasped everything correctly? Is there anything you've missed? Are you prepared for the next lesson? These assessments ensure that you build a solid foundation of knowledge, confidently and efficiently paving the way for swift progress and effective learning outcomes.","body":"Traditional educational institutions, such as colleges and universities, commonly use tests and assessments to measure knowledge. This approach is effective for gauging student performance, but it's not without drawbacks. In these settings, assessments after every lecture aren't feasible due to the time required for teachers to evaluate them. This often leads to students having a false sense of understanding, believing they've comprehended all aspects of a lecture when, in reality, small but crucial details might be missed. These 'knowledge gaps' can accumulate, making more complex topics difficult to grasp later on.\n\nAt Bondar Academy, we address this challenge by implementing self-assessments after every lecture. These are designed to cover key questions that ensure a thorough understanding of the material, essential for comfort and success in future lectures. The number of questions varies, ranging from 3-4 to 15-20, depending on the lecture's significance and the volume of critical information. With these self-assessments, students receive immediate feedback, helping them determine if they've fully understood the lecture or if they need to revisit certain parts or seek assistance from our instructors in the Slack Workspace.","tagList":["Self-Assessment","Test","Exam"],"createdAt":"2024-01-27T21:48:36.340Z","updatedAt":"2024-01-27T21:48:36.340Z","favorited":false,"favoritesCount":67,"author":{"username":"Artem Bondar","bio":null,"image":"https://storage.googleapis.com/bondar-academy-visuals/Android.png","following":false}},{"slug":"Practical-Implementation-of-Skills:-Homework-Assignments-with-Instructor-Supervision-1","title":"Practical Implementation of Skills: Homework Assignments with Instructor Supervision","description":"Knowledge or skills not reinforced through practical exercises can quickly fade, often faster than anticipated. Homework, particularly in tasks like writing your own code, is crucial for honing these skills and cementing your understanding. At Bondar Academy, we ensure this vital step by assigning homework, rigorously evaluating the outcomes, and providing valuable feedback to guide your learning journey.","body":"Homework assignments are a fundamental component of the educational methodology at Bondar Academy, especially in technical education where learning a new programming language or framework is involved. The key to mastering these skills lies in writing code; the more you write, the better you become. However, merely replicating code seen in lectures leads to minimal learning. Often, this approach leaves students unclear about why their code works the way it does, as they focus on copying rather than understanding.\n\nA homework assignment at Bondar Academy starts with a blank page, challenging students to apply all their knowledge to write the first line of code. This process is more demanding than it appears. As you write each line, understanding and reasoning grow, making your code meaningful and comprehensible. You learn to write code that makes sense to you, enhancing your understanding.\n\nIn completing these assignments, you engage the 'thinking' part of your brain, transforming theoretical knowledge into practical skills. Recognizing the crucial role of homework in learning, our instructors at Bondar Academy are always available to assist with any challenges. Just reach out on Slack, and you'll receive the guidance and support needed for successful completion. At Bondar Academy, we fully understand the importance of homework assignments for the best outcome, so our instructors are always here to assist if you have any difficulties with completing them. Just ask in Slack and you'll be guided and assisted.","tagList":["Homework","Assignments","Practice","Coding"],"createdAt":"2024-01-27T21:46:09.512Z","updatedAt":"2024-01-27T21:46:09.512Z","favorited":false,"favoritesCount":37,"author":{"username":"Artem Bondar","bio":null,"image":"https://storage.googleapis.com/bondar-academy-visuals/Android.png","following":false}},{"slug":"Embracing-Daily-Git-Routines:-Real-Code-Reviews-on-GitHub-for-Effective-Coding-Practice.-1","title":"Embracing Daily Git Routines: Real Code Reviews on GitHub for Effective Coding Practice.","description":"Learning to code is just one part of a larger skill set; effectively managing and organizing code is equally crucial. At Bondar Academy, we integrate Git and platforms like GitHub into the core learning cycle. With us, using Git becomes a regular routine, where organizing code in branches, storing it in remote repositories, and collaborating with others through strategies like branching, merging, pull requests, and code reviews are standard practice.","body":"At Bondar Academy, mastering Git and GitHub is a fundamental step before delving into frameworks or programming languages. Effective code management, organization, and storage are crucial skills, and Git is the premier tool for this purpose. However, many learners initially find Git challenging due to its complexity and non-intuitive nature. To address this, our instructors have developed structured lectures on Git and GitHub, ensuring an efficient and thorough understanding of these essential tools. Git lessons are a mandatory prerequisite in every class. For a glimpse into our teaching approach, visit our YouTube channel: https://www.youtube.com/@BondarAcademy/playlists.\n\nIn our courses, all homework assignments are reviewed using GitHub pull requests, mirroring the workflow in real-world software development environments. Students submit their code to their working branch for review. Our instructors then provide feedback, suggesting modifications or adjustments for pull request approval. This iterative process is repeated throughout the course, establishing Git usage as a natural and routine part of your coding practice.","tagList":["YouTube","Git","GitHub"],"createdAt":"2024-01-27T21:42:31.491Z","updatedAt":"2024-01-27T21:42:31.491Z","favorited":false,"favoritesCount":48,"author":{"username":"Artem Bondar","bio":null,"image":"https://storage.googleapis.com/bondar-academy-visuals/Android.png","following":false}}],"articlesCount":15}

21:02:37.203 [main] ERROR com.intuit.karate - classpath:conduitApp/feature/Articles.feature:25
And match response.articles[0].title == 'Creando Articulo11'
match failed: EQUALS
  $ | not equal (STRING:STRING)
  'Creando Articulo12'
  'Creando Articulo11'

classpath:conduitApp/feature/Articles.feature:25
21:05:26.488 [main] INFO  com.intuit.karate.Runner - using system property 'karate.options': --tags @debug
21:05:26.694 [main] DEBUG com.intuit.karate.Suite - [config] classpath:karate-config.js
21:05:27.222 [main] INFO  com.intuit.karate - karate.env system property was: null 
21:05:27.225 [main] INFO  com.intuit.karate - >> lock acquired, begin callSingle: classpath:helpers/CreateToken.feature
21:05:27.423 [main] DEBUG com.intuit.karate - request:
1 > POST https://conduit-api.bondaracademy.com/api/users/login
1 > Content-Type: application/json; charset=UTF-8
1 > Content-Length: 65
1 > Host: conduit-api.bondaracademy.com
1 > Connection: Keep-Alive
1 > User-Agent: Apache-HttpClient/4.5.14 (Java/17.0.12)
1 > Accept-Encoding: gzip,deflate
{"user":{"email":"pruebakarate@test.com","password":"karate123"}}

21:05:28.320 [main] DEBUG com.intuit.karate - response time in milliseconds: 893
1 < 200
1 < x-powered-by: Express
1 < vary: Origin
1 < content-type: application/json; charset=utf-8
1 < etag: W/"13e-CGdhnvS8n8mNAmlroP7XJYvHwvc"
1 < x-cloud-trace-context: b7b36da17e1155e25f6f4169f9a91108;o=1
1 < date: Wed, 13 Aug 2025 02:05:28 GMT
1 < server: Google Frontend
1 < Content-Length: 318
{"user":{"email":"pruebakarate@test.com","username":"Alvariytomyg","bio":null,"image":"https://conduit-api.bondaracademy.com/images/smiley-cyrus.jpeg","token":"eyJhbGciOiJIUzI1NiIsInR5cCI6IkpXVCJ9.eyJ1c2VyIjp7ImlkIjoxMzE4Nn0sImlhdCI6MTc1NTA1MDcyOCwiZXhwIjoxNzYwMjM0NzI4fQ.m56KP9OtYktcvjOfGD1C_b0OHygs5G3W_nlHuiKM7So"}}

21:05:28.326 [main] INFO  com.intuit.karate - << lock released, cached callSingle: classpath:helpers/CreateToken.feature
21:05:28.330 [main] DEBUG com.intuit.karate - request:
1 > POST https://conduit-api.bondaracademy.com/api/articles
1 > Authorization: Token eyJhbGciOiJIUzI1NiIsInR5cCI6IkpXVCJ9.eyJ1c2VyIjp7ImlkIjoxMzE4Nn0sImlhdCI6MTc1NTA1MDcyOCwiZXhwIjoxNzYwMjM0NzI4fQ.m56KP9OtYktcvjOfGD1C_b0OHygs5G3W_nlHuiKM7So
1 > Content-Type: application/json; charset=UTF-8
1 > Content-Length: 117
1 > Host: conduit-api.bondaracademy.com
1 > Connection: Keep-Alive
1 > User-Agent: Apache-HttpClient/4.5.14 (Java/17.0.12)
1 > Accept-Encoding: gzip,deflate
{"article":{"title":"Creando Articulo14","description":"es una prueba14","body":"practicando Karate14","tagList":[]}}

21:05:29.139 [main] DEBUG com.intuit.karate - response time in milliseconds: 806
1 < 201
1 < x-powered-by: Express
1 < vary: Origin
1 < content-type: application/json; charset=utf-8
1 < etag: W/"195-upIXVEX5Hhuod7l3TL8468Cq3nA"
1 < x-cloud-trace-context: 35efd02512721c3ecf6af32723ded42a
1 < date: Wed, 13 Aug 2025 02:05:29 GMT
1 < server: Google Frontend
1 < Content-Length: 405
{"article":{"slug":"Creando-Articulo14-13186","title":"Creando Articulo14","description":"es una prueba14","body":"practicando Karate14","tagList":[],"createdAt":"2025-08-13T02:05:28.914Z","updatedAt":"2025-08-13T02:05:28.914Z","favorited":false,"favoritesCount":0,"author":{"username":"Alvariytomyg","bio":null,"image":"https://conduit-api.bondaracademy.com/images/smiley-cyrus.jpeg","following":false}}}

21:05:29.146 [main] DEBUG com.intuit.karate - request:
2 > GET https://conduit-api.bondaracademy.com/api/articles?limt=10&offset=0
2 > Authorization: Token eyJhbGciOiJIUzI1NiIsInR5cCI6IkpXVCJ9.eyJ1c2VyIjp7ImlkIjoxMzE4Nn0sImlhdCI6MTc1NTA1MDcyOCwiZXhwIjoxNzYwMjM0NzI4fQ.m56KP9OtYktcvjOfGD1C_b0OHygs5G3W_nlHuiKM7So
2 > Host: conduit-api.bondaracademy.com
2 > Connection: Keep-Alive
2 > User-Agent: Apache-HttpClient/4.5.14 (Java/17.0.12)
2 > Accept-Encoding: gzip,deflate


21:05:30.483 [main] DEBUG com.intuit.karate - response time in milliseconds: 1334
2 < 200
2 < x-powered-by: Express
2 < vary: Origin
2 < content-type: application/json; charset=utf-8
2 < etag: W/"28e1-sDXYI8rUSfP3GGK97fjasWaQ/5A"
2 < x-cloud-trace-context: 9f0a064a73609af1615176e72f42b8cd
2 < date: Wed, 13 Aug 2025 02:05:30 GMT
2 < server: Google Frontend
2 < Content-Length: 10465
{"articles":[{"slug":"Creando-Articulo14-13186","title":"Creando Articulo14","description":"es una prueba14","body":"practicando Karate14","tagList":[],"createdAt":"2025-08-13T02:05:28.914Z","updatedAt":"2025-08-13T02:05:28.914Z","favorited":false,"favoritesCount":0,"author":{"username":"Alvariytomyg","bio":null,"image":"https://conduit-api.bondaracademy.com/images/smiley-cyrus.jpeg","following":false}},{"slug":"Creando-Articulo12-13186","title":"Creando Articulo12","description":"es una prueba12","body":"practicando Karate12","tagList":[],"createdAt":"2025-08-13T02:02:35.692Z","updatedAt":"2025-08-13T02:02:35.692Z","favorited":false,"favoritesCount":0,"author":{"username":"Alvariytomyg","bio":null,"image":"https://conduit-api.bondaracademy.com/images/smiley-cyrus.jpeg","following":false}},{"slug":"Probando-Articulo9-13186","title":"Probando Articulo9","description":"es una prueba9","body":"practicando Karate9","tagList":[],"createdAt":"2025-06-25T21:57:45.735Z","updatedAt":"2025-06-25T21:57:45.735Z","favorited":false,"favoritesCount":0,"author":{"username":"Alvariytomyg","bio":null,"image":"https://conduit-api.bondaracademy.com/images/smiley-cyrus.jpeg","following":false}},{"slug":"Probando-Articulo8-13186","title":"Probando Articulo8","description":"es una prueba8","body":"practicando Karate8","tagList":[],"createdAt":"2025-05-26T01:08:04.570Z","updatedAt":"2025-05-26T01:08:04.570Z","favorited":false,"favoritesCount":0,"author":{"username":"Alvariytomyg","bio":null,"image":"https://conduit-api.bondaracademy.com/images/smiley-cyrus.jpeg","following":false}},{"slug":"Probando-Articulo7-13186","title":"Probando Articulo7","description":"es una prueba7","body":"practicando Karate6","tagList":[],"createdAt":"2025-05-26T00:30:47.752Z","updatedAt":"2025-05-26T00:30:47.752Z","favorited":false,"favoritesCount":0,"author":{"username":"Alvariytomyg","bio":null,"image":"https://conduit-api.bondaracademy.com/images/smiley-cyrus.jpeg","following":false}},{"slug":"Probando-Articulo6-13186","title":"Probando Articulo6","description":"es una prueba6","body":"practicando Karate6","tagList":[],"createdAt":"2025-05-26T00:27:03.581Z","updatedAt":"2025-05-26T00:27:03.581Z","favorited":false,"favoritesCount":0,"author":{"username":"Alvariytomyg","bio":null,"image":"https://conduit-api.bondaracademy.com/images/smiley-cyrus.jpeg","following":false}},{"slug":"Discover-Bondar-Academy:-Your-Gateway-to-Efficient-Learning-1","title":"Discover Bondar Academy: Your Gateway to Efficient Learning","description":"Discover Bondar Academy's unique place in the educational landscape, where value-focused and efficient learning approaches converge. Our goal is to rapidly enhance your professional technical skills, boosting your market competitiveness and paving the way for higher-paying job opportunities. The speed of your progress is in your hands – you set the pace, and we provide the solutions and support to help you achieve your desired outcomes.","body":"Bondar Academy is a leading platform for efficient education, designed to boost your technical skills and advance your career in Quality Assurance (QA). Our program features a balanced mix of pre-recorded lectures and live sessions, allowing each student to study at their own pace and at a time that suits them. \n\nOur instructors are readily available on our Slack Workspace for support. Whether it's a quick question or a more complex issue requiring a Zoom call or Slack Huddle for screen sharing and live discussion, we're here to assist. Additionally, each class comes with a comprehensive question bank for self-assessment. Following each lecture, you have the opportunity to validate your understanding and readiness to progress to the next topic. You set the pace, and we provide the solutions to ensure you achieve your desired outcomes.\n\nSignUp today: https://www.bondaracademy.com","tagList":["qa career","Bondar Academy","QA Skills","Value-Focused"],"createdAt":"2024-01-27T21:52:32.682Z","updatedAt":"2024-01-27T21:52:32.682Z","favorited":false,"favoritesCount":732,"author":{"username":"Artem Bondar","bio":null,"image":"https://storage.googleapis.com/bondar-academy-visuals/Android.png","following":false}},{"slug":"The-value-of-pre-recorded-video-classes.-The-most-efficient-approach-to-tranfer-the-knowledge-1","title":"The value of pre-recorded video classes. The most efficient approach to tranfer the knowledge","description":"As educational practices evolve, video tutorials have emerged as the most efficient method for imparting theoretical knowledge. At Bondar Academy, we prioritize expertly structured and crafted video tutorials, ensuring you learn quickly and effectively and advance your skills.","body":"At Bondar Academy, we prioritize the value of your time and the efficiency of your education, distinguishing our approach from traditional colleges and live boot camps. Forget long, tedious live lectures on a fixed schedule. With us, you learn at your convenience and pace through optimized, structured video lectures. \n\nWe understand your goal is rapid knowledge acquisition. Our pre-recorded and well-organized lectures are designed precisely for this, ensuring no slowdowns from group dynamics or unrelated instructor anecdotes. \n\nDive straight into the subject matter, learn efficiently, and if questions arise, our immediate support on the Slack Workspace is there to streamline your learning process and swiftly remove any roadblocks.","tagList":["Bondar Academy","Video Lectures","Tutorials"],"createdAt":"2024-01-27T21:50:38.825Z","updatedAt":"2024-01-27T21:50:38.825Z","favorited":false,"favoritesCount":258,"author":{"username":"Artem Bondar","bio":null,"image":"https://storage.googleapis.com/bondar-academy-visuals/Android.png","following":false}},{"slug":"Mastering-Knowledge-with-Self-Assessments:-Identifying-and-Bridging-Learning-Gaps-in-Education-1","title":"Mastering Knowledge with Self-Assessments: Identifying and Bridging Learning Gaps in Education","description":"Self-assessment is an essential tool for gauging your understanding of lecture material. It answers critical questions: Have you grasped everything correctly? Is there anything you've missed? Are you prepared for the next lesson? These assessments ensure that you build a solid foundation of knowledge, confidently and efficiently paving the way for swift progress and effective learning outcomes.","body":"Traditional educational institutions, such as colleges and universities, commonly use tests and assessments to measure knowledge. This approach is effective for gauging student performance, but it's not without drawbacks. In these settings, assessments after every lecture aren't feasible due to the time required for teachers to evaluate them. This often leads to students having a false sense of understanding, believing they've comprehended all aspects of a lecture when, in reality, small but crucial details might be missed. These 'knowledge gaps' can accumulate, making more complex topics difficult to grasp later on.\n\nAt Bondar Academy, we address this challenge by implementing self-assessments after every lecture. These are designed to cover key questions that ensure a thorough understanding of the material, essential for comfort and success in future lectures. The number of questions varies, ranging from 3-4 to 15-20, depending on the lecture's significance and the volume of critical information. With these self-assessments, students receive immediate feedback, helping them determine if they've fully understood the lecture or if they need to revisit certain parts or seek assistance from our instructors in the Slack Workspace.","tagList":["Self-Assessment","Test","Exam"],"createdAt":"2024-01-27T21:48:36.340Z","updatedAt":"2024-01-27T21:48:36.340Z","favorited":false,"favoritesCount":67,"author":{"username":"Artem Bondar","bio":null,"image":"https://storage.googleapis.com/bondar-academy-visuals/Android.png","following":false}},{"slug":"Practical-Implementation-of-Skills:-Homework-Assignments-with-Instructor-Supervision-1","title":"Practical Implementation of Skills: Homework Assignments with Instructor Supervision","description":"Knowledge or skills not reinforced through practical exercises can quickly fade, often faster than anticipated. Homework, particularly in tasks like writing your own code, is crucial for honing these skills and cementing your understanding. At Bondar Academy, we ensure this vital step by assigning homework, rigorously evaluating the outcomes, and providing valuable feedback to guide your learning journey.","body":"Homework assignments are a fundamental component of the educational methodology at Bondar Academy, especially in technical education where learning a new programming language or framework is involved. The key to mastering these skills lies in writing code; the more you write, the better you become. However, merely replicating code seen in lectures leads to minimal learning. Often, this approach leaves students unclear about why their code works the way it does, as they focus on copying rather than understanding.\n\nA homework assignment at Bondar Academy starts with a blank page, challenging students to apply all their knowledge to write the first line of code. This process is more demanding than it appears. As you write each line, understanding and reasoning grow, making your code meaningful and comprehensible. You learn to write code that makes sense to you, enhancing your understanding.\n\nIn completing these assignments, you engage the 'thinking' part of your brain, transforming theoretical knowledge into practical skills. Recognizing the crucial role of homework in learning, our instructors at Bondar Academy are always available to assist with any challenges. Just reach out on Slack, and you'll receive the guidance and support needed for successful completion. At Bondar Academy, we fully understand the importance of homework assignments for the best outcome, so our instructors are always here to assist if you have any difficulties with completing them. Just ask in Slack and you'll be guided and assisted.","tagList":["Homework","Assignments","Practice","Coding"],"createdAt":"2024-01-27T21:46:09.512Z","updatedAt":"2024-01-27T21:46:09.512Z","favorited":false,"favoritesCount":37,"author":{"username":"Artem Bondar","bio":null,"image":"https://storage.googleapis.com/bondar-academy-visuals/Android.png","following":false}}],"articlesCount":16}

21:05:30.503 [main] DEBUG com.intuit.karate - request:
3 > DELETE https://conduit-api.bondaracademy.com/api/articles/Creando-Articulo14-13186
3 > Authorization: Token eyJhbGciOiJIUzI1NiIsInR5cCI6IkpXVCJ9.eyJ1c2VyIjp7ImlkIjoxMzE4Nn0sImlhdCI6MTc1NTA1MDcyOCwiZXhwIjoxNzYwMjM0NzI4fQ.m56KP9OtYktcvjOfGD1C_b0OHygs5G3W_nlHuiKM7So
3 > Host: conduit-api.bondaracademy.com
3 > Connection: Keep-Alive
3 > User-Agent: Apache-HttpClient/4.5.14 (Java/17.0.12)
3 > Accept-Encoding: gzip,deflate


21:05:31.256 [main] DEBUG com.intuit.karate - response time in milliseconds: 753
3 < 204
3 < x-powered-by: Express
3 < vary: Origin
3 < etag: W/"a-bAsFyilMr4Ra1hIU5PyoyFRunpI"
3 < x-cloud-trace-context: 7539b902ad7d99c6ce11d7a46d0e38e2
3 < date: Wed, 13 Aug 2025 02:05:31 GMT
3 < content-type: text/html
3 < server: Google Frontend


21:05:31.258 [main] DEBUG com.intuit.karate - request:
4 > GET https://conduit-api.bondaracademy.com/api/articles?limt=10&offset=0
4 > Authorization: Token eyJhbGciOiJIUzI1NiIsInR5cCI6IkpXVCJ9.eyJ1c2VyIjp7ImlkIjoxMzE4Nn0sImlhdCI6MTc1NTA1MDcyOCwiZXhwIjoxNzYwMjM0NzI4fQ.m56KP9OtYktcvjOfGD1C_b0OHygs5G3W_nlHuiKM7So
4 > Host: conduit-api.bondaracademy.com
4 > Connection: Keep-Alive
4 > User-Agent: Apache-HttpClient/4.5.14 (Java/17.0.12)
4 > Accept-Encoding: gzip,deflate


21:05:32.358 [main] DEBUG com.intuit.karate - response time in milliseconds: 1098
4 < 200
4 < x-powered-by: Express
4 < vary: Origin
4 < content-type: application/json; charset=utf-8
4 < etag: W/"2f9f-HlmeTHhAeDX8mmtUY49Dwao+xNo"
4 < x-cloud-trace-context: 2072d53df92a0301afccd91d362b7de8
4 < date: Wed, 13 Aug 2025 02:05:32 GMT
4 < server: Google Frontend
4 < Content-Length: 12191
{"articles":[{"slug":"Creando-Articulo12-13186","title":"Creando Articulo12","description":"es una prueba12","body":"practicando Karate12","tagList":[],"createdAt":"2025-08-13T02:02:35.692Z","updatedAt":"2025-08-13T02:02:35.692Z","favorited":false,"favoritesCount":0,"author":{"username":"Alvariytomyg","bio":null,"image":"https://conduit-api.bondaracademy.com/images/smiley-cyrus.jpeg","following":false}},{"slug":"Probando-Articulo9-13186","title":"Probando Articulo9","description":"es una prueba9","body":"practicando Karate9","tagList":[],"createdAt":"2025-06-25T21:57:45.735Z","updatedAt":"2025-06-25T21:57:45.735Z","favorited":false,"favoritesCount":0,"author":{"username":"Alvariytomyg","bio":null,"image":"https://conduit-api.bondaracademy.com/images/smiley-cyrus.jpeg","following":false}},{"slug":"Probando-Articulo8-13186","title":"Probando Articulo8","description":"es una prueba8","body":"practicando Karate8","tagList":[],"createdAt":"2025-05-26T01:08:04.570Z","updatedAt":"2025-05-26T01:08:04.570Z","favorited":false,"favoritesCount":0,"author":{"username":"Alvariytomyg","bio":null,"image":"https://conduit-api.bondaracademy.com/images/smiley-cyrus.jpeg","following":false}},{"slug":"Probando-Articulo7-13186","title":"Probando Articulo7","description":"es una prueba7","body":"practicando Karate6","tagList":[],"createdAt":"2025-05-26T00:30:47.752Z","updatedAt":"2025-05-26T00:30:47.752Z","favorited":false,"favoritesCount":0,"author":{"username":"Alvariytomyg","bio":null,"image":"https://conduit-api.bondaracademy.com/images/smiley-cyrus.jpeg","following":false}},{"slug":"Probando-Articulo6-13186","title":"Probando Articulo6","description":"es una prueba6","body":"practicando Karate6","tagList":[],"createdAt":"2025-05-26T00:27:03.581Z","updatedAt":"2025-05-26T00:27:03.581Z","favorited":false,"favoritesCount":0,"author":{"username":"Alvariytomyg","bio":null,"image":"https://conduit-api.bondaracademy.com/images/smiley-cyrus.jpeg","following":false}},{"slug":"Discover-Bondar-Academy:-Your-Gateway-to-Efficient-Learning-1","title":"Discover Bondar Academy: Your Gateway to Efficient Learning","description":"Discover Bondar Academy's unique place in the educational landscape, where value-focused and efficient learning approaches converge. Our goal is to rapidly enhance your professional technical skills, boosting your market competitiveness and paving the way for higher-paying job opportunities. The speed of your progress is in your hands – you set the pace, and we provide the solutions and support to help you achieve your desired outcomes.","body":"Bondar Academy is a leading platform for efficient education, designed to boost your technical skills and advance your career in Quality Assurance (QA). Our program features a balanced mix of pre-recorded lectures and live sessions, allowing each student to study at their own pace and at a time that suits them. \n\nOur instructors are readily available on our Slack Workspace for support. Whether it's a quick question or a more complex issue requiring a Zoom call or Slack Huddle for screen sharing and live discussion, we're here to assist. Additionally, each class comes with a comprehensive question bank for self-assessment. Following each lecture, you have the opportunity to validate your understanding and readiness to progress to the next topic. You set the pace, and we provide the solutions to ensure you achieve your desired outcomes.\n\nSignUp today: https://www.bondaracademy.com","tagList":["qa career","Bondar Academy","QA Skills","Value-Focused"],"createdAt":"2024-01-27T21:52:32.682Z","updatedAt":"2024-01-27T21:52:32.682Z","favorited":false,"favoritesCount":732,"author":{"username":"Artem Bondar","bio":null,"image":"https://storage.googleapis.com/bondar-academy-visuals/Android.png","following":false}},{"slug":"The-value-of-pre-recorded-video-classes.-The-most-efficient-approach-to-tranfer-the-knowledge-1","title":"The value of pre-recorded video classes. The most efficient approach to tranfer the knowledge","description":"As educational practices evolve, video tutorials have emerged as the most efficient method for imparting theoretical knowledge. At Bondar Academy, we prioritize expertly structured and crafted video tutorials, ensuring you learn quickly and effectively and advance your skills.","body":"At Bondar Academy, we prioritize the value of your time and the efficiency of your education, distinguishing our approach from traditional colleges and live boot camps. Forget long, tedious live lectures on a fixed schedule. With us, you learn at your convenience and pace through optimized, structured video lectures. \n\nWe understand your goal is rapid knowledge acquisition. Our pre-recorded and well-organized lectures are designed precisely for this, ensuring no slowdowns from group dynamics or unrelated instructor anecdotes. \n\nDive straight into the subject matter, learn efficiently, and if questions arise, our immediate support on the Slack Workspace is there to streamline your learning process and swiftly remove any roadblocks.","tagList":["Bondar Academy","Video Lectures","Tutorials"],"createdAt":"2024-01-27T21:50:38.825Z","updatedAt":"2024-01-27T21:50:38.825Z","favorited":false,"favoritesCount":258,"author":{"username":"Artem Bondar","bio":null,"image":"https://storage.googleapis.com/bondar-academy-visuals/Android.png","following":false}},{"slug":"Mastering-Knowledge-with-Self-Assessments:-Identifying-and-Bridging-Learning-Gaps-in-Education-1","title":"Mastering Knowledge with Self-Assessments: Identifying and Bridging Learning Gaps in Education","description":"Self-assessment is an essential tool for gauging your understanding of lecture material. It answers critical questions: Have you grasped everything correctly? Is there anything you've missed? Are you prepared for the next lesson? These assessments ensure that you build a solid foundation of knowledge, confidently and efficiently paving the way for swift progress and effective learning outcomes.","body":"Traditional educational institutions, such as colleges and universities, commonly use tests and assessments to measure knowledge. This approach is effective for gauging student performance, but it's not without drawbacks. In these settings, assessments after every lecture aren't feasible due to the time required for teachers to evaluate them. This often leads to students having a false sense of understanding, believing they've comprehended all aspects of a lecture when, in reality, small but crucial details might be missed. These 'knowledge gaps' can accumulate, making more complex topics difficult to grasp later on.\n\nAt Bondar Academy, we address this challenge by implementing self-assessments after every lecture. These are designed to cover key questions that ensure a thorough understanding of the material, essential for comfort and success in future lectures. The number of questions varies, ranging from 3-4 to 15-20, depending on the lecture's significance and the volume of critical information. With these self-assessments, students receive immediate feedback, helping them determine if they've fully understood the lecture or if they need to revisit certain parts or seek assistance from our instructors in the Slack Workspace.","tagList":["Self-Assessment","Test","Exam"],"createdAt":"2024-01-27T21:48:36.340Z","updatedAt":"2024-01-27T21:48:36.340Z","favorited":false,"favoritesCount":67,"author":{"username":"Artem Bondar","bio":null,"image":"https://storage.googleapis.com/bondar-academy-visuals/Android.png","following":false}},{"slug":"Practical-Implementation-of-Skills:-Homework-Assignments-with-Instructor-Supervision-1","title":"Practical Implementation of Skills: Homework Assignments with Instructor Supervision","description":"Knowledge or skills not reinforced through practical exercises can quickly fade, often faster than anticipated. Homework, particularly in tasks like writing your own code, is crucial for honing these skills and cementing your understanding. At Bondar Academy, we ensure this vital step by assigning homework, rigorously evaluating the outcomes, and providing valuable feedback to guide your learning journey.","body":"Homework assignments are a fundamental component of the educational methodology at Bondar Academy, especially in technical education where learning a new programming language or framework is involved. The key to mastering these skills lies in writing code; the more you write, the better you become. However, merely replicating code seen in lectures leads to minimal learning. Often, this approach leaves students unclear about why their code works the way it does, as they focus on copying rather than understanding.\n\nA homework assignment at Bondar Academy starts with a blank page, challenging students to apply all their knowledge to write the first line of code. This process is more demanding than it appears. As you write each line, understanding and reasoning grow, making your code meaningful and comprehensible. You learn to write code that makes sense to you, enhancing your understanding.\n\nIn completing these assignments, you engage the 'thinking' part of your brain, transforming theoretical knowledge into practical skills. Recognizing the crucial role of homework in learning, our instructors at Bondar Academy are always available to assist with any challenges. Just reach out on Slack, and you'll receive the guidance and support needed for successful completion. At Bondar Academy, we fully understand the importance of homework assignments for the best outcome, so our instructors are always here to assist if you have any difficulties with completing them. Just ask in Slack and you'll be guided and assisted.","tagList":["Homework","Assignments","Practice","Coding"],"createdAt":"2024-01-27T21:46:09.512Z","updatedAt":"2024-01-27T21:46:09.512Z","favorited":false,"favoritesCount":37,"author":{"username":"Artem Bondar","bio":null,"image":"https://storage.googleapis.com/bondar-academy-visuals/Android.png","following":false}},{"slug":"Embracing-Daily-Git-Routines:-Real-Code-Reviews-on-GitHub-for-Effective-Coding-Practice.-1","title":"Embracing Daily Git Routines: Real Code Reviews on GitHub for Effective Coding Practice.","description":"Learning to code is just one part of a larger skill set; effectively managing and organizing code is equally crucial. At Bondar Academy, we integrate Git and platforms like GitHub into the core learning cycle. With us, using Git becomes a regular routine, where organizing code in branches, storing it in remote repositories, and collaborating with others through strategies like branching, merging, pull requests, and code reviews are standard practice.","body":"At Bondar Academy, mastering Git and GitHub is a fundamental step before delving into frameworks or programming languages. Effective code management, organization, and storage are crucial skills, and Git is the premier tool for this purpose. However, many learners initially find Git challenging due to its complexity and non-intuitive nature. To address this, our instructors have developed structured lectures on Git and GitHub, ensuring an efficient and thorough understanding of these essential tools. Git lessons are a mandatory prerequisite in every class. For a glimpse into our teaching approach, visit our YouTube channel: https://www.youtube.com/@BondarAcademy/playlists.\n\nIn our courses, all homework assignments are reviewed using GitHub pull requests, mirroring the workflow in real-world software development environments. Students submit their code to their working branch for review. Our instructors then provide feedback, suggesting modifications or adjustments for pull request approval. This iterative process is repeated throughout the course, establishing Git usage as a natural and routine part of your coding practice.","tagList":["YouTube","Git","GitHub"],"createdAt":"2024-01-27T21:42:31.491Z","updatedAt":"2024-01-27T21:42:31.491Z","favorited":false,"favoritesCount":48,"author":{"username":"Artem Bondar","bio":null,"image":"https://storage.googleapis.com/bondar-academy-visuals/Android.png","following":false}}],"articlesCount":15}

21:24:40.785 [main] INFO  com.intuit.karate.Runner - using system property 'karate.options': --tags @debug
21:24:40.835 [main] INFO  com.intuit.karate.Runner - using system property 'karate.env': qa
21:24:40.995 [main] DEBUG com.intuit.karate.Suite - [config] classpath:karate-config.js
21:24:41.540 [main] INFO  com.intuit.karate - karate.env system property was: qa 
21:24:41.543 [main] INFO  com.intuit.karate - >> lock acquired, begin callSingle: classpath:helpers/CreateToken.feature
21:24:41.738 [main] DEBUG com.intuit.karate - request:
1 > POST https://conduit-api.bondaracademy.com/api/users/login
1 > Content-Type: application/json; charset=UTF-8
1 > Content-Length: 66
1 > Host: conduit-api.bondaracademy.com
1 > Connection: Keep-Alive
1 > User-Agent: Apache-HttpClient/4.5.14 (Java/17.0.12)
1 > Accept-Encoding: gzip,deflate
{"user":{"email":"pruebakarate26@test.com","password":"12345alv"}}

21:24:44.804 [main] DEBUG com.intuit.karate - response time in milliseconds: 3065
1 < 200
1 < x-powered-by: Express
1 < vary: Origin
1 < content-type: application/json; charset=utf-8
1 < etag: W/"142-2HKutJXeUd+3610hMS4JjTs4jXg"
1 < x-cloud-trace-context: 734d71ac86d87a50dc63b7abfddc2f41;o=1
1 < date: Wed, 13 Aug 2025 02:24:44 GMT
1 < server: Google Frontend
1 < Content-Length: 322
{"user":{"email":"pruebakarate26@test.com","username":"Alvariytomyg12","bio":null,"image":"https://conduit-api.bondaracademy.com/images/smiley-cyrus.jpeg","token":"eyJhbGciOiJIUzI1NiIsInR5cCI6IkpXVCJ9.eyJ1c2VyIjp7ImlkIjozMTc4N30sImlhdCI6MTc1NTA1MTg4NCwiZXhwIjoxNzYwMjM1ODg0fQ.hfqk1gt8SsYJh9A9MW7fy3XNoEsBwKFX-piQJV7XCSw"}}

21:24:44.808 [main] INFO  com.intuit.karate - << lock released, cached callSingle: classpath:helpers/CreateToken.feature
21:24:44.813 [main] DEBUG com.intuit.karate - request:
1 > POST https://conduit-api.bondaracademy.com/api/articles
1 > Authorization: Token eyJhbGciOiJIUzI1NiIsInR5cCI6IkpXVCJ9.eyJ1c2VyIjp7ImlkIjozMTc4N30sImlhdCI6MTc1NTA1MTg4NCwiZXhwIjoxNzYwMjM1ODg0fQ.hfqk1gt8SsYJh9A9MW7fy3XNoEsBwKFX-piQJV7XCSw
1 > Content-Type: application/json; charset=UTF-8
1 > Content-Length: 117
1 > Host: conduit-api.bondaracademy.com
1 > Connection: Keep-Alive
1 > User-Agent: Apache-HttpClient/4.5.14 (Java/17.0.12)
1 > Accept-Encoding: gzip,deflate
{"article":{"title":"Creando Articulo14","description":"es una prueba14","body":"practicando Karate14","tagList":[]}}

21:24:45.807 [main] DEBUG com.intuit.karate - response time in milliseconds: 992
1 < 201
1 < x-powered-by: Express
1 < vary: Origin
1 < content-type: application/json; charset=utf-8
1 < etag: W/"197-fh7rU6ES4HxFoVRu18mhRVirydg"
1 < x-cloud-trace-context: fc5f2cd9de1069322d98d5f87d7f10e6
1 < date: Wed, 13 Aug 2025 02:24:45 GMT
1 < server: Google Frontend
1 < Content-Length: 407
{"article":{"slug":"Creando-Articulo14-31787","title":"Creando Articulo14","description":"es una prueba14","body":"practicando Karate14","tagList":[],"createdAt":"2025-08-13T02:24:45.393Z","updatedAt":"2025-08-13T02:24:45.393Z","favorited":false,"favoritesCount":0,"author":{"username":"Alvariytomyg12","bio":null,"image":"https://conduit-api.bondaracademy.com/images/smiley-cyrus.jpeg","following":false}}}

21:24:45.811 [main] DEBUG com.intuit.karate - request:
2 > GET https://conduit-api.bondaracademy.com/api/articles?limt=10&offset=0
2 > Authorization: Token eyJhbGciOiJIUzI1NiIsInR5cCI6IkpXVCJ9.eyJ1c2VyIjp7ImlkIjozMTc4N30sImlhdCI6MTc1NTA1MTg4NCwiZXhwIjoxNzYwMjM1ODg0fQ.hfqk1gt8SsYJh9A9MW7fy3XNoEsBwKFX-piQJV7XCSw
2 > Host: conduit-api.bondaracademy.com
2 > Connection: Keep-Alive
2 > User-Agent: Apache-HttpClient/4.5.14 (Java/17.0.12)
2 > Accept-Encoding: gzip,deflate


21:24:47.548 [main] DEBUG com.intuit.karate - response time in milliseconds: 1734
2 < 200
2 < x-powered-by: Express
2 < vary: Origin
2 < content-type: application/json; charset=utf-8
2 < etag: W/"3bba-wV2O5tc96jumFLg6DDoqVIwfZRE"
2 < x-cloud-trace-context: fba1e93dd745abca1a9a0c5570cf06ae
2 < date: Wed, 13 Aug 2025 02:24:47 GMT
2 < server: Google Frontend
2 < Content-Length: 15290
{"articles":[{"slug":"Creando-Articulo14-31787","title":"Creando Articulo14","description":"es una prueba14","body":"practicando Karate14","tagList":[],"createdAt":"2025-08-13T02:24:45.393Z","updatedAt":"2025-08-13T02:24:45.393Z","favorited":false,"favoritesCount":0,"author":{"username":"Alvariytomyg12","bio":null,"image":"https://conduit-api.bondaracademy.com/images/smiley-cyrus.jpeg","following":false}},{"slug":"Creando-Articulo-de-prueba-31787","title":"Creando Articulo de prueba","description":"Test","body":"Es una prueba para validar la creación de un articulo nuevo","tagList":["Test"],"createdAt":"2025-08-13T01:28:26.300Z","updatedAt":"2025-08-13T01:28:26.300Z","favorited":false,"favoritesCount":0,"author":{"username":"Alvariytomyg12","bio":null,"image":"https://conduit-api.bondaracademy.com/images/smiley-cyrus.jpeg","following":false}},{"slug":"Discover-Bondar-Academy:-Your-Gateway-to-Efficient-Learning-1","title":"Discover Bondar Academy: Your Gateway to Efficient Learning","description":"Discover Bondar Academy's unique place in the educational landscape, where value-focused and efficient learning approaches converge. Our goal is to rapidly enhance your professional technical skills, boosting your market competitiveness and paving the way for higher-paying job opportunities. The speed of your progress is in your hands – you set the pace, and we provide the solutions and support to help you achieve your desired outcomes.","body":"Bondar Academy is a leading platform for efficient education, designed to boost your technical skills and advance your career in Quality Assurance (QA). Our program features a balanced mix of pre-recorded lectures and live sessions, allowing each student to study at their own pace and at a time that suits them. \n\nOur instructors are readily available on our Slack Workspace for support. Whether it's a quick question or a more complex issue requiring a Zoom call or Slack Huddle for screen sharing and live discussion, we're here to assist. Additionally, each class comes with a comprehensive question bank for self-assessment. Following each lecture, you have the opportunity to validate your understanding and readiness to progress to the next topic. You set the pace, and we provide the solutions to ensure you achieve your desired outcomes.\n\nSignUp today: https://www.bondaracademy.com","tagList":["qa career","Bondar Academy","QA Skills","Value-Focused"],"createdAt":"2024-01-27T21:52:32.682Z","updatedAt":"2024-01-27T21:52:32.682Z","favorited":false,"favoritesCount":732,"author":{"username":"Artem Bondar","bio":null,"image":"https://storage.googleapis.com/bondar-academy-visuals/Android.png","following":false}},{"slug":"The-value-of-pre-recorded-video-classes.-The-most-efficient-approach-to-tranfer-the-knowledge-1","title":"The value of pre-recorded video classes. The most efficient approach to tranfer the knowledge","description":"As educational practices evolve, video tutorials have emerged as the most efficient method for imparting theoretical knowledge. At Bondar Academy, we prioritize expertly structured and crafted video tutorials, ensuring you learn quickly and effectively and advance your skills.","body":"At Bondar Academy, we prioritize the value of your time and the efficiency of your education, distinguishing our approach from traditional colleges and live boot camps. Forget long, tedious live lectures on a fixed schedule. With us, you learn at your convenience and pace through optimized, structured video lectures. \n\nWe understand your goal is rapid knowledge acquisition. Our pre-recorded and well-organized lectures are designed precisely for this, ensuring no slowdowns from group dynamics or unrelated instructor anecdotes. \n\nDive straight into the subject matter, learn efficiently, and if questions arise, our immediate support on the Slack Workspace is there to streamline your learning process and swiftly remove any roadblocks.","tagList":["Bondar Academy","Video Lectures","Tutorials"],"createdAt":"2024-01-27T21:50:38.825Z","updatedAt":"2024-01-27T21:50:38.825Z","favorited":false,"favoritesCount":258,"author":{"username":"Artem Bondar","bio":null,"image":"https://storage.googleapis.com/bondar-academy-visuals/Android.png","following":false}},{"slug":"Mastering-Knowledge-with-Self-Assessments:-Identifying-and-Bridging-Learning-Gaps-in-Education-1","title":"Mastering Knowledge with Self-Assessments: Identifying and Bridging Learning Gaps in Education","description":"Self-assessment is an essential tool for gauging your understanding of lecture material. It answers critical questions: Have you grasped everything correctly? Is there anything you've missed? Are you prepared for the next lesson? These assessments ensure that you build a solid foundation of knowledge, confidently and efficiently paving the way for swift progress and effective learning outcomes.","body":"Traditional educational institutions, such as colleges and universities, commonly use tests and assessments to measure knowledge. This approach is effective for gauging student performance, but it's not without drawbacks. In these settings, assessments after every lecture aren't feasible due to the time required for teachers to evaluate them. This often leads to students having a false sense of understanding, believing they've comprehended all aspects of a lecture when, in reality, small but crucial details might be missed. These 'knowledge gaps' can accumulate, making more complex topics difficult to grasp later on.\n\nAt Bondar Academy, we address this challenge by implementing self-assessments after every lecture. These are designed to cover key questions that ensure a thorough understanding of the material, essential for comfort and success in future lectures. The number of questions varies, ranging from 3-4 to 15-20, depending on the lecture's significance and the volume of critical information. With these self-assessments, students receive immediate feedback, helping them determine if they've fully understood the lecture or if they need to revisit certain parts or seek assistance from our instructors in the Slack Workspace.","tagList":["Self-Assessment","Test","Exam"],"createdAt":"2024-01-27T21:48:36.340Z","updatedAt":"2024-01-27T21:48:36.340Z","favorited":false,"favoritesCount":67,"author":{"username":"Artem Bondar","bio":null,"image":"https://storage.googleapis.com/bondar-academy-visuals/Android.png","following":false}},{"slug":"Practical-Implementation-of-Skills:-Homework-Assignments-with-Instructor-Supervision-1","title":"Practical Implementation of Skills: Homework Assignments with Instructor Supervision","description":"Knowledge or skills not reinforced through practical exercises can quickly fade, often faster than anticipated. Homework, particularly in tasks like writing your own code, is crucial for honing these skills and cementing your understanding. At Bondar Academy, we ensure this vital step by assigning homework, rigorously evaluating the outcomes, and providing valuable feedback to guide your learning journey.","body":"Homework assignments are a fundamental component of the educational methodology at Bondar Academy, especially in technical education where learning a new programming language or framework is involved. The key to mastering these skills lies in writing code; the more you write, the better you become. However, merely replicating code seen in lectures leads to minimal learning. Often, this approach leaves students unclear about why their code works the way it does, as they focus on copying rather than understanding.\n\nA homework assignment at Bondar Academy starts with a blank page, challenging students to apply all their knowledge to write the first line of code. This process is more demanding than it appears. As you write each line, understanding and reasoning grow, making your code meaningful and comprehensible. You learn to write code that makes sense to you, enhancing your understanding.\n\nIn completing these assignments, you engage the 'thinking' part of your brain, transforming theoretical knowledge into practical skills. Recognizing the crucial role of homework in learning, our instructors at Bondar Academy are always available to assist with any challenges. Just reach out on Slack, and you'll receive the guidance and support needed for successful completion. At Bondar Academy, we fully understand the importance of homework assignments for the best outcome, so our instructors are always here to assist if you have any difficulties with completing them. Just ask in Slack and you'll be guided and assisted.","tagList":["Homework","Assignments","Practice","Coding"],"createdAt":"2024-01-27T21:46:09.512Z","updatedAt":"2024-01-27T21:46:09.512Z","favorited":false,"favoritesCount":37,"author":{"username":"Artem Bondar","bio":null,"image":"https://storage.googleapis.com/bondar-academy-visuals/Android.png","following":false}},{"slug":"Embracing-Daily-Git-Routines:-Real-Code-Reviews-on-GitHub-for-Effective-Coding-Practice.-1","title":"Embracing Daily Git Routines: Real Code Reviews on GitHub for Effective Coding Practice.","description":"Learning to code is just one part of a larger skill set; effectively managing and organizing code is equally crucial. At Bondar Academy, we integrate Git and platforms like GitHub into the core learning cycle. With us, using Git becomes a regular routine, where organizing code in branches, storing it in remote repositories, and collaborating with others through strategies like branching, merging, pull requests, and code reviews are standard practice.","body":"At Bondar Academy, mastering Git and GitHub is a fundamental step before delving into frameworks or programming languages. Effective code management, organization, and storage are crucial skills, and Git is the premier tool for this purpose. However, many learners initially find Git challenging due to its complexity and non-intuitive nature. To address this, our instructors have developed structured lectures on Git and GitHub, ensuring an efficient and thorough understanding of these essential tools. Git lessons are a mandatory prerequisite in every class. For a glimpse into our teaching approach, visit our YouTube channel: https://www.youtube.com/@BondarAcademy/playlists.\n\nIn our courses, all homework assignments are reviewed using GitHub pull requests, mirroring the workflow in real-world software development environments. Students submit their code to their working branch for review. Our instructors then provide feedback, suggesting modifications or adjustments for pull request approval. This iterative process is repeated throughout the course, establishing Git usage as a natural and routine part of your coding practice.","tagList":["YouTube","Git","GitHub"],"createdAt":"2024-01-27T21:42:31.491Z","updatedAt":"2024-01-27T21:42:31.491Z","favorited":false,"favoritesCount":48,"author":{"username":"Artem Bondar","bio":null,"image":"https://storage.googleapis.com/bondar-academy-visuals/Android.png","following":false}},{"slug":"Engaging-in-Live-Zoom-Sessions:-Interact-with-Instructors-and-Peers-Ask-Questions-in-Real-Time-1","title":"Engaging in Live Zoom Sessions: Interact with Instructors and Peers, Ask Questions in Real-Time","description":"In our increasingly online world, personal engagement remains a crucial element of effective learning. At Bondar Academy, we address this by hosting live Zoom sessions. These sessions provide a platform for live interaction between instructors and students, and among students themselves. Complementing our Slack channel, these live sessions offer an additional avenue for asking questions and engaging in meaningful discussions.","body":"In our increasingly online world, personal engagement remains a crucial element of effective learning. \nAt Bondar Academy, we address this by hosting live Zoom sessions. These sessions provide a platform for live interaction between instructors and students and among students themselves. Complementing our Slack channel, these live sessions offer an additional avenue for asking questions and engaging in meaningful discussions.","tagList":["Zoom","Live Sessions"],"createdAt":"2024-01-27T21:39:50.587Z","updatedAt":"2024-01-27T21:39:50.587Z","favorited":false,"favoritesCount":22,"author":{"username":"Artem Bondar","bio":null,"image":"https://storage.googleapis.com/bondar-academy-visuals/Android.png","following":false}},{"slug":"Utilizing-Slack-for-Continuous-Engagement:-Connect-with-Instructors-Share-Insights-and-Collaborate-1","title":"Utilizing Slack for Continuous Engagement: Connect with Instructors, Share Insights, and Collaborate","description":"Slack stands out as a widely-used messaging and collaboration platform, celebrated for its convenience and versatility. It enables simultaneous participation in multiple conversations, supports comments and emoji reactions, and allows users to share screenshots, videos, and code snippets. Its functionality extends to making calls in huddle sessions. Given these robust features, Bondar Academy has chosen Slack as our primary communication platform, facilitating seamless interaction and collaboration.","body":"As a new member of Bondar Academy, one of your initial steps should be registering for the Bondar Academy Slack Workspace. Upon registration at Bondar Academy, you'll receive a welcome email containing the URL to join. This Workspace serves as a central hub for communication with instructors and fellow students. Whether you have a question, need to share code, or want to upload screenshots, Slack makes it easy and efficient. Moreover, its compatibility with both desktop and mobile devices, by downloading and installing the app, ensures you can stay connected with your instructors and the community wherever you go.","tagList":["Slack","Community","Collaboration"],"createdAt":"2024-01-27T21:38:27.992Z","updatedAt":"2024-01-27T21:38:27.992Z","favorited":false,"favoritesCount":21,"author":{"username":"Artem Bondar","bio":null,"image":"https://storage.googleapis.com/bondar-academy-visuals/Android.png","following":false}},{"slug":"Stay-Ahead-with-Bondar-Academy:-Subscribe-to-Our-YouTube-channel-for-Latest-Tech-and-Education-Updates-1","title":"Stay Ahead with Bondar Academy: Subscribe to Our YouTube channel for Latest Tech and Education Updates","description":"Who doesn't appreciate high-quality free resources? YouTube serves as an ideal platform for sharing the latest news, updates, and a wealth of tips and tricks in test automation and technology. Keep abreast of these invaluable insights by subscribing to the @bondaracademy YouTube channel.","body":"Who doesn't appreciate high-quality free resources? \n\nYouTube serves as an ideal platform for sharing the latest news, updates, and a wealth of tips and tricks in test automation and technology. \n\nKeep abreast of these invaluable insights by subscribing to our YouTube channel: https://www.youtube.com/@bondaracademy","tagList":["YouTube"],"createdAt":"2024-01-27T21:36:32.360Z","updatedAt":"2024-01-27T21:36:32.360Z","favorited":false,"favoritesCount":20,"author":{"username":"Artem Bondar","bio":null,"image":"https://storage.googleapis.com/bondar-academy-visuals/Android.png","following":false}}],"articlesCount":12}

21:24:47.568 [main] DEBUG com.intuit.karate - request:
3 > DELETE https://conduit-api.bondaracademy.com/api/articles/Creando-Articulo14-31787
3 > Authorization: Token eyJhbGciOiJIUzI1NiIsInR5cCI6IkpXVCJ9.eyJ1c2VyIjp7ImlkIjozMTc4N30sImlhdCI6MTc1NTA1MTg4NCwiZXhwIjoxNzYwMjM1ODg0fQ.hfqk1gt8SsYJh9A9MW7fy3XNoEsBwKFX-piQJV7XCSw
3 > Host: conduit-api.bondaracademy.com
3 > Connection: Keep-Alive
3 > User-Agent: Apache-HttpClient/4.5.14 (Java/17.0.12)
3 > Accept-Encoding: gzip,deflate


21:24:48.301 [main] DEBUG com.intuit.karate - response time in milliseconds: 732
3 < 204
3 < x-powered-by: Express
3 < vary: Origin
3 < etag: W/"a-bAsFyilMr4Ra1hIU5PyoyFRunpI"
3 < x-cloud-trace-context: 895d333ccf4c26ef11f4d43c20781a4c
3 < date: Wed, 13 Aug 2025 02:24:48 GMT
3 < content-type: text/html
3 < server: Google Frontend


21:24:48.303 [main] DEBUG com.intuit.karate - request:
4 > GET https://conduit-api.bondaracademy.com/api/articles?limt=10&offset=0
4 > Authorization: Token eyJhbGciOiJIUzI1NiIsInR5cCI6IkpXVCJ9.eyJ1c2VyIjp7ImlkIjozMTc4N30sImlhdCI6MTc1NTA1MTg4NCwiZXhwIjoxNzYwMjM1ODg0fQ.hfqk1gt8SsYJh9A9MW7fy3XNoEsBwKFX-piQJV7XCSw
4 > Host: conduit-api.bondaracademy.com
4 > Connection: Keep-Alive
4 > User-Agent: Apache-HttpClient/4.5.14 (Java/17.0.12)
4 > Accept-Encoding: gzip,deflate


21:24:49.524 [main] DEBUG com.intuit.karate - response time in milliseconds: 1219
4 < 200
4 < x-powered-by: Express
4 < vary: Origin
4 < content-type: application/json; charset=utf-8
4 < etag: W/"4001-9R3mBYW3zM8yaDsx3/9weZmpPXk"
4 < x-cloud-trace-context: b2b24e2c810c19355436d6e185dda981
4 < date: Wed, 13 Aug 2025 02:24:49 GMT
4 < server: Google Frontend
4 < Content-Length: 16385
{"articles":[{"slug":"Creando-Articulo-de-prueba-31787","title":"Creando Articulo de prueba","description":"Test","body":"Es una prueba para validar la creación de un articulo nuevo","tagList":["Test"],"createdAt":"2025-08-13T01:28:26.300Z","updatedAt":"2025-08-13T01:28:26.300Z","favorited":false,"favoritesCount":0,"author":{"username":"Alvariytomyg12","bio":null,"image":"https://conduit-api.bondaracademy.com/images/smiley-cyrus.jpeg","following":false}},{"slug":"Discover-Bondar-Academy:-Your-Gateway-to-Efficient-Learning-1","title":"Discover Bondar Academy: Your Gateway to Efficient Learning","description":"Discover Bondar Academy's unique place in the educational landscape, where value-focused and efficient learning approaches converge. Our goal is to rapidly enhance your professional technical skills, boosting your market competitiveness and paving the way for higher-paying job opportunities. The speed of your progress is in your hands – you set the pace, and we provide the solutions and support to help you achieve your desired outcomes.","body":"Bondar Academy is a leading platform for efficient education, designed to boost your technical skills and advance your career in Quality Assurance (QA). Our program features a balanced mix of pre-recorded lectures and live sessions, allowing each student to study at their own pace and at a time that suits them. \n\nOur instructors are readily available on our Slack Workspace for support. Whether it's a quick question or a more complex issue requiring a Zoom call or Slack Huddle for screen sharing and live discussion, we're here to assist. Additionally, each class comes with a comprehensive question bank for self-assessment. Following each lecture, you have the opportunity to validate your understanding and readiness to progress to the next topic. You set the pace, and we provide the solutions to ensure you achieve your desired outcomes.\n\nSignUp today: https://www.bondaracademy.com","tagList":["qa career","Bondar Academy","QA Skills","Value-Focused"],"createdAt":"2024-01-27T21:52:32.682Z","updatedAt":"2024-01-27T21:52:32.682Z","favorited":false,"favoritesCount":732,"author":{"username":"Artem Bondar","bio":null,"image":"https://storage.googleapis.com/bondar-academy-visuals/Android.png","following":false}},{"slug":"The-value-of-pre-recorded-video-classes.-The-most-efficient-approach-to-tranfer-the-knowledge-1","title":"The value of pre-recorded video classes. The most efficient approach to tranfer the knowledge","description":"As educational practices evolve, video tutorials have emerged as the most efficient method for imparting theoretical knowledge. At Bondar Academy, we prioritize expertly structured and crafted video tutorials, ensuring you learn quickly and effectively and advance your skills.","body":"At Bondar Academy, we prioritize the value of your time and the efficiency of your education, distinguishing our approach from traditional colleges and live boot camps. Forget long, tedious live lectures on a fixed schedule. With us, you learn at your convenience and pace through optimized, structured video lectures. \n\nWe understand your goal is rapid knowledge acquisition. Our pre-recorded and well-organized lectures are designed precisely for this, ensuring no slowdowns from group dynamics or unrelated instructor anecdotes. \n\nDive straight into the subject matter, learn efficiently, and if questions arise, our immediate support on the Slack Workspace is there to streamline your learning process and swiftly remove any roadblocks.","tagList":["Bondar Academy","Video Lectures","Tutorials"],"createdAt":"2024-01-27T21:50:38.825Z","updatedAt":"2024-01-27T21:50:38.825Z","favorited":false,"favoritesCount":258,"author":{"username":"Artem Bondar","bio":null,"image":"https://storage.googleapis.com/bondar-academy-visuals/Android.png","following":false}},{"slug":"Mastering-Knowledge-with-Self-Assessments:-Identifying-and-Bridging-Learning-Gaps-in-Education-1","title":"Mastering Knowledge with Self-Assessments: Identifying and Bridging Learning Gaps in Education","description":"Self-assessment is an essential tool for gauging your understanding of lecture material. It answers critical questions: Have you grasped everything correctly? Is there anything you've missed? Are you prepared for the next lesson? These assessments ensure that you build a solid foundation of knowledge, confidently and efficiently paving the way for swift progress and effective learning outcomes.","body":"Traditional educational institutions, such as colleges and universities, commonly use tests and assessments to measure knowledge. This approach is effective for gauging student performance, but it's not without drawbacks. In these settings, assessments after every lecture aren't feasible due to the time required for teachers to evaluate them. This often leads to students having a false sense of understanding, believing they've comprehended all aspects of a lecture when, in reality, small but crucial details might be missed. These 'knowledge gaps' can accumulate, making more complex topics difficult to grasp later on.\n\nAt Bondar Academy, we address this challenge by implementing self-assessments after every lecture. These are designed to cover key questions that ensure a thorough understanding of the material, essential for comfort and success in future lectures. The number of questions varies, ranging from 3-4 to 15-20, depending on the lecture's significance and the volume of critical information. With these self-assessments, students receive immediate feedback, helping them determine if they've fully understood the lecture or if they need to revisit certain parts or seek assistance from our instructors in the Slack Workspace.","tagList":["Self-Assessment","Test","Exam"],"createdAt":"2024-01-27T21:48:36.340Z","updatedAt":"2024-01-27T21:48:36.340Z","favorited":false,"favoritesCount":67,"author":{"username":"Artem Bondar","bio":null,"image":"https://storage.googleapis.com/bondar-academy-visuals/Android.png","following":false}},{"slug":"Practical-Implementation-of-Skills:-Homework-Assignments-with-Instructor-Supervision-1","title":"Practical Implementation of Skills: Homework Assignments with Instructor Supervision","description":"Knowledge or skills not reinforced through practical exercises can quickly fade, often faster than anticipated. Homework, particularly in tasks like writing your own code, is crucial for honing these skills and cementing your understanding. At Bondar Academy, we ensure this vital step by assigning homework, rigorously evaluating the outcomes, and providing valuable feedback to guide your learning journey.","body":"Homework assignments are a fundamental component of the educational methodology at Bondar Academy, especially in technical education where learning a new programming language or framework is involved. The key to mastering these skills lies in writing code; the more you write, the better you become. However, merely replicating code seen in lectures leads to minimal learning. Often, this approach leaves students unclear about why their code works the way it does, as they focus on copying rather than understanding.\n\nA homework assignment at Bondar Academy starts with a blank page, challenging students to apply all their knowledge to write the first line of code. This process is more demanding than it appears. As you write each line, understanding and reasoning grow, making your code meaningful and comprehensible. You learn to write code that makes sense to you, enhancing your understanding.\n\nIn completing these assignments, you engage the 'thinking' part of your brain, transforming theoretical knowledge into practical skills. Recognizing the crucial role of homework in learning, our instructors at Bondar Academy are always available to assist with any challenges. Just reach out on Slack, and you'll receive the guidance and support needed for successful completion. At Bondar Academy, we fully understand the importance of homework assignments for the best outcome, so our instructors are always here to assist if you have any difficulties with completing them. Just ask in Slack and you'll be guided and assisted.","tagList":["Homework","Assignments","Practice","Coding"],"createdAt":"2024-01-27T21:46:09.512Z","updatedAt":"2024-01-27T21:46:09.512Z","favorited":false,"favoritesCount":37,"author":{"username":"Artem Bondar","bio":null,"image":"https://storage.googleapis.com/bondar-academy-visuals/Android.png","following":false}},{"slug":"Embracing-Daily-Git-Routines:-Real-Code-Reviews-on-GitHub-for-Effective-Coding-Practice.-1","title":"Embracing Daily Git Routines: Real Code Reviews on GitHub for Effective Coding Practice.","description":"Learning to code is just one part of a larger skill set; effectively managing and organizing code is equally crucial. At Bondar Academy, we integrate Git and platforms like GitHub into the core learning cycle. With us, using Git becomes a regular routine, where organizing code in branches, storing it in remote repositories, and collaborating with others through strategies like branching, merging, pull requests, and code reviews are standard practice.","body":"At Bondar Academy, mastering Git and GitHub is a fundamental step before delving into frameworks or programming languages. Effective code management, organization, and storage are crucial skills, and Git is the premier tool for this purpose. However, many learners initially find Git challenging due to its complexity and non-intuitive nature. To address this, our instructors have developed structured lectures on Git and GitHub, ensuring an efficient and thorough understanding of these essential tools. Git lessons are a mandatory prerequisite in every class. For a glimpse into our teaching approach, visit our YouTube channel: https://www.youtube.com/@BondarAcademy/playlists.\n\nIn our courses, all homework assignments are reviewed using GitHub pull requests, mirroring the workflow in real-world software development environments. Students submit their code to their working branch for review. Our instructors then provide feedback, suggesting modifications or adjustments for pull request approval. This iterative process is repeated throughout the course, establishing Git usage as a natural and routine part of your coding practice.","tagList":["YouTube","Git","GitHub"],"createdAt":"2024-01-27T21:42:31.491Z","updatedAt":"2024-01-27T21:42:31.491Z","favorited":false,"favoritesCount":48,"author":{"username":"Artem Bondar","bio":null,"image":"https://storage.googleapis.com/bondar-academy-visuals/Android.png","following":false}},{"slug":"Engaging-in-Live-Zoom-Sessions:-Interact-with-Instructors-and-Peers-Ask-Questions-in-Real-Time-1","title":"Engaging in Live Zoom Sessions: Interact with Instructors and Peers, Ask Questions in Real-Time","description":"In our increasingly online world, personal engagement remains a crucial element of effective learning. At Bondar Academy, we address this by hosting live Zoom sessions. These sessions provide a platform for live interaction between instructors and students, and among students themselves. Complementing our Slack channel, these live sessions offer an additional avenue for asking questions and engaging in meaningful discussions.","body":"In our increasingly online world, personal engagement remains a crucial element of effective learning. \nAt Bondar Academy, we address this by hosting live Zoom sessions. These sessions provide a platform for live interaction between instructors and students and among students themselves. Complementing our Slack channel, these live sessions offer an additional avenue for asking questions and engaging in meaningful discussions.","tagList":["Zoom","Live Sessions"],"createdAt":"2024-01-27T21:39:50.587Z","updatedAt":"2024-01-27T21:39:50.587Z","favorited":false,"favoritesCount":22,"author":{"username":"Artem Bondar","bio":null,"image":"https://storage.googleapis.com/bondar-academy-visuals/Android.png","following":false}},{"slug":"Utilizing-Slack-for-Continuous-Engagement:-Connect-with-Instructors-Share-Insights-and-Collaborate-1","title":"Utilizing Slack for Continuous Engagement: Connect with Instructors, Share Insights, and Collaborate","description":"Slack stands out as a widely-used messaging and collaboration platform, celebrated for its convenience and versatility. It enables simultaneous participation in multiple conversations, supports comments and emoji reactions, and allows users to share screenshots, videos, and code snippets. Its functionality extends to making calls in huddle sessions. Given these robust features, Bondar Academy has chosen Slack as our primary communication platform, facilitating seamless interaction and collaboration.","body":"As a new member of Bondar Academy, one of your initial steps should be registering for the Bondar Academy Slack Workspace. Upon registration at Bondar Academy, you'll receive a welcome email containing the URL to join. This Workspace serves as a central hub for communication with instructors and fellow students. Whether you have a question, need to share code, or want to upload screenshots, Slack makes it easy and efficient. Moreover, its compatibility with both desktop and mobile devices, by downloading and installing the app, ensures you can stay connected with your instructors and the community wherever you go.","tagList":["Slack","Community","Collaboration"],"createdAt":"2024-01-27T21:38:27.992Z","updatedAt":"2024-01-27T21:38:27.992Z","favorited":false,"favoritesCount":21,"author":{"username":"Artem Bondar","bio":null,"image":"https://storage.googleapis.com/bondar-academy-visuals/Android.png","following":false}},{"slug":"Stay-Ahead-with-Bondar-Academy:-Subscribe-to-Our-YouTube-channel-for-Latest-Tech-and-Education-Updates-1","title":"Stay Ahead with Bondar Academy: Subscribe to Our YouTube channel for Latest Tech and Education Updates","description":"Who doesn't appreciate high-quality free resources? YouTube serves as an ideal platform for sharing the latest news, updates, and a wealth of tips and tricks in test automation and technology. Keep abreast of these invaluable insights by subscribing to the @bondaracademy YouTube channel.","body":"Who doesn't appreciate high-quality free resources? \n\nYouTube serves as an ideal platform for sharing the latest news, updates, and a wealth of tips and tricks in test automation and technology. \n\nKeep abreast of these invaluable insights by subscribing to our YouTube channel: https://www.youtube.com/@bondaracademy","tagList":["YouTube"],"createdAt":"2024-01-27T21:36:32.360Z","updatedAt":"2024-01-27T21:36:32.360Z","favorited":false,"favoritesCount":20,"author":{"username":"Artem Bondar","bio":null,"image":"https://storage.googleapis.com/bondar-academy-visuals/Android.png","following":false}},{"slug":"Explore-the-Latest-in-Learning:-Bondar-Academy-Blog's-Educational-Insights-from-Our-Experts-1","title":"Explore the Latest in Learning: Bondar Academy Blog's Educational Insights from Our Experts","description":"Discover a treasure trove of knowledge on the Bondar Academy blog. Here, we share an array of tips, techniques, and valuable educational materials, all designed to keep you abreast of the latest technological trends and best practices. For easy access and continual learning, consider bookmarking our blog in your browser.","body":"On the Bondar Academy blog, we consistently provide insightful and pertinent updates on the latest in technology, test automation, and industry best practices. For your convenience, we recommend adding our blog to your browser's bookmarks. Our commitment to keeping you informed is reflected in our weekly posts, each focusing on a significant topic of the week.\n\nWe value your input and invite you to contribute to our ever-evolving content. If you have any suggestions or specific topics you'd like us to explore, please feel free to share your ideas in the Bondar Academy Slack workspace. \n\nDiscover our blog here: https://www.bondaracademy.com/blog\n","tagList":["Blog"],"createdAt":"2024-01-27T21:34:04.531Z","updatedAt":"2024-01-27T21:34:04.531Z","favorited":false,"favoritesCount":22,"author":{"username":"Artem Bondar","bio":null,"image":"https://storage.googleapis.com/bondar-academy-visuals/Android.png","following":false}}],"articlesCount":11}

21:34:24.505 [main] INFO  com.intuit.karate.Runner - using system property 'karate.options': --tags @debug
21:34:24.720 [main] DEBUG com.intuit.karate.Suite - [config] classpath:karate-config.js
21:34:25.249 [main] INFO  com.intuit.karate - karate.env system property was: null 
21:34:25.252 [main] INFO  com.intuit.karate - >> lock acquired, begin callSingle: classpath:helpers/CreateToken.feature
21:34:25.451 [main] DEBUG com.intuit.karate - request:
1 > POST https://conduit-api.bondaracademy.com/api/users/login
1 > Content-Type: application/json; charset=UTF-8
1 > Content-Length: 65
1 > Host: conduit-api.bondaracademy.com
1 > Connection: Keep-Alive
1 > User-Agent: Apache-HttpClient/4.5.14 (Java/17.0.12)
1 > Accept-Encoding: gzip,deflate
{"user":{"email":"pruebakarate@test.com","password":"karate123"}}

21:34:26.470 [main] DEBUG com.intuit.karate - response time in milliseconds: 1017
1 < 200
1 < x-powered-by: Express
1 < vary: Origin
1 < content-type: application/json; charset=utf-8
1 < etag: W/"13e-Bh3X0glCTlUjnDLGqThJ8YX0mlg"
1 < x-cloud-trace-context: f3247f56f50ff1f3376fb571c61d3470;o=1
1 < date: Wed, 13 Aug 2025 02:34:26 GMT
1 < server: Google Frontend
1 < Content-Length: 318
{"user":{"email":"pruebakarate@test.com","username":"Alvariytomyg","bio":null,"image":"https://conduit-api.bondaracademy.com/images/smiley-cyrus.jpeg","token":"eyJhbGciOiJIUzI1NiIsInR5cCI6IkpXVCJ9.eyJ1c2VyIjp7ImlkIjoxMzE4Nn0sImlhdCI6MTc1NTA1MjQ2NiwiZXhwIjoxNzYwMjM2NDY2fQ.8h5UWXKqE8GOgxlLVRKcoHCM36_oM6mezk-059VvzEQ"}}

21:34:26.475 [main] INFO  com.intuit.karate - << lock released, cached callSingle: classpath:helpers/CreateToken.feature
21:34:26.480 [main] DEBUG com.intuit.karate - request:
1 > POST https://conduit-api.bondaracademy.com/api/users
1 > Authorization: Token eyJhbGciOiJIUzI1NiIsInR5cCI6IkpXVCJ9.eyJ1c2VyIjp7ImlkIjoxMzE4Nn0sImlhdCI6MTc1NTA1MjQ2NiwiZXhwIjoxNzYwMjM2NDY2fQ.8h5UWXKqE8GOgxlLVRKcoHCM36_oM6mezk-059VvzEQ
1 > Content-Type: application/json; charset=UTF-8
1 > Content-Length: 94
1 > Host: conduit-api.bondaracademy.com
1 > Connection: Keep-Alive
1 > User-Agent: Apache-HttpClient/4.5.14 (Java/17.0.12)
1 > Accept-Encoding: gzip,deflate
{"user":{"email":"pruebakarate27@test.com","password":"22345alv","username":"Alvariytomyg13"}}

21:34:27.274 [main] DEBUG com.intuit.karate - response time in milliseconds: 792
1 < 201
1 < x-powered-by: Express
1 < vary: Origin
1 < content-type: application/json; charset=utf-8
1 < etag: W/"14d-Z3Xk363exgFrbpk6DlvnH1X62go"
1 < x-cloud-trace-context: bdf80908b63ce13c4f0bb62f1b44f4c6
1 < date: Wed, 13 Aug 2025 02:34:27 GMT
1 < server: Google Frontend
1 < Content-Length: 333
{"user":{"id":31791,"email":"pruebakarate27@test.com","username":"Alvariytomyg13","bio":null,"image":"https://conduit-api.bondaracademy.com/images/smiley-cyrus.jpeg","token":"eyJhbGciOiJIUzI1NiIsInR5cCI6IkpXVCJ9.eyJ1c2VyIjp7ImlkIjozMTc5MX0sImlhdCI6MTc1NTA1MjQ2NywiZXhwIjoxNzYwMjM2NDY3fQ.rs_cxL_EMOiZ9XFIyJhkOHPQ9Cg3kwHqGsnwpiTogc4"}}

00:20:13.747 [main] INFO  com.intuit.karate.Runner - using system property 'karate.options': --tags @debug
00:20:13.962 [main] DEBUG com.intuit.karate.Suite - [config] classpath:karate-config.js
00:20:14.511 [main] INFO  com.intuit.karate - karate.env system property was: null 
00:20:14.514 [main] INFO  com.intuit.karate - >> lock acquired, begin callSingle: classpath:helpers/CreateToken.feature
00:20:14.734 [main] DEBUG com.intuit.karate - request:
1 > POST https://conduit-api.bondaracademy.com/api/users/login
1 > Content-Type: application/json; charset=UTF-8
1 > Content-Length: 65
1 > Host: conduit-api.bondaracademy.com
1 > Connection: Keep-Alive
1 > User-Agent: Apache-HttpClient/4.5.14 (Java/17.0.12)
1 > Accept-Encoding: gzip,deflate
{"user":{"email":"pruebakarate@test.com","password":"karate123"}}

00:20:15.826 [main] DEBUG com.intuit.karate - response time in milliseconds: 1089
1 < 200
1 < x-powered-by: Express
1 < vary: Origin
1 < content-type: application/json; charset=utf-8
1 < etag: W/"13e-hd0W42NUAZqzKAWO4wB4o6jDaEE"
1 < x-cloud-trace-context: 5d57f1c33261940e7ad43fb2de9154d3
1 < date: Wed, 13 Aug 2025 05:20:15 GMT
1 < server: Google Frontend
1 < Content-Length: 318
{"user":{"email":"pruebakarate@test.com","username":"Alvariytomyg","bio":null,"image":"https://conduit-api.bondaracademy.com/images/smiley-cyrus.jpeg","token":"eyJhbGciOiJIUzI1NiIsInR5cCI6IkpXVCJ9.eyJ1c2VyIjp7ImlkIjoxMzE4Nn0sImlhdCI6MTc1NTA2MjQxNSwiZXhwIjoxNzYwMjQ2NDE1fQ.faS8XWQpnv8V01uZiouk3x3QTijKne6d4Y7MT0aTpr8"}}

00:20:15.831 [main] INFO  com.intuit.karate - << lock released, cached callSingle: classpath:helpers/CreateToken.feature
00:20:15.836 [main] DEBUG com.intuit.karate - request:
1 > POST https://conduit-api.bondaracademy.com/api/users
1 > Authorization: Token eyJhbGciOiJIUzI1NiIsInR5cCI6IkpXVCJ9.eyJ1c2VyIjp7ImlkIjoxMzE4Nn0sImlhdCI6MTc1NTA2MjQxNSwiZXhwIjoxNzYwMjQ2NDE1fQ.faS8XWQpnv8V01uZiouk3x3QTijKne6d4Y7MT0aTpr8
1 > Content-Type: application/json; charset=UTF-8
1 > Content-Length: 94
1 > Host: conduit-api.bondaracademy.com
1 > Connection: Keep-Alive
1 > User-Agent: Apache-HttpClient/4.5.14 (Java/17.0.12)
1 > Accept-Encoding: gzip,deflate
{"user":{"email":"pruebakarate28@test.com","password":"32345alv","username":"Alvariytomyg14"}}

00:20:16.657 [main] DEBUG com.intuit.karate - response time in milliseconds: 820
1 < 201
1 < x-powered-by: Express
1 < vary: Origin
1 < content-type: application/json; charset=utf-8
1 < etag: W/"14d-VN/c9ZFod2PoXR+CJYDiUzKO+ws"
1 < x-cloud-trace-context: 8c71fab85af108d7ce8523a110d25c18
1 < date: Wed, 13 Aug 2025 05:20:16 GMT
1 < server: Google Frontend
1 < Content-Length: 333
{"user":{"id":31794,"email":"pruebakarate28@test.com","username":"Alvariytomyg14","bio":null,"image":"https://conduit-api.bondaracademy.com/images/smiley-cyrus.jpeg","token":"eyJhbGciOiJIUzI1NiIsInR5cCI6IkpXVCJ9.eyJ1c2VyIjp7ImlkIjozMTc5NH0sImlhdCI6MTc1NTA2MjQxNiwiZXhwIjoxNzYwMjQ2NDE2fQ.ogV_sep4WSf8I2-OMCsC60dVozFcv8E-Z3KrJTAbek8"}}

00:25:23.502 [main] INFO  com.intuit.karate.Runner - using system property 'karate.options': --tags @debug
00:25:23.715 [main] DEBUG com.intuit.karate.Suite - [config] classpath:karate-config.js
00:25:24.264 [main] INFO  com.intuit.karate - karate.env system property was: null 
00:25:24.268 [main] INFO  com.intuit.karate - >> lock acquired, begin callSingle: classpath:helpers/CreateToken.feature
00:25:24.472 [main] DEBUG com.intuit.karate - request:
1 > POST https://conduit-api.bondaracademy.com/api/users/login
1 > Content-Type: application/json; charset=UTF-8
1 > Content-Length: 65
1 > Host: conduit-api.bondaracademy.com
1 > Connection: Keep-Alive
1 > User-Agent: Apache-HttpClient/4.5.14 (Java/17.0.12)
1 > Accept-Encoding: gzip,deflate
{"user":{"email":"pruebakarate@test.com","password":"karate123"}}

00:25:25.484 [main] DEBUG com.intuit.karate - response time in milliseconds: 1010
1 < 200
1 < x-powered-by: Express
1 < vary: Origin
1 < content-type: application/json; charset=utf-8
1 < etag: W/"13e-OFU8r9dSr5C+SmZUgYkXRDmsp34"
1 < x-cloud-trace-context: a2203fde00d618bc1161d562861c8e18;o=1
1 < date: Wed, 13 Aug 2025 05:25:25 GMT
1 < server: Google Frontend
1 < Content-Length: 318
{"user":{"email":"pruebakarate@test.com","username":"Alvariytomyg","bio":null,"image":"https://conduit-api.bondaracademy.com/images/smiley-cyrus.jpeg","token":"eyJhbGciOiJIUzI1NiIsInR5cCI6IkpXVCJ9.eyJ1c2VyIjp7ImlkIjoxMzE4Nn0sImlhdCI6MTc1NTA2MjcyNSwiZXhwIjoxNzYwMjQ2NzI1fQ.fQeT-KL3_bPYDrdDg6yURKdzolZMJw3djw9VIDkNF0E"}}

00:25:25.489 [main] INFO  com.intuit.karate - << lock released, cached callSingle: classpath:helpers/CreateToken.feature
00:25:25.494 [main] ERROR com.intuit.karate - classpath:conduitApp/feature/SignUp.feature:8
Given def userData = {"user": {"email": "pruebakarate29@test.com","username": "Alvariytomyg15"}
net.minidev.json.parser.ParseException: Unexpected End Of File position 73: null
classpath:conduitApp/feature/SignUp.feature:8
00:26:33.451 [main] INFO  com.intuit.karate.Runner - using system property 'karate.options': --tags @debug
00:26:33.664 [main] DEBUG com.intuit.karate.Suite - [config] classpath:karate-config.js
00:26:34.226 [main] INFO  com.intuit.karate - karate.env system property was: null 
00:26:34.228 [main] INFO  com.intuit.karate - >> lock acquired, begin callSingle: classpath:helpers/CreateToken.feature
00:26:34.426 [main] DEBUG com.intuit.karate - request:
1 > POST https://conduit-api.bondaracademy.com/api/users/login
1 > Content-Type: application/json; charset=UTF-8
1 > Content-Length: 65
1 > Host: conduit-api.bondaracademy.com
1 > Connection: Keep-Alive
1 > User-Agent: Apache-HttpClient/4.5.14 (Java/17.0.12)
1 > Accept-Encoding: gzip,deflate
{"user":{"email":"pruebakarate@test.com","password":"karate123"}}

00:26:35.298 [main] DEBUG com.intuit.karate - response time in milliseconds: 870
1 < 200
1 < x-powered-by: Express
1 < vary: Origin
1 < content-type: application/json; charset=utf-8
1 < etag: W/"13e-Bz34XV9Ebq+AJT9ChUKx3/aVHs8"
1 < x-cloud-trace-context: 09d29023e8098e3ed07fc100571ff5f9;o=1
1 < date: Wed, 13 Aug 2025 05:26:35 GMT
1 < server: Google Frontend
1 < Content-Length: 318
{"user":{"email":"pruebakarate@test.com","username":"Alvariytomyg","bio":null,"image":"https://conduit-api.bondaracademy.com/images/smiley-cyrus.jpeg","token":"eyJhbGciOiJIUzI1NiIsInR5cCI6IkpXVCJ9.eyJ1c2VyIjp7ImlkIjoxMzE4Nn0sImlhdCI6MTc1NTA2Mjc5NSwiZXhwIjoxNzYwMjQ2Nzk1fQ.TVCjzYIApu8v3As70rKawRShRWmfOBRduuAecLmQ8eE"}}

00:26:35.302 [main] INFO  com.intuit.karate - << lock released, cached callSingle: classpath:helpers/CreateToken.feature
00:26:35.308 [main] DEBUG com.intuit.karate - request:
1 > POST https://conduit-api.bondaracademy.com/api/users
1 > Authorization: Token eyJhbGciOiJIUzI1NiIsInR5cCI6IkpXVCJ9.eyJ1c2VyIjp7ImlkIjoxMzE4Nn0sImlhdCI6MTc1NTA2Mjc5NSwiZXhwIjoxNzYwMjQ2Nzk1fQ.TVCjzYIApu8v3As70rKawRShRWmfOBRduuAecLmQ8eE
1 > Content-Type: application/json; charset=UTF-8
1 > Content-Length: 94
1 > Host: conduit-api.bondaracademy.com
1 > Connection: Keep-Alive
1 > User-Agent: Apache-HttpClient/4.5.14 (Java/17.0.12)
1 > Accept-Encoding: gzip,deflate
{"user":{"email":"pruebakarate29@test.com","password":"32345alv","username":"Alvariytomyg15"}}

00:26:36.112 [main] DEBUG com.intuit.karate - response time in milliseconds: 803
1 < 201
1 < x-powered-by: Express
1 < vary: Origin
1 < content-type: application/json; charset=utf-8
1 < etag: W/"14d-V4mpFl3ZjYnb3MPaqcMJXT9a79I"
1 < x-cloud-trace-context: 3e5ed7d7f73e66108e673803a1fab900
1 < date: Wed, 13 Aug 2025 05:26:36 GMT
1 < server: Google Frontend
1 < Content-Length: 333
{"user":{"id":31796,"email":"pruebakarate29@test.com","username":"Alvariytomyg15","bio":null,"image":"https://conduit-api.bondaracademy.com/images/smiley-cyrus.jpeg","token":"eyJhbGciOiJIUzI1NiIsInR5cCI6IkpXVCJ9.eyJ1c2VyIjp7ImlkIjozMTc5Nn0sImlhdCI6MTc1NTA2Mjc5NiwiZXhwIjoxNzYwMjQ2Nzk2fQ.h_MEn3aIiWUKYw8R10-Hx553uR_g4aOvcbvbHCVSne0"}}

00:33:20.115 [main] INFO  com.intuit.karate.Runner - using system property 'karate.options': --tags @debug
00:33:20.332 [main] DEBUG com.intuit.karate.Suite - [config] classpath:karate-config.js
00:33:20.872 [main] INFO  com.intuit.karate - karate.env system property was: null 
00:33:20.874 [main] INFO  com.intuit.karate - >> lock acquired, begin callSingle: classpath:helpers/CreateToken.feature
00:33:21.078 [main] DEBUG com.intuit.karate - request:
1 > POST https://conduit-api.bondaracademy.com/api/users/login
1 > Content-Type: application/json; charset=UTF-8
1 > Content-Length: 65
1 > Host: conduit-api.bondaracademy.com
1 > Connection: Keep-Alive
1 > User-Agent: Apache-HttpClient/4.5.14 (Java/17.0.12)
1 > Accept-Encoding: gzip,deflate
{"user":{"email":"pruebakarate@test.com","password":"karate123"}}

00:33:22.033 [main] DEBUG com.intuit.karate - response time in milliseconds: 952
1 < 200
1 < x-powered-by: Express
1 < vary: Origin
1 < content-type: application/json; charset=utf-8
1 < etag: W/"13e-w+W5OjrheDnXI1UgvxwwkQMiMLU"
1 < x-cloud-trace-context: fa96dcade07e34bc5dbe0d9cc0fabb17;o=1
1 < date: Wed, 13 Aug 2025 05:33:21 GMT
1 < server: Google Frontend
1 < Content-Length: 318
{"user":{"email":"pruebakarate@test.com","username":"Alvariytomyg","bio":null,"image":"https://conduit-api.bondaracademy.com/images/smiley-cyrus.jpeg","token":"eyJhbGciOiJIUzI1NiIsInR5cCI6IkpXVCJ9.eyJ1c2VyIjp7ImlkIjoxMzE4Nn0sImlhdCI6MTc1NTA2MzIwMSwiZXhwIjoxNzYwMjQ3MjAxfQ.TFiO8EDyrzXxfFR8PSDXOev7QtL-J61GzS9-tCtD5vU"}}

00:33:22.038 [main] INFO  com.intuit.karate - << lock released, cached callSingle: classpath:helpers/CreateToken.feature
00:33:22.043 [main] DEBUG com.intuit.karate - request:
1 > POST https://conduit-api.bondaracademy.com/api/users
1 > Authorization: Token eyJhbGciOiJIUzI1NiIsInR5cCI6IkpXVCJ9.eyJ1c2VyIjp7ImlkIjoxMzE4Nn0sImlhdCI6MTc1NTA2MzIwMSwiZXhwIjoxNzYwMjQ3MjAxfQ.TFiO8EDyrzXxfFR8PSDXOev7QtL-J61GzS9-tCtD5vU
1 > Content-Type: application/json; charset=UTF-8
1 > Content-Length: 94
1 > Host: conduit-api.bondaracademy.com
1 > Connection: Keep-Alive
1 > User-Agent: Apache-HttpClient/4.5.14 (Java/17.0.12)
1 > Accept-Encoding: gzip,deflate
{"user":{"email":"pruebakarate30@test.com","password":"12345alv","username":"Alvariytomyg16"}}

00:33:22.835 [main] DEBUG com.intuit.karate - response time in milliseconds: 792
1 < 201
1 < x-powered-by: Express
1 < vary: Origin
1 < content-type: application/json; charset=utf-8
1 < etag: W/"14d-dCHCggWm6vmNrYQT/GrwfEWDxw0"
1 < x-cloud-trace-context: 30ddc0550a446641a4d5aac6305be7f5
1 < date: Wed, 13 Aug 2025 05:33:22 GMT
1 < server: Google Frontend
1 < Content-Length: 333
{"user":{"id":31797,"email":"pruebakarate30@test.com","username":"Alvariytomyg16","bio":null,"image":"https://conduit-api.bondaracademy.com/images/smiley-cyrus.jpeg","token":"eyJhbGciOiJIUzI1NiIsInR5cCI6IkpXVCJ9.eyJ1c2VyIjp7ImlkIjozMTc5N30sImlhdCI6MTc1NTA2MzIwMiwiZXhwIjoxNzYwMjQ3MjAyfQ.wgdH9x504hsv0ZasIPWJAQIZTQ8o9DAMkCfkhbko3wM"}}

01:18:05.965 [main] INFO  com.intuit.karate.Runner - using system property 'karate.options': --tags @debug
01:18:06.176 [main] DEBUG com.intuit.karate.Suite - [config] classpath:karate-config.js
01:18:06.723 [main] INFO  com.intuit.karate - karate.env system property was: null 
01:18:06.727 [main] INFO  com.intuit.karate - >> lock acquired, begin callSingle: classpath:helpers/CreateToken.feature
01:18:06.925 [main] DEBUG com.intuit.karate - request:
1 > POST https://conduit-api.bondaracademy.com/api/users/login
1 > Content-Type: application/json; charset=UTF-8
1 > Content-Length: 65
1 > Host: conduit-api.bondaracademy.com
1 > Connection: Keep-Alive
1 > User-Agent: Apache-HttpClient/4.5.14 (Java/17.0.12)
1 > Accept-Encoding: gzip,deflate
{"user":{"email":"pruebakarate@test.com","password":"karate123"}}

01:18:07.928 [main] DEBUG com.intuit.karate - response time in milliseconds: 1001
1 < 200
1 < x-powered-by: Express
1 < vary: Origin
1 < content-type: application/json; charset=utf-8
1 < etag: W/"13e-jKxdbCuDjt3jgFX7M6kHN4pFO5s"
1 < x-cloud-trace-context: 50f74d73ab8fafc34c85a37fbff2e661
1 < date: Wed, 13 Aug 2025 06:18:07 GMT
1 < server: Google Frontend
1 < Content-Length: 318
{"user":{"email":"pruebakarate@test.com","username":"Alvariytomyg","bio":null,"image":"https://conduit-api.bondaracademy.com/images/smiley-cyrus.jpeg","token":"eyJhbGciOiJIUzI1NiIsInR5cCI6IkpXVCJ9.eyJ1c2VyIjp7ImlkIjoxMzE4Nn0sImlhdCI6MTc1NTA2NTg4NywiZXhwIjoxNzYwMjQ5ODg3fQ.5N45HI2VeCkULd_qErbmU6d3hvGPqDWiNe-PO21J3qY"}}

01:18:07.932 [main] INFO  com.intuit.karate - << lock released, cached callSingle: classpath:helpers/CreateToken.feature
01:18:07.937 [main] DEBUG com.intuit.karate - request:
1 > GET https://conduit-api.bondaracademy.com/api/tags
1 > Authorization: Token eyJhbGciOiJIUzI1NiIsInR5cCI6IkpXVCJ9.eyJ1c2VyIjp7ImlkIjoxMzE4Nn0sImlhdCI6MTc1NTA2NTg4NywiZXhwIjoxNzYwMjQ5ODg3fQ.5N45HI2VeCkULd_qErbmU6d3hvGPqDWiNe-PO21J3qY
1 > Host: conduit-api.bondaracademy.com
1 > Connection: Keep-Alive
1 > User-Agent: Apache-HttpClient/4.5.14 (Java/17.0.12)
1 > Accept-Encoding: gzip,deflate


01:18:08.648 [main] DEBUG com.intuit.karate - response time in milliseconds: 711
1 < 200
1 < x-powered-by: Express
1 < vary: Origin
1 < content-type: application/json; charset=utf-8
1 < etag: W/"65-XAqp9RO5/GurIdusYmbGg8NPW48"
1 < x-cloud-trace-context: ab71a9a94d88174531fdba7f644e2a66
1 < date: Wed, 13 Aug 2025 06:18:08 GMT
1 < server: Google Frontend
1 < Content-Length: 101
{"tags":["Test","Git","YouTube","Zoom","Blog","Bondar Academy","Enroll","Exam","Community","GitHub"]}

01:18:08.660 [main] ERROR com.intuit.karate - classpath:conduitApp/feature/HomePage.feature:16
And match response.tags contains 'QA Skills'
match failed: CONTAINS
  $ | actual does not contain expected | actual array does not contain expected item - QA Skills (LIST:STRING)
  ["Test","Git","YouTube","Zoom","Blog","Bondar Academy","Enroll","Exam","Community","GitHub"]
  'QA Skills'

    $[9] | not equal (STRING:STRING)
    'GitHub'
    'QA Skills'

    $[8] | not equal (STRING:STRING)
    'Community'
    'QA Skills'

    $[7] | not equal (STRING:STRING)
    'Exam'
    'QA Skills'

    $[6] | not equal (STRING:STRING)
    'Enroll'
    'QA Skills'

    $[5] | not equal (STRING:STRING)
    'Bondar Academy'
    'QA Skills'

    $[4] | not equal (STRING:STRING)
    'Blog'
    'QA Skills'

    $[3] | not equal (STRING:STRING)
    'Zoom'
    'QA Skills'

    $[2] | not equal (STRING:STRING)
    'YouTube'
    'QA Skills'

    $[1] | not equal (STRING:STRING)
    'Git'
    'QA Skills'

    $[0] | not equal (STRING:STRING)
    'Test'
    'QA Skills'

classpath:conduitApp/feature/HomePage.feature:16
01:18:08.673 [main] INFO  com.intuit.karate - karate.env system property was: null 
01:18:08.677 [main] DEBUG com.intuit.karate - request:
1 > GET https://conduit-api.bondaracademy.com/api/articles?limt=10&offset=0
1 > Authorization: Token eyJhbGciOiJIUzI1NiIsInR5cCI6IkpXVCJ9.eyJ1c2VyIjp7ImlkIjoxMzE4Nn0sImlhdCI6MTc1NTA2NTg4NywiZXhwIjoxNzYwMjQ5ODg3fQ.5N45HI2VeCkULd_qErbmU6d3hvGPqDWiNe-PO21J3qY
1 > Host: conduit-api.bondaracademy.com
1 > Connection: Keep-Alive
1 > User-Agent: Apache-HttpClient/4.5.14 (Java/17.0.12)
1 > Accept-Encoding: gzip,deflate


01:18:09.583 [main] DEBUG com.intuit.karate - response time in milliseconds: 906
1 < 200
1 < x-powered-by: Express
1 < vary: Origin
1 < content-type: application/json; charset=utf-8
1 < etag: W/"28e1-8lgXoYOslxN9R6eEWs0gkt9L6LQ"
1 < x-cloud-trace-context: 1be4a9491de78d834e873b0bcf685cdf;o=1
1 < date: Wed, 13 Aug 2025 06:18:09 GMT
1 < server: Google Frontend
1 < Content-Length: 10465
{"articles":[{"slug":"Creando-Articulo13-13186","title":"Creando Articulo13","description":"es una prueba11","body":"practicando Karate11","tagList":[],"createdAt":"2025-08-13T02:43:35.040Z","updatedAt":"2025-08-13T02:43:35.040Z","favorited":false,"favoritesCount":0,"author":{"username":"Alvariytomyg","bio":null,"image":"https://conduit-api.bondaracademy.com/images/smiley-cyrus.jpeg","following":false}},{"slug":"Creando-Articulo12-13186","title":"Creando Articulo12","description":"es una prueba12","body":"practicando Karate12","tagList":[],"createdAt":"2025-08-13T02:02:35.692Z","updatedAt":"2025-08-13T02:02:35.692Z","favorited":false,"favoritesCount":0,"author":{"username":"Alvariytomyg","bio":null,"image":"https://conduit-api.bondaracademy.com/images/smiley-cyrus.jpeg","following":false}},{"slug":"Probando-Articulo9-13186","title":"Probando Articulo9","description":"es una prueba9","body":"practicando Karate9","tagList":[],"createdAt":"2025-06-25T21:57:45.735Z","updatedAt":"2025-06-25T21:57:45.735Z","favorited":false,"favoritesCount":0,"author":{"username":"Alvariytomyg","bio":null,"image":"https://conduit-api.bondaracademy.com/images/smiley-cyrus.jpeg","following":false}},{"slug":"Probando-Articulo8-13186","title":"Probando Articulo8","description":"es una prueba8","body":"practicando Karate8","tagList":[],"createdAt":"2025-05-26T01:08:04.570Z","updatedAt":"2025-05-26T01:08:04.570Z","favorited":false,"favoritesCount":0,"author":{"username":"Alvariytomyg","bio":null,"image":"https://conduit-api.bondaracademy.com/images/smiley-cyrus.jpeg","following":false}},{"slug":"Probando-Articulo7-13186","title":"Probando Articulo7","description":"es una prueba7","body":"practicando Karate6","tagList":[],"createdAt":"2025-05-26T00:30:47.752Z","updatedAt":"2025-05-26T00:30:47.752Z","favorited":false,"favoritesCount":0,"author":{"username":"Alvariytomyg","bio":null,"image":"https://conduit-api.bondaracademy.com/images/smiley-cyrus.jpeg","following":false}},{"slug":"Probando-Articulo6-13186","title":"Probando Articulo6","description":"es una prueba6","body":"practicando Karate6","tagList":[],"createdAt":"2025-05-26T00:27:03.581Z","updatedAt":"2025-05-26T00:27:03.581Z","favorited":false,"favoritesCount":0,"author":{"username":"Alvariytomyg","bio":null,"image":"https://conduit-api.bondaracademy.com/images/smiley-cyrus.jpeg","following":false}},{"slug":"Discover-Bondar-Academy:-Your-Gateway-to-Efficient-Learning-1","title":"Discover Bondar Academy: Your Gateway to Efficient Learning","description":"Discover Bondar Academy's unique place in the educational landscape, where value-focused and efficient learning approaches converge. Our goal is to rapidly enhance your professional technical skills, boosting your market competitiveness and paving the way for higher-paying job opportunities. The speed of your progress is in your hands – you set the pace, and we provide the solutions and support to help you achieve your desired outcomes.","body":"Bondar Academy is a leading platform for efficient education, designed to boost your technical skills and advance your career in Quality Assurance (QA). Our program features a balanced mix of pre-recorded lectures and live sessions, allowing each student to study at their own pace and at a time that suits them. \n\nOur instructors are readily available on our Slack Workspace for support. Whether it's a quick question or a more complex issue requiring a Zoom call or Slack Huddle for screen sharing and live discussion, we're here to assist. Additionally, each class comes with a comprehensive question bank for self-assessment. Following each lecture, you have the opportunity to validate your understanding and readiness to progress to the next topic. You set the pace, and we provide the solutions to ensure you achieve your desired outcomes.\n\nSignUp today: https://www.bondaracademy.com","tagList":["qa career","Bondar Academy","QA Skills","Value-Focused"],"createdAt":"2024-01-27T21:52:32.682Z","updatedAt":"2024-01-27T21:52:32.682Z","favorited":false,"favoritesCount":732,"author":{"username":"Artem Bondar","bio":null,"image":"https://storage.googleapis.com/bondar-academy-visuals/Android.png","following":false}},{"slug":"The-value-of-pre-recorded-video-classes.-The-most-efficient-approach-to-tranfer-the-knowledge-1","title":"The value of pre-recorded video classes. The most efficient approach to tranfer the knowledge","description":"As educational practices evolve, video tutorials have emerged as the most efficient method for imparting theoretical knowledge. At Bondar Academy, we prioritize expertly structured and crafted video tutorials, ensuring you learn quickly and effectively and advance your skills.","body":"At Bondar Academy, we prioritize the value of your time and the efficiency of your education, distinguishing our approach from traditional colleges and live boot camps. Forget long, tedious live lectures on a fixed schedule. With us, you learn at your convenience and pace through optimized, structured video lectures. \n\nWe understand your goal is rapid knowledge acquisition. Our pre-recorded and well-organized lectures are designed precisely for this, ensuring no slowdowns from group dynamics or unrelated instructor anecdotes. \n\nDive straight into the subject matter, learn efficiently, and if questions arise, our immediate support on the Slack Workspace is there to streamline your learning process and swiftly remove any roadblocks.","tagList":["Bondar Academy","Video Lectures","Tutorials"],"createdAt":"2024-01-27T21:50:38.825Z","updatedAt":"2024-01-27T21:50:38.825Z","favorited":false,"favoritesCount":258,"author":{"username":"Artem Bondar","bio":null,"image":"https://storage.googleapis.com/bondar-academy-visuals/Android.png","following":false}},{"slug":"Mastering-Knowledge-with-Self-Assessments:-Identifying-and-Bridging-Learning-Gaps-in-Education-1","title":"Mastering Knowledge with Self-Assessments: Identifying and Bridging Learning Gaps in Education","description":"Self-assessment is an essential tool for gauging your understanding of lecture material. It answers critical questions: Have you grasped everything correctly? Is there anything you've missed? Are you prepared for the next lesson? These assessments ensure that you build a solid foundation of knowledge, confidently and efficiently paving the way for swift progress and effective learning outcomes.","body":"Traditional educational institutions, such as colleges and universities, commonly use tests and assessments to measure knowledge. This approach is effective for gauging student performance, but it's not without drawbacks. In these settings, assessments after every lecture aren't feasible due to the time required for teachers to evaluate them. This often leads to students having a false sense of understanding, believing they've comprehended all aspects of a lecture when, in reality, small but crucial details might be missed. These 'knowledge gaps' can accumulate, making more complex topics difficult to grasp later on.\n\nAt Bondar Academy, we address this challenge by implementing self-assessments after every lecture. These are designed to cover key questions that ensure a thorough understanding of the material, essential for comfort and success in future lectures. The number of questions varies, ranging from 3-4 to 15-20, depending on the lecture's significance and the volume of critical information. With these self-assessments, students receive immediate feedback, helping them determine if they've fully understood the lecture or if they need to revisit certain parts or seek assistance from our instructors in the Slack Workspace.","tagList":["Self-Assessment","Test","Exam"],"createdAt":"2024-01-27T21:48:36.340Z","updatedAt":"2024-01-27T21:48:36.340Z","favorited":false,"favoritesCount":67,"author":{"username":"Artem Bondar","bio":null,"image":"https://storage.googleapis.com/bondar-academy-visuals/Android.png","following":false}},{"slug":"Practical-Implementation-of-Skills:-Homework-Assignments-with-Instructor-Supervision-1","title":"Practical Implementation of Skills: Homework Assignments with Instructor Supervision","description":"Knowledge or skills not reinforced through practical exercises can quickly fade, often faster than anticipated. Homework, particularly in tasks like writing your own code, is crucial for honing these skills and cementing your understanding. At Bondar Academy, we ensure this vital step by assigning homework, rigorously evaluating the outcomes, and providing valuable feedback to guide your learning journey.","body":"Homework assignments are a fundamental component of the educational methodology at Bondar Academy, especially in technical education where learning a new programming language or framework is involved. The key to mastering these skills lies in writing code; the more you write, the better you become. However, merely replicating code seen in lectures leads to minimal learning. Often, this approach leaves students unclear about why their code works the way it does, as they focus on copying rather than understanding.\n\nA homework assignment at Bondar Academy starts with a blank page, challenging students to apply all their knowledge to write the first line of code. This process is more demanding than it appears. As you write each line, understanding and reasoning grow, making your code meaningful and comprehensible. You learn to write code that makes sense to you, enhancing your understanding.\n\nIn completing these assignments, you engage the 'thinking' part of your brain, transforming theoretical knowledge into practical skills. Recognizing the crucial role of homework in learning, our instructors at Bondar Academy are always available to assist with any challenges. Just reach out on Slack, and you'll receive the guidance and support needed for successful completion. At Bondar Academy, we fully understand the importance of homework assignments for the best outcome, so our instructors are always here to assist if you have any difficulties with completing them. Just ask in Slack and you'll be guided and assisted.","tagList":["Homework","Assignments","Practice","Coding"],"createdAt":"2024-01-27T21:46:09.512Z","updatedAt":"2024-01-27T21:46:09.512Z","favorited":false,"favoritesCount":37,"author":{"username":"Artem Bondar","bio":null,"image":"https://storage.googleapis.com/bondar-academy-visuals/Android.png","following":false}}],"articlesCount":16}

01:20:40.769 [main] INFO  com.intuit.karate.Runner - using system property 'karate.options': --tags @debug
01:20:40.977 [main] DEBUG com.intuit.karate.Suite - [config] classpath:karate-config.js
01:20:41.504 [main] INFO  com.intuit.karate - karate.env system property was: null 
01:20:41.507 [main] INFO  com.intuit.karate - >> lock acquired, begin callSingle: classpath:helpers/CreateToken.feature
01:20:41.706 [main] DEBUG com.intuit.karate - request:
1 > POST https://conduit-api.bondaracademy.com/api/users/login
1 > Content-Type: application/json; charset=UTF-8
1 > Content-Length: 65
1 > Host: conduit-api.bondaracademy.com
1 > Connection: Keep-Alive
1 > User-Agent: Apache-HttpClient/4.5.14 (Java/17.0.12)
1 > Accept-Encoding: gzip,deflate
{"user":{"email":"pruebakarate@test.com","password":"karate123"}}

01:20:42.562 [main] DEBUG com.intuit.karate - response time in milliseconds: 853
1 < 200
1 < x-powered-by: Express
1 < vary: Origin
1 < content-type: application/json; charset=utf-8
1 < etag: W/"13e-UMH6ADHowf82srOUPSy1SF8VjVk"
1 < x-cloud-trace-context: 7e01378c75cd16d01eb255b74b669ffd;o=1
1 < date: Wed, 13 Aug 2025 06:20:42 GMT
1 < server: Google Frontend
1 < Content-Length: 318
{"user":{"email":"pruebakarate@test.com","username":"Alvariytomyg","bio":null,"image":"https://conduit-api.bondaracademy.com/images/smiley-cyrus.jpeg","token":"eyJhbGciOiJIUzI1NiIsInR5cCI6IkpXVCJ9.eyJ1c2VyIjp7ImlkIjoxMzE4Nn0sImlhdCI6MTc1NTA2NjA0MiwiZXhwIjoxNzYwMjUwMDQyfQ.V1xBouhvjZDMtTgH6U54HcsFW5xGiP3xayI1cm06CAk"}}

01:20:42.565 [main] INFO  com.intuit.karate - << lock released, cached callSingle: classpath:helpers/CreateToken.feature
01:20:42.570 [main] DEBUG com.intuit.karate - request:
1 > GET https://conduit-api.bondaracademy.com/api/tags
1 > Authorization: Token eyJhbGciOiJIUzI1NiIsInR5cCI6IkpXVCJ9.eyJ1c2VyIjp7ImlkIjoxMzE4Nn0sImlhdCI6MTc1NTA2NjA0MiwiZXhwIjoxNzYwMjUwMDQyfQ.V1xBouhvjZDMtTgH6U54HcsFW5xGiP3xayI1cm06CAk
1 > Host: conduit-api.bondaracademy.com
1 > Connection: Keep-Alive
1 > User-Agent: Apache-HttpClient/4.5.14 (Java/17.0.12)
1 > Accept-Encoding: gzip,deflate


01:20:43.319 [main] DEBUG com.intuit.karate - response time in milliseconds: 748
1 < 200
1 < x-powered-by: Express
1 < vary: Origin
1 < content-type: application/json; charset=utf-8
1 < etag: W/"65-XAqp9RO5/GurIdusYmbGg8NPW48"
1 < x-cloud-trace-context: 3ab44055d5c776db6e87a2f2451aa379
1 < date: Wed, 13 Aug 2025 06:20:43 GMT
1 < server: Google Frontend
1 < Content-Length: 101
{"tags":["Test","Git","YouTube","Zoom","Blog","Bondar Academy","Enroll","Exam","Community","GitHub"]}

01:20:43.336 [main] INFO  com.intuit.karate - karate.env system property was: null 
01:20:43.339 [main] DEBUG com.intuit.karate - request:
1 > GET https://conduit-api.bondaracademy.com/api/articles?limt=10&offset=0
1 > Authorization: Token eyJhbGciOiJIUzI1NiIsInR5cCI6IkpXVCJ9.eyJ1c2VyIjp7ImlkIjoxMzE4Nn0sImlhdCI6MTc1NTA2NjA0MiwiZXhwIjoxNzYwMjUwMDQyfQ.V1xBouhvjZDMtTgH6U54HcsFW5xGiP3xayI1cm06CAk
1 > Host: conduit-api.bondaracademy.com
1 > Connection: Keep-Alive
1 > User-Agent: Apache-HttpClient/4.5.14 (Java/17.0.12)
1 > Accept-Encoding: gzip,deflate


01:20:44.418 [main] DEBUG com.intuit.karate - response time in milliseconds: 1077
1 < 200
1 < x-powered-by: Express
1 < vary: Origin
1 < content-type: application/json; charset=utf-8
1 < etag: W/"28e1-8lgXoYOslxN9R6eEWs0gkt9L6LQ"
1 < x-cloud-trace-context: 8e0e453d6461d31f8e8fc1a6437ce096
1 < date: Wed, 13 Aug 2025 06:20:44 GMT
1 < server: Google Frontend
1 < Content-Length: 10465
{"articles":[{"slug":"Creando-Articulo13-13186","title":"Creando Articulo13","description":"es una prueba11","body":"practicando Karate11","tagList":[],"createdAt":"2025-08-13T02:43:35.040Z","updatedAt":"2025-08-13T02:43:35.040Z","favorited":false,"favoritesCount":0,"author":{"username":"Alvariytomyg","bio":null,"image":"https://conduit-api.bondaracademy.com/images/smiley-cyrus.jpeg","following":false}},{"slug":"Creando-Articulo12-13186","title":"Creando Articulo12","description":"es una prueba12","body":"practicando Karate12","tagList":[],"createdAt":"2025-08-13T02:02:35.692Z","updatedAt":"2025-08-13T02:02:35.692Z","favorited":false,"favoritesCount":0,"author":{"username":"Alvariytomyg","bio":null,"image":"https://conduit-api.bondaracademy.com/images/smiley-cyrus.jpeg","following":false}},{"slug":"Probando-Articulo9-13186","title":"Probando Articulo9","description":"es una prueba9","body":"practicando Karate9","tagList":[],"createdAt":"2025-06-25T21:57:45.735Z","updatedAt":"2025-06-25T21:57:45.735Z","favorited":false,"favoritesCount":0,"author":{"username":"Alvariytomyg","bio":null,"image":"https://conduit-api.bondaracademy.com/images/smiley-cyrus.jpeg","following":false}},{"slug":"Probando-Articulo8-13186","title":"Probando Articulo8","description":"es una prueba8","body":"practicando Karate8","tagList":[],"createdAt":"2025-05-26T01:08:04.570Z","updatedAt":"2025-05-26T01:08:04.570Z","favorited":false,"favoritesCount":0,"author":{"username":"Alvariytomyg","bio":null,"image":"https://conduit-api.bondaracademy.com/images/smiley-cyrus.jpeg","following":false}},{"slug":"Probando-Articulo7-13186","title":"Probando Articulo7","description":"es una prueba7","body":"practicando Karate6","tagList":[],"createdAt":"2025-05-26T00:30:47.752Z","updatedAt":"2025-05-26T00:30:47.752Z","favorited":false,"favoritesCount":0,"author":{"username":"Alvariytomyg","bio":null,"image":"https://conduit-api.bondaracademy.com/images/smiley-cyrus.jpeg","following":false}},{"slug":"Probando-Articulo6-13186","title":"Probando Articulo6","description":"es una prueba6","body":"practicando Karate6","tagList":[],"createdAt":"2025-05-26T00:27:03.581Z","updatedAt":"2025-05-26T00:27:03.581Z","favorited":false,"favoritesCount":0,"author":{"username":"Alvariytomyg","bio":null,"image":"https://conduit-api.bondaracademy.com/images/smiley-cyrus.jpeg","following":false}},{"slug":"Discover-Bondar-Academy:-Your-Gateway-to-Efficient-Learning-1","title":"Discover Bondar Academy: Your Gateway to Efficient Learning","description":"Discover Bondar Academy's unique place in the educational landscape, where value-focused and efficient learning approaches converge. Our goal is to rapidly enhance your professional technical skills, boosting your market competitiveness and paving the way for higher-paying job opportunities. The speed of your progress is in your hands – you set the pace, and we provide the solutions and support to help you achieve your desired outcomes.","body":"Bondar Academy is a leading platform for efficient education, designed to boost your technical skills and advance your career in Quality Assurance (QA). Our program features a balanced mix of pre-recorded lectures and live sessions, allowing each student to study at their own pace and at a time that suits them. \n\nOur instructors are readily available on our Slack Workspace for support. Whether it's a quick question or a more complex issue requiring a Zoom call or Slack Huddle for screen sharing and live discussion, we're here to assist. Additionally, each class comes with a comprehensive question bank for self-assessment. Following each lecture, you have the opportunity to validate your understanding and readiness to progress to the next topic. You set the pace, and we provide the solutions to ensure you achieve your desired outcomes.\n\nSignUp today: https://www.bondaracademy.com","tagList":["qa career","Bondar Academy","QA Skills","Value-Focused"],"createdAt":"2024-01-27T21:52:32.682Z","updatedAt":"2024-01-27T21:52:32.682Z","favorited":false,"favoritesCount":732,"author":{"username":"Artem Bondar","bio":null,"image":"https://storage.googleapis.com/bondar-academy-visuals/Android.png","following":false}},{"slug":"The-value-of-pre-recorded-video-classes.-The-most-efficient-approach-to-tranfer-the-knowledge-1","title":"The value of pre-recorded video classes. The most efficient approach to tranfer the knowledge","description":"As educational practices evolve, video tutorials have emerged as the most efficient method for imparting theoretical knowledge. At Bondar Academy, we prioritize expertly structured and crafted video tutorials, ensuring you learn quickly and effectively and advance your skills.","body":"At Bondar Academy, we prioritize the value of your time and the efficiency of your education, distinguishing our approach from traditional colleges and live boot camps. Forget long, tedious live lectures on a fixed schedule. With us, you learn at your convenience and pace through optimized, structured video lectures. \n\nWe understand your goal is rapid knowledge acquisition. Our pre-recorded and well-organized lectures are designed precisely for this, ensuring no slowdowns from group dynamics or unrelated instructor anecdotes. \n\nDive straight into the subject matter, learn efficiently, and if questions arise, our immediate support on the Slack Workspace is there to streamline your learning process and swiftly remove any roadblocks.","tagList":["Bondar Academy","Video Lectures","Tutorials"],"createdAt":"2024-01-27T21:50:38.825Z","updatedAt":"2024-01-27T21:50:38.825Z","favorited":false,"favoritesCount":258,"author":{"username":"Artem Bondar","bio":null,"image":"https://storage.googleapis.com/bondar-academy-visuals/Android.png","following":false}},{"slug":"Mastering-Knowledge-with-Self-Assessments:-Identifying-and-Bridging-Learning-Gaps-in-Education-1","title":"Mastering Knowledge with Self-Assessments: Identifying and Bridging Learning Gaps in Education","description":"Self-assessment is an essential tool for gauging your understanding of lecture material. It answers critical questions: Have you grasped everything correctly? Is there anything you've missed? Are you prepared for the next lesson? These assessments ensure that you build a solid foundation of knowledge, confidently and efficiently paving the way for swift progress and effective learning outcomes.","body":"Traditional educational institutions, such as colleges and universities, commonly use tests and assessments to measure knowledge. This approach is effective for gauging student performance, but it's not without drawbacks. In these settings, assessments after every lecture aren't feasible due to the time required for teachers to evaluate them. This often leads to students having a false sense of understanding, believing they've comprehended all aspects of a lecture when, in reality, small but crucial details might be missed. These 'knowledge gaps' can accumulate, making more complex topics difficult to grasp later on.\n\nAt Bondar Academy, we address this challenge by implementing self-assessments after every lecture. These are designed to cover key questions that ensure a thorough understanding of the material, essential for comfort and success in future lectures. The number of questions varies, ranging from 3-4 to 15-20, depending on the lecture's significance and the volume of critical information. With these self-assessments, students receive immediate feedback, helping them determine if they've fully understood the lecture or if they need to revisit certain parts or seek assistance from our instructors in the Slack Workspace.","tagList":["Self-Assessment","Test","Exam"],"createdAt":"2024-01-27T21:48:36.340Z","updatedAt":"2024-01-27T21:48:36.340Z","favorited":false,"favoritesCount":67,"author":{"username":"Artem Bondar","bio":null,"image":"https://storage.googleapis.com/bondar-academy-visuals/Android.png","following":false}},{"slug":"Practical-Implementation-of-Skills:-Homework-Assignments-with-Instructor-Supervision-1","title":"Practical Implementation of Skills: Homework Assignments with Instructor Supervision","description":"Knowledge or skills not reinforced through practical exercises can quickly fade, often faster than anticipated. Homework, particularly in tasks like writing your own code, is crucial for honing these skills and cementing your understanding. At Bondar Academy, we ensure this vital step by assigning homework, rigorously evaluating the outcomes, and providing valuable feedback to guide your learning journey.","body":"Homework assignments are a fundamental component of the educational methodology at Bondar Academy, especially in technical education where learning a new programming language or framework is involved. The key to mastering these skills lies in writing code; the more you write, the better you become. However, merely replicating code seen in lectures leads to minimal learning. Often, this approach leaves students unclear about why their code works the way it does, as they focus on copying rather than understanding.\n\nA homework assignment at Bondar Academy starts with a blank page, challenging students to apply all their knowledge to write the first line of code. This process is more demanding than it appears. As you write each line, understanding and reasoning grow, making your code meaningful and comprehensible. You learn to write code that makes sense to you, enhancing your understanding.\n\nIn completing these assignments, you engage the 'thinking' part of your brain, transforming theoretical knowledge into practical skills. Recognizing the crucial role of homework in learning, our instructors at Bondar Academy are always available to assist with any challenges. Just reach out on Slack, and you'll receive the guidance and support needed for successful completion. At Bondar Academy, we fully understand the importance of homework assignments for the best outcome, so our instructors are always here to assist if you have any difficulties with completing them. Just ask in Slack and you'll be guided and assisted.","tagList":["Homework","Assignments","Practice","Coding"],"createdAt":"2024-01-27T21:46:09.512Z","updatedAt":"2024-01-27T21:46:09.512Z","favorited":false,"favoritesCount":37,"author":{"username":"Artem Bondar","bio":null,"image":"https://storage.googleapis.com/bondar-academy-visuals/Android.png","following":false}}],"articlesCount":16}

01:25:43.053 [main] INFO  com.intuit.karate.Runner - using system property 'karate.options': --tags @debug
01:25:43.265 [main] DEBUG com.intuit.karate.Suite - [config] classpath:karate-config.js
01:25:43.791 [main] INFO  com.intuit.karate - karate.env system property was: null 
01:25:43.794 [main] INFO  com.intuit.karate - >> lock acquired, begin callSingle: classpath:helpers/CreateToken.feature
01:25:43.982 [main] DEBUG com.intuit.karate - request:
1 > POST https://conduit-api.bondaracademy.com/api/users/login
1 > Content-Type: application/json; charset=UTF-8
1 > Content-Length: 65
1 > Host: conduit-api.bondaracademy.com
1 > Connection: Keep-Alive
1 > User-Agent: Apache-HttpClient/4.5.14 (Java/17.0.12)
1 > Accept-Encoding: gzip,deflate
{"user":{"email":"pruebakarate@test.com","password":"karate123"}}

01:25:44.882 [main] DEBUG com.intuit.karate - response time in milliseconds: 898
1 < 200
1 < x-powered-by: Express
1 < vary: Origin
1 < content-type: application/json; charset=utf-8
1 < etag: W/"13e-H+gPTJ1jsT7QGshpyn1vx4fnD7U"
1 < x-cloud-trace-context: 82ee2502ec0c2abb58ae08478b720e6c
1 < date: Wed, 13 Aug 2025 06:25:44 GMT
1 < server: Google Frontend
1 < Content-Length: 318
{"user":{"email":"pruebakarate@test.com","username":"Alvariytomyg","bio":null,"image":"https://conduit-api.bondaracademy.com/images/smiley-cyrus.jpeg","token":"eyJhbGciOiJIUzI1NiIsInR5cCI6IkpXVCJ9.eyJ1c2VyIjp7ImlkIjoxMzE4Nn0sImlhdCI6MTc1NTA2NjM0NCwiZXhwIjoxNzYwMjUwMzQ0fQ.yhibBu1FkNtObSIg9UDYJUTFyNM61_TUWbhRcNthC24"}}

01:25:44.888 [main] INFO  com.intuit.karate - << lock released, cached callSingle: classpath:helpers/CreateToken.feature
01:25:44.893 [main] DEBUG com.intuit.karate - request:
1 > GET https://conduit-api.bondaracademy.com/api/tags
1 > Authorization: Token eyJhbGciOiJIUzI1NiIsInR5cCI6IkpXVCJ9.eyJ1c2VyIjp7ImlkIjoxMzE4Nn0sImlhdCI6MTc1NTA2NjM0NCwiZXhwIjoxNzYwMjUwMzQ0fQ.yhibBu1FkNtObSIg9UDYJUTFyNM61_TUWbhRcNthC24
1 > Host: conduit-api.bondaracademy.com
1 > Connection: Keep-Alive
1 > User-Agent: Apache-HttpClient/4.5.14 (Java/17.0.12)
1 > Accept-Encoding: gzip,deflate


01:25:45.724 [main] DEBUG com.intuit.karate - response time in milliseconds: 830
1 < 200
1 < x-powered-by: Express
1 < vary: Origin
1 < content-type: application/json; charset=utf-8
1 < etag: W/"65-XAqp9RO5/GurIdusYmbGg8NPW48"
1 < x-cloud-trace-context: 7ebf1ef0352459c7c66ebab3ad9913ed
1 < date: Wed, 13 Aug 2025 06:25:45 GMT
1 < server: Google Frontend
1 < Content-Length: 101
{"tags":["Test","Git","YouTube","Zoom","Blog","Bondar Academy","Enroll","Exam","Community","GitHub"]}

01:25:45.741 [main] INFO  com.intuit.karate - karate.env system property was: null 
01:25:45.744 [main] DEBUG com.intuit.karate - request:
1 > GET https://conduit-api.bondaracademy.com/api/articles?limt=10&offset=0
1 > Authorization: Token eyJhbGciOiJIUzI1NiIsInR5cCI6IkpXVCJ9.eyJ1c2VyIjp7ImlkIjoxMzE4Nn0sImlhdCI6MTc1NTA2NjM0NCwiZXhwIjoxNzYwMjUwMzQ0fQ.yhibBu1FkNtObSIg9UDYJUTFyNM61_TUWbhRcNthC24
1 > Host: conduit-api.bondaracademy.com
1 > Connection: Keep-Alive
1 > User-Agent: Apache-HttpClient/4.5.14 (Java/17.0.12)
1 > Accept-Encoding: gzip,deflate


01:25:46.874 [main] DEBUG com.intuit.karate - response time in milliseconds: 1129
1 < 200
1 < x-powered-by: Express
1 < vary: Origin
1 < content-type: application/json; charset=utf-8
1 < etag: W/"28e1-8lgXoYOslxN9R6eEWs0gkt9L6LQ"
1 < x-cloud-trace-context: 6edc682132796cdaa1f8be88b5c30fa4
1 < date: Wed, 13 Aug 2025 06:25:46 GMT
1 < server: Google Frontend
1 < Content-Length: 10465
{"articles":[{"slug":"Creando-Articulo13-13186","title":"Creando Articulo13","description":"es una prueba11","body":"practicando Karate11","tagList":[],"createdAt":"2025-08-13T02:43:35.040Z","updatedAt":"2025-08-13T02:43:35.040Z","favorited":false,"favoritesCount":0,"author":{"username":"Alvariytomyg","bio":null,"image":"https://conduit-api.bondaracademy.com/images/smiley-cyrus.jpeg","following":false}},{"slug":"Creando-Articulo12-13186","title":"Creando Articulo12","description":"es una prueba12","body":"practicando Karate12","tagList":[],"createdAt":"2025-08-13T02:02:35.692Z","updatedAt":"2025-08-13T02:02:35.692Z","favorited":false,"favoritesCount":0,"author":{"username":"Alvariytomyg","bio":null,"image":"https://conduit-api.bondaracademy.com/images/smiley-cyrus.jpeg","following":false}},{"slug":"Probando-Articulo9-13186","title":"Probando Articulo9","description":"es una prueba9","body":"practicando Karate9","tagList":[],"createdAt":"2025-06-25T21:57:45.735Z","updatedAt":"2025-06-25T21:57:45.735Z","favorited":false,"favoritesCount":0,"author":{"username":"Alvariytomyg","bio":null,"image":"https://conduit-api.bondaracademy.com/images/smiley-cyrus.jpeg","following":false}},{"slug":"Probando-Articulo8-13186","title":"Probando Articulo8","description":"es una prueba8","body":"practicando Karate8","tagList":[],"createdAt":"2025-05-26T01:08:04.570Z","updatedAt":"2025-05-26T01:08:04.570Z","favorited":false,"favoritesCount":0,"author":{"username":"Alvariytomyg","bio":null,"image":"https://conduit-api.bondaracademy.com/images/smiley-cyrus.jpeg","following":false}},{"slug":"Probando-Articulo7-13186","title":"Probando Articulo7","description":"es una prueba7","body":"practicando Karate6","tagList":[],"createdAt":"2025-05-26T00:30:47.752Z","updatedAt":"2025-05-26T00:30:47.752Z","favorited":false,"favoritesCount":0,"author":{"username":"Alvariytomyg","bio":null,"image":"https://conduit-api.bondaracademy.com/images/smiley-cyrus.jpeg","following":false}},{"slug":"Probando-Articulo6-13186","title":"Probando Articulo6","description":"es una prueba6","body":"practicando Karate6","tagList":[],"createdAt":"2025-05-26T00:27:03.581Z","updatedAt":"2025-05-26T00:27:03.581Z","favorited":false,"favoritesCount":0,"author":{"username":"Alvariytomyg","bio":null,"image":"https://conduit-api.bondaracademy.com/images/smiley-cyrus.jpeg","following":false}},{"slug":"Discover-Bondar-Academy:-Your-Gateway-to-Efficient-Learning-1","title":"Discover Bondar Academy: Your Gateway to Efficient Learning","description":"Discover Bondar Academy's unique place in the educational landscape, where value-focused and efficient learning approaches converge. Our goal is to rapidly enhance your professional technical skills, boosting your market competitiveness and paving the way for higher-paying job opportunities. The speed of your progress is in your hands – you set the pace, and we provide the solutions and support to help you achieve your desired outcomes.","body":"Bondar Academy is a leading platform for efficient education, designed to boost your technical skills and advance your career in Quality Assurance (QA). Our program features a balanced mix of pre-recorded lectures and live sessions, allowing each student to study at their own pace and at a time that suits them. \n\nOur instructors are readily available on our Slack Workspace for support. Whether it's a quick question or a more complex issue requiring a Zoom call or Slack Huddle for screen sharing and live discussion, we're here to assist. Additionally, each class comes with a comprehensive question bank for self-assessment. Following each lecture, you have the opportunity to validate your understanding and readiness to progress to the next topic. You set the pace, and we provide the solutions to ensure you achieve your desired outcomes.\n\nSignUp today: https://www.bondaracademy.com","tagList":["qa career","Bondar Academy","QA Skills","Value-Focused"],"createdAt":"2024-01-27T21:52:32.682Z","updatedAt":"2024-01-27T21:52:32.682Z","favorited":false,"favoritesCount":732,"author":{"username":"Artem Bondar","bio":null,"image":"https://storage.googleapis.com/bondar-academy-visuals/Android.png","following":false}},{"slug":"The-value-of-pre-recorded-video-classes.-The-most-efficient-approach-to-tranfer-the-knowledge-1","title":"The value of pre-recorded video classes. The most efficient approach to tranfer the knowledge","description":"As educational practices evolve, video tutorials have emerged as the most efficient method for imparting theoretical knowledge. At Bondar Academy, we prioritize expertly structured and crafted video tutorials, ensuring you learn quickly and effectively and advance your skills.","body":"At Bondar Academy, we prioritize the value of your time and the efficiency of your education, distinguishing our approach from traditional colleges and live boot camps. Forget long, tedious live lectures on a fixed schedule. With us, you learn at your convenience and pace through optimized, structured video lectures. \n\nWe understand your goal is rapid knowledge acquisition. Our pre-recorded and well-organized lectures are designed precisely for this, ensuring no slowdowns from group dynamics or unrelated instructor anecdotes. \n\nDive straight into the subject matter, learn efficiently, and if questions arise, our immediate support on the Slack Workspace is there to streamline your learning process and swiftly remove any roadblocks.","tagList":["Bondar Academy","Video Lectures","Tutorials"],"createdAt":"2024-01-27T21:50:38.825Z","updatedAt":"2024-01-27T21:50:38.825Z","favorited":false,"favoritesCount":258,"author":{"username":"Artem Bondar","bio":null,"image":"https://storage.googleapis.com/bondar-academy-visuals/Android.png","following":false}},{"slug":"Mastering-Knowledge-with-Self-Assessments:-Identifying-and-Bridging-Learning-Gaps-in-Education-1","title":"Mastering Knowledge with Self-Assessments: Identifying and Bridging Learning Gaps in Education","description":"Self-assessment is an essential tool for gauging your understanding of lecture material. It answers critical questions: Have you grasped everything correctly? Is there anything you've missed? Are you prepared for the next lesson? These assessments ensure that you build a solid foundation of knowledge, confidently and efficiently paving the way for swift progress and effective learning outcomes.","body":"Traditional educational institutions, such as colleges and universities, commonly use tests and assessments to measure knowledge. This approach is effective for gauging student performance, but it's not without drawbacks. In these settings, assessments after every lecture aren't feasible due to the time required for teachers to evaluate them. This often leads to students having a false sense of understanding, believing they've comprehended all aspects of a lecture when, in reality, small but crucial details might be missed. These 'knowledge gaps' can accumulate, making more complex topics difficult to grasp later on.\n\nAt Bondar Academy, we address this challenge by implementing self-assessments after every lecture. These are designed to cover key questions that ensure a thorough understanding of the material, essential for comfort and success in future lectures. The number of questions varies, ranging from 3-4 to 15-20, depending on the lecture's significance and the volume of critical information. With these self-assessments, students receive immediate feedback, helping them determine if they've fully understood the lecture or if they need to revisit certain parts or seek assistance from our instructors in the Slack Workspace.","tagList":["Self-Assessment","Test","Exam"],"createdAt":"2024-01-27T21:48:36.340Z","updatedAt":"2024-01-27T21:48:36.340Z","favorited":false,"favoritesCount":67,"author":{"username":"Artem Bondar","bio":null,"image":"https://storage.googleapis.com/bondar-academy-visuals/Android.png","following":false}},{"slug":"Practical-Implementation-of-Skills:-Homework-Assignments-with-Instructor-Supervision-1","title":"Practical Implementation of Skills: Homework Assignments with Instructor Supervision","description":"Knowledge or skills not reinforced through practical exercises can quickly fade, often faster than anticipated. Homework, particularly in tasks like writing your own code, is crucial for honing these skills and cementing your understanding. At Bondar Academy, we ensure this vital step by assigning homework, rigorously evaluating the outcomes, and providing valuable feedback to guide your learning journey.","body":"Homework assignments are a fundamental component of the educational methodology at Bondar Academy, especially in technical education where learning a new programming language or framework is involved. The key to mastering these skills lies in writing code; the more you write, the better you become. However, merely replicating code seen in lectures leads to minimal learning. Often, this approach leaves students unclear about why their code works the way it does, as they focus on copying rather than understanding.\n\nA homework assignment at Bondar Academy starts with a blank page, challenging students to apply all their knowledge to write the first line of code. This process is more demanding than it appears. As you write each line, understanding and reasoning grow, making your code meaningful and comprehensible. You learn to write code that makes sense to you, enhancing your understanding.\n\nIn completing these assignments, you engage the 'thinking' part of your brain, transforming theoretical knowledge into practical skills. Recognizing the crucial role of homework in learning, our instructors at Bondar Academy are always available to assist with any challenges. Just reach out on Slack, and you'll receive the guidance and support needed for successful completion. At Bondar Academy, we fully understand the importance of homework assignments for the best outcome, so our instructors are always here to assist if you have any difficulties with completing them. Just ask in Slack and you'll be guided and assisted.","tagList":["Homework","Assignments","Practice","Coding"],"createdAt":"2024-01-27T21:46:09.512Z","updatedAt":"2024-01-27T21:46:09.512Z","favorited":false,"favoritesCount":37,"author":{"username":"Artem Bondar","bio":null,"image":"https://storage.googleapis.com/bondar-academy-visuals/Android.png","following":false}}],"articlesCount":16}

01:30:11.340 [main] INFO  com.intuit.karate.Runner - using system property 'karate.options': --tags @debug
01:30:11.547 [main] DEBUG com.intuit.karate.Suite - [config] classpath:karate-config.js
01:30:12.075 [main] INFO  com.intuit.karate - karate.env system property was: null 
01:30:12.078 [main] INFO  com.intuit.karate - >> lock acquired, begin callSingle: classpath:helpers/CreateToken.feature
01:30:12.277 [main] DEBUG com.intuit.karate - request:
1 > POST https://conduit-api.bondaracademy.com/api/users/login
1 > Content-Type: application/json; charset=UTF-8
1 > Content-Length: 65
1 > Host: conduit-api.bondaracademy.com
1 > Connection: Keep-Alive
1 > User-Agent: Apache-HttpClient/4.5.14 (Java/17.0.12)
1 > Accept-Encoding: gzip,deflate
{"user":{"email":"pruebakarate@test.com","password":"karate123"}}

01:30:13.130 [main] DEBUG com.intuit.karate - response time in milliseconds: 851
1 < 200
1 < x-powered-by: Express
1 < vary: Origin
1 < content-type: application/json; charset=utf-8
1 < etag: W/"13e-pMAl2UMtV1Hg1DQR2s+3IdDCArI"
1 < x-cloud-trace-context: e002f8bbcc8b1bf230590ef0fa8e0a14;o=1
1 < date: Wed, 13 Aug 2025 06:30:13 GMT
1 < server: Google Frontend
1 < Content-Length: 318
{"user":{"email":"pruebakarate@test.com","username":"Alvariytomyg","bio":null,"image":"https://conduit-api.bondaracademy.com/images/smiley-cyrus.jpeg","token":"eyJhbGciOiJIUzI1NiIsInR5cCI6IkpXVCJ9.eyJ1c2VyIjp7ImlkIjoxMzE4Nn0sImlhdCI6MTc1NTA2NjYxMywiZXhwIjoxNzYwMjUwNjEzfQ.SOJHo5_SY52_G3mlD9yatDlzS0REGZ_5rb3QqxbIrEY"}}

01:30:13.135 [main] INFO  com.intuit.karate - << lock released, cached callSingle: classpath:helpers/CreateToken.feature
01:30:13.139 [main] DEBUG com.intuit.karate - request:
1 > GET https://conduit-api.bondaracademy.com/api/tags
1 > Authorization: Token eyJhbGciOiJIUzI1NiIsInR5cCI6IkpXVCJ9.eyJ1c2VyIjp7ImlkIjoxMzE4Nn0sImlhdCI6MTc1NTA2NjYxMywiZXhwIjoxNzYwMjUwNjEzfQ.SOJHo5_SY52_G3mlD9yatDlzS0REGZ_5rb3QqxbIrEY
1 > Host: conduit-api.bondaracademy.com
1 > Connection: Keep-Alive
1 > User-Agent: Apache-HttpClient/4.5.14 (Java/17.0.12)
1 > Accept-Encoding: gzip,deflate


01:30:13.865 [main] DEBUG com.intuit.karate - response time in milliseconds: 725
1 < 200
1 < x-powered-by: Express
1 < vary: Origin
1 < content-type: application/json; charset=utf-8
1 < etag: W/"65-XAqp9RO5/GurIdusYmbGg8NPW48"
1 < x-cloud-trace-context: 132d04f12576082241c8cd7f0dd416fa
1 < date: Wed, 13 Aug 2025 06:30:13 GMT
1 < server: Google Frontend
1 < Content-Length: 101
{"tags":["Test","Git","YouTube","Zoom","Blog","Bondar Academy","Enroll","Exam","Community","GitHub"]}

01:30:13.889 [main] INFO  com.intuit.karate - karate.env system property was: null 
01:30:13.892 [main] DEBUG com.intuit.karate - request:
1 > GET https://conduit-api.bondaracademy.com/api/articles?limt=10&offset=0
1 > Authorization: Token eyJhbGciOiJIUzI1NiIsInR5cCI6IkpXVCJ9.eyJ1c2VyIjp7ImlkIjoxMzE4Nn0sImlhdCI6MTc1NTA2NjYxMywiZXhwIjoxNzYwMjUwNjEzfQ.SOJHo5_SY52_G3mlD9yatDlzS0REGZ_5rb3QqxbIrEY
1 > Host: conduit-api.bondaracademy.com
1 > Connection: Keep-Alive
1 > User-Agent: Apache-HttpClient/4.5.14 (Java/17.0.12)
1 > Accept-Encoding: gzip,deflate


01:30:14.990 [main] DEBUG com.intuit.karate - response time in milliseconds: 1097
1 < 200
1 < x-powered-by: Express
1 < vary: Origin
1 < content-type: application/json; charset=utf-8
1 < etag: W/"28e1-8lgXoYOslxN9R6eEWs0gkt9L6LQ"
1 < x-cloud-trace-context: ce6ab6e6007c6128d0f56b81c6f905fc
1 < date: Wed, 13 Aug 2025 06:30:14 GMT
1 < server: Google Frontend
1 < Content-Length: 10465
{"articles":[{"slug":"Creando-Articulo13-13186","title":"Creando Articulo13","description":"es una prueba11","body":"practicando Karate11","tagList":[],"createdAt":"2025-08-13T02:43:35.040Z","updatedAt":"2025-08-13T02:43:35.040Z","favorited":false,"favoritesCount":0,"author":{"username":"Alvariytomyg","bio":null,"image":"https://conduit-api.bondaracademy.com/images/smiley-cyrus.jpeg","following":false}},{"slug":"Creando-Articulo12-13186","title":"Creando Articulo12","description":"es una prueba12","body":"practicando Karate12","tagList":[],"createdAt":"2025-08-13T02:02:35.692Z","updatedAt":"2025-08-13T02:02:35.692Z","favorited":false,"favoritesCount":0,"author":{"username":"Alvariytomyg","bio":null,"image":"https://conduit-api.bondaracademy.com/images/smiley-cyrus.jpeg","following":false}},{"slug":"Probando-Articulo9-13186","title":"Probando Articulo9","description":"es una prueba9","body":"practicando Karate9","tagList":[],"createdAt":"2025-06-25T21:57:45.735Z","updatedAt":"2025-06-25T21:57:45.735Z","favorited":false,"favoritesCount":0,"author":{"username":"Alvariytomyg","bio":null,"image":"https://conduit-api.bondaracademy.com/images/smiley-cyrus.jpeg","following":false}},{"slug":"Probando-Articulo8-13186","title":"Probando Articulo8","description":"es una prueba8","body":"practicando Karate8","tagList":[],"createdAt":"2025-05-26T01:08:04.570Z","updatedAt":"2025-05-26T01:08:04.570Z","favorited":false,"favoritesCount":0,"author":{"username":"Alvariytomyg","bio":null,"image":"https://conduit-api.bondaracademy.com/images/smiley-cyrus.jpeg","following":false}},{"slug":"Probando-Articulo7-13186","title":"Probando Articulo7","description":"es una prueba7","body":"practicando Karate6","tagList":[],"createdAt":"2025-05-26T00:30:47.752Z","updatedAt":"2025-05-26T00:30:47.752Z","favorited":false,"favoritesCount":0,"author":{"username":"Alvariytomyg","bio":null,"image":"https://conduit-api.bondaracademy.com/images/smiley-cyrus.jpeg","following":false}},{"slug":"Probando-Articulo6-13186","title":"Probando Articulo6","description":"es una prueba6","body":"practicando Karate6","tagList":[],"createdAt":"2025-05-26T00:27:03.581Z","updatedAt":"2025-05-26T00:27:03.581Z","favorited":false,"favoritesCount":0,"author":{"username":"Alvariytomyg","bio":null,"image":"https://conduit-api.bondaracademy.com/images/smiley-cyrus.jpeg","following":false}},{"slug":"Discover-Bondar-Academy:-Your-Gateway-to-Efficient-Learning-1","title":"Discover Bondar Academy: Your Gateway to Efficient Learning","description":"Discover Bondar Academy's unique place in the educational landscape, where value-focused and efficient learning approaches converge. Our goal is to rapidly enhance your professional technical skills, boosting your market competitiveness and paving the way for higher-paying job opportunities. The speed of your progress is in your hands – you set the pace, and we provide the solutions and support to help you achieve your desired outcomes.","body":"Bondar Academy is a leading platform for efficient education, designed to boost your technical skills and advance your career in Quality Assurance (QA). Our program features a balanced mix of pre-recorded lectures and live sessions, allowing each student to study at their own pace and at a time that suits them. \n\nOur instructors are readily available on our Slack Workspace for support. Whether it's a quick question or a more complex issue requiring a Zoom call or Slack Huddle for screen sharing and live discussion, we're here to assist. Additionally, each class comes with a comprehensive question bank for self-assessment. Following each lecture, you have the opportunity to validate your understanding and readiness to progress to the next topic. You set the pace, and we provide the solutions to ensure you achieve your desired outcomes.\n\nSignUp today: https://www.bondaracademy.com","tagList":["qa career","Bondar Academy","QA Skills","Value-Focused"],"createdAt":"2024-01-27T21:52:32.682Z","updatedAt":"2024-01-27T21:52:32.682Z","favorited":false,"favoritesCount":732,"author":{"username":"Artem Bondar","bio":null,"image":"https://storage.googleapis.com/bondar-academy-visuals/Android.png","following":false}},{"slug":"The-value-of-pre-recorded-video-classes.-The-most-efficient-approach-to-tranfer-the-knowledge-1","title":"The value of pre-recorded video classes. The most efficient approach to tranfer the knowledge","description":"As educational practices evolve, video tutorials have emerged as the most efficient method for imparting theoretical knowledge. At Bondar Academy, we prioritize expertly structured and crafted video tutorials, ensuring you learn quickly and effectively and advance your skills.","body":"At Bondar Academy, we prioritize the value of your time and the efficiency of your education, distinguishing our approach from traditional colleges and live boot camps. Forget long, tedious live lectures on a fixed schedule. With us, you learn at your convenience and pace through optimized, structured video lectures. \n\nWe understand your goal is rapid knowledge acquisition. Our pre-recorded and well-organized lectures are designed precisely for this, ensuring no slowdowns from group dynamics or unrelated instructor anecdotes. \n\nDive straight into the subject matter, learn efficiently, and if questions arise, our immediate support on the Slack Workspace is there to streamline your learning process and swiftly remove any roadblocks.","tagList":["Bondar Academy","Video Lectures","Tutorials"],"createdAt":"2024-01-27T21:50:38.825Z","updatedAt":"2024-01-27T21:50:38.825Z","favorited":false,"favoritesCount":258,"author":{"username":"Artem Bondar","bio":null,"image":"https://storage.googleapis.com/bondar-academy-visuals/Android.png","following":false}},{"slug":"Mastering-Knowledge-with-Self-Assessments:-Identifying-and-Bridging-Learning-Gaps-in-Education-1","title":"Mastering Knowledge with Self-Assessments: Identifying and Bridging Learning Gaps in Education","description":"Self-assessment is an essential tool for gauging your understanding of lecture material. It answers critical questions: Have you grasped everything correctly? Is there anything you've missed? Are you prepared for the next lesson? These assessments ensure that you build a solid foundation of knowledge, confidently and efficiently paving the way for swift progress and effective learning outcomes.","body":"Traditional educational institutions, such as colleges and universities, commonly use tests and assessments to measure knowledge. This approach is effective for gauging student performance, but it's not without drawbacks. In these settings, assessments after every lecture aren't feasible due to the time required for teachers to evaluate them. This often leads to students having a false sense of understanding, believing they've comprehended all aspects of a lecture when, in reality, small but crucial details might be missed. These 'knowledge gaps' can accumulate, making more complex topics difficult to grasp later on.\n\nAt Bondar Academy, we address this challenge by implementing self-assessments after every lecture. These are designed to cover key questions that ensure a thorough understanding of the material, essential for comfort and success in future lectures. The number of questions varies, ranging from 3-4 to 15-20, depending on the lecture's significance and the volume of critical information. With these self-assessments, students receive immediate feedback, helping them determine if they've fully understood the lecture or if they need to revisit certain parts or seek assistance from our instructors in the Slack Workspace.","tagList":["Self-Assessment","Test","Exam"],"createdAt":"2024-01-27T21:48:36.340Z","updatedAt":"2024-01-27T21:48:36.340Z","favorited":false,"favoritesCount":67,"author":{"username":"Artem Bondar","bio":null,"image":"https://storage.googleapis.com/bondar-academy-visuals/Android.png","following":false}},{"slug":"Practical-Implementation-of-Skills:-Homework-Assignments-with-Instructor-Supervision-1","title":"Practical Implementation of Skills: Homework Assignments with Instructor Supervision","description":"Knowledge or skills not reinforced through practical exercises can quickly fade, often faster than anticipated. Homework, particularly in tasks like writing your own code, is crucial for honing these skills and cementing your understanding. At Bondar Academy, we ensure this vital step by assigning homework, rigorously evaluating the outcomes, and providing valuable feedback to guide your learning journey.","body":"Homework assignments are a fundamental component of the educational methodology at Bondar Academy, especially in technical education where learning a new programming language or framework is involved. The key to mastering these skills lies in writing code; the more you write, the better you become. However, merely replicating code seen in lectures leads to minimal learning. Often, this approach leaves students unclear about why their code works the way it does, as they focus on copying rather than understanding.\n\nA homework assignment at Bondar Academy starts with a blank page, challenging students to apply all their knowledge to write the first line of code. This process is more demanding than it appears. As you write each line, understanding and reasoning grow, making your code meaningful and comprehensible. You learn to write code that makes sense to you, enhancing your understanding.\n\nIn completing these assignments, you engage the 'thinking' part of your brain, transforming theoretical knowledge into practical skills. Recognizing the crucial role of homework in learning, our instructors at Bondar Academy are always available to assist with any challenges. Just reach out on Slack, and you'll receive the guidance and support needed for successful completion. At Bondar Academy, we fully understand the importance of homework assignments for the best outcome, so our instructors are always here to assist if you have any difficulties with completing them. Just ask in Slack and you'll be guided and assisted.","tagList":["Homework","Assignments","Practice","Coding"],"createdAt":"2024-01-27T21:46:09.512Z","updatedAt":"2024-01-27T21:46:09.512Z","favorited":false,"favoritesCount":37,"author":{"username":"Artem Bondar","bio":null,"image":"https://storage.googleapis.com/bondar-academy-visuals/Android.png","following":false}}],"articlesCount":16}

01:30:15.000 [main] ERROR com.intuit.karate - classpath:conduitApp/feature/HomePage.feature:26
And match response.articlesCount == 500
match failed: EQUALS
  $ | not equal (NUMBER:NUMBER)
  16
  500

classpath:conduitApp/feature/HomePage.feature:26
01:31:09.223 [main] INFO  com.intuit.karate.Runner - using system property 'karate.options': --tags @debug
01:31:09.425 [main] DEBUG com.intuit.karate.Suite - [config] classpath:karate-config.js
01:31:09.948 [main] INFO  com.intuit.karate - karate.env system property was: null 
01:31:09.951 [main] INFO  com.intuit.karate - >> lock acquired, begin callSingle: classpath:helpers/CreateToken.feature
01:31:10.141 [main] DEBUG com.intuit.karate - request:
1 > POST https://conduit-api.bondaracademy.com/api/users/login
1 > Content-Type: application/json; charset=UTF-8
1 > Content-Length: 65
1 > Host: conduit-api.bondaracademy.com
1 > Connection: Keep-Alive
1 > User-Agent: Apache-HttpClient/4.5.14 (Java/17.0.12)
1 > Accept-Encoding: gzip,deflate
{"user":{"email":"pruebakarate@test.com","password":"karate123"}}

01:31:11.018 [main] DEBUG com.intuit.karate - response time in milliseconds: 876
1 < 200
1 < x-powered-by: Express
1 < vary: Origin
1 < content-type: application/json; charset=utf-8
1 < etag: W/"13e-IVYThD5zKojeSF8yF7OG/qbc0Ro"
1 < x-cloud-trace-context: a0d375a38b2d20ff5a88485e952f5469;o=1
1 < date: Wed, 13 Aug 2025 06:31:10 GMT
1 < server: Google Frontend
1 < Content-Length: 318
{"user":{"email":"pruebakarate@test.com","username":"Alvariytomyg","bio":null,"image":"https://conduit-api.bondaracademy.com/images/smiley-cyrus.jpeg","token":"eyJhbGciOiJIUzI1NiIsInR5cCI6IkpXVCJ9.eyJ1c2VyIjp7ImlkIjoxMzE4Nn0sImlhdCI6MTc1NTA2NjY3MCwiZXhwIjoxNzYwMjUwNjcwfQ.kNc7GtCTWXkxMMRMaHs1Z0hgU0ANSJhjpLTjIKpZMNo"}}

01:31:11.023 [main] INFO  com.intuit.karate - << lock released, cached callSingle: classpath:helpers/CreateToken.feature
01:31:11.028 [main] DEBUG com.intuit.karate - request:
1 > GET https://conduit-api.bondaracademy.com/api/tags
1 > Authorization: Token eyJhbGciOiJIUzI1NiIsInR5cCI6IkpXVCJ9.eyJ1c2VyIjp7ImlkIjoxMzE4Nn0sImlhdCI6MTc1NTA2NjY3MCwiZXhwIjoxNzYwMjUwNjcwfQ.kNc7GtCTWXkxMMRMaHs1Z0hgU0ANSJhjpLTjIKpZMNo
1 > Host: conduit-api.bondaracademy.com
1 > Connection: Keep-Alive
1 > User-Agent: Apache-HttpClient/4.5.14 (Java/17.0.12)
1 > Accept-Encoding: gzip,deflate


01:31:11.769 [main] DEBUG com.intuit.karate - response time in milliseconds: 740
1 < 200
1 < x-powered-by: Express
1 < vary: Origin
1 < content-type: application/json; charset=utf-8
1 < etag: W/"65-XAqp9RO5/GurIdusYmbGg8NPW48"
1 < x-cloud-trace-context: 1e6057b47fae1726ebc211143b365fb7
1 < date: Wed, 13 Aug 2025 06:31:11 GMT
1 < server: Google Frontend
1 < Content-Length: 101
{"tags":["Test","Git","YouTube","Zoom","Blog","Bondar Academy","Enroll","Exam","Community","GitHub"]}

01:31:11.791 [main] INFO  com.intuit.karate - karate.env system property was: null 
01:31:11.795 [main] DEBUG com.intuit.karate - request:
1 > GET https://conduit-api.bondaracademy.com/api/articles?limt=10&offset=0
1 > Authorization: Token eyJhbGciOiJIUzI1NiIsInR5cCI6IkpXVCJ9.eyJ1c2VyIjp7ImlkIjoxMzE4Nn0sImlhdCI6MTc1NTA2NjY3MCwiZXhwIjoxNzYwMjUwNjcwfQ.kNc7GtCTWXkxMMRMaHs1Z0hgU0ANSJhjpLTjIKpZMNo
1 > Host: conduit-api.bondaracademy.com
1 > Connection: Keep-Alive
1 > User-Agent: Apache-HttpClient/4.5.14 (Java/17.0.12)
1 > Accept-Encoding: gzip,deflate


01:31:12.866 [main] DEBUG com.intuit.karate - response time in milliseconds: 1069
1 < 200
1 < x-powered-by: Express
1 < vary: Origin
1 < content-type: application/json; charset=utf-8
1 < etag: W/"28e1-8lgXoYOslxN9R6eEWs0gkt9L6LQ"
1 < x-cloud-trace-context: a1bc1a8c4c5dbb0db7d8dadab0a06745
1 < date: Wed, 13 Aug 2025 06:31:12 GMT
1 < server: Google Frontend
1 < Content-Length: 10465
{"articles":[{"slug":"Creando-Articulo13-13186","title":"Creando Articulo13","description":"es una prueba11","body":"practicando Karate11","tagList":[],"createdAt":"2025-08-13T02:43:35.040Z","updatedAt":"2025-08-13T02:43:35.040Z","favorited":false,"favoritesCount":0,"author":{"username":"Alvariytomyg","bio":null,"image":"https://conduit-api.bondaracademy.com/images/smiley-cyrus.jpeg","following":false}},{"slug":"Creando-Articulo12-13186","title":"Creando Articulo12","description":"es una prueba12","body":"practicando Karate12","tagList":[],"createdAt":"2025-08-13T02:02:35.692Z","updatedAt":"2025-08-13T02:02:35.692Z","favorited":false,"favoritesCount":0,"author":{"username":"Alvariytomyg","bio":null,"image":"https://conduit-api.bondaracademy.com/images/smiley-cyrus.jpeg","following":false}},{"slug":"Probando-Articulo9-13186","title":"Probando Articulo9","description":"es una prueba9","body":"practicando Karate9","tagList":[],"createdAt":"2025-06-25T21:57:45.735Z","updatedAt":"2025-06-25T21:57:45.735Z","favorited":false,"favoritesCount":0,"author":{"username":"Alvariytomyg","bio":null,"image":"https://conduit-api.bondaracademy.com/images/smiley-cyrus.jpeg","following":false}},{"slug":"Probando-Articulo8-13186","title":"Probando Articulo8","description":"es una prueba8","body":"practicando Karate8","tagList":[],"createdAt":"2025-05-26T01:08:04.570Z","updatedAt":"2025-05-26T01:08:04.570Z","favorited":false,"favoritesCount":0,"author":{"username":"Alvariytomyg","bio":null,"image":"https://conduit-api.bondaracademy.com/images/smiley-cyrus.jpeg","following":false}},{"slug":"Probando-Articulo7-13186","title":"Probando Articulo7","description":"es una prueba7","body":"practicando Karate6","tagList":[],"createdAt":"2025-05-26T00:30:47.752Z","updatedAt":"2025-05-26T00:30:47.752Z","favorited":false,"favoritesCount":0,"author":{"username":"Alvariytomyg","bio":null,"image":"https://conduit-api.bondaracademy.com/images/smiley-cyrus.jpeg","following":false}},{"slug":"Probando-Articulo6-13186","title":"Probando Articulo6","description":"es una prueba6","body":"practicando Karate6","tagList":[],"createdAt":"2025-05-26T00:27:03.581Z","updatedAt":"2025-05-26T00:27:03.581Z","favorited":false,"favoritesCount":0,"author":{"username":"Alvariytomyg","bio":null,"image":"https://conduit-api.bondaracademy.com/images/smiley-cyrus.jpeg","following":false}},{"slug":"Discover-Bondar-Academy:-Your-Gateway-to-Efficient-Learning-1","title":"Discover Bondar Academy: Your Gateway to Efficient Learning","description":"Discover Bondar Academy's unique place in the educational landscape, where value-focused and efficient learning approaches converge. Our goal is to rapidly enhance your professional technical skills, boosting your market competitiveness and paving the way for higher-paying job opportunities. The speed of your progress is in your hands – you set the pace, and we provide the solutions and support to help you achieve your desired outcomes.","body":"Bondar Academy is a leading platform for efficient education, designed to boost your technical skills and advance your career in Quality Assurance (QA). Our program features a balanced mix of pre-recorded lectures and live sessions, allowing each student to study at their own pace and at a time that suits them. \n\nOur instructors are readily available on our Slack Workspace for support. Whether it's a quick question or a more complex issue requiring a Zoom call or Slack Huddle for screen sharing and live discussion, we're here to assist. Additionally, each class comes with a comprehensive question bank for self-assessment. Following each lecture, you have the opportunity to validate your understanding and readiness to progress to the next topic. You set the pace, and we provide the solutions to ensure you achieve your desired outcomes.\n\nSignUp today: https://www.bondaracademy.com","tagList":["qa career","Bondar Academy","QA Skills","Value-Focused"],"createdAt":"2024-01-27T21:52:32.682Z","updatedAt":"2024-01-27T21:52:32.682Z","favorited":false,"favoritesCount":732,"author":{"username":"Artem Bondar","bio":null,"image":"https://storage.googleapis.com/bondar-academy-visuals/Android.png","following":false}},{"slug":"The-value-of-pre-recorded-video-classes.-The-most-efficient-approach-to-tranfer-the-knowledge-1","title":"The value of pre-recorded video classes. The most efficient approach to tranfer the knowledge","description":"As educational practices evolve, video tutorials have emerged as the most efficient method for imparting theoretical knowledge. At Bondar Academy, we prioritize expertly structured and crafted video tutorials, ensuring you learn quickly and effectively and advance your skills.","body":"At Bondar Academy, we prioritize the value of your time and the efficiency of your education, distinguishing our approach from traditional colleges and live boot camps. Forget long, tedious live lectures on a fixed schedule. With us, you learn at your convenience and pace through optimized, structured video lectures. \n\nWe understand your goal is rapid knowledge acquisition. Our pre-recorded and well-organized lectures are designed precisely for this, ensuring no slowdowns from group dynamics or unrelated instructor anecdotes. \n\nDive straight into the subject matter, learn efficiently, and if questions arise, our immediate support on the Slack Workspace is there to streamline your learning process and swiftly remove any roadblocks.","tagList":["Bondar Academy","Video Lectures","Tutorials"],"createdAt":"2024-01-27T21:50:38.825Z","updatedAt":"2024-01-27T21:50:38.825Z","favorited":false,"favoritesCount":258,"author":{"username":"Artem Bondar","bio":null,"image":"https://storage.googleapis.com/bondar-academy-visuals/Android.png","following":false}},{"slug":"Mastering-Knowledge-with-Self-Assessments:-Identifying-and-Bridging-Learning-Gaps-in-Education-1","title":"Mastering Knowledge with Self-Assessments: Identifying and Bridging Learning Gaps in Education","description":"Self-assessment is an essential tool for gauging your understanding of lecture material. It answers critical questions: Have you grasped everything correctly? Is there anything you've missed? Are you prepared for the next lesson? These assessments ensure that you build a solid foundation of knowledge, confidently and efficiently paving the way for swift progress and effective learning outcomes.","body":"Traditional educational institutions, such as colleges and universities, commonly use tests and assessments to measure knowledge. This approach is effective for gauging student performance, but it's not without drawbacks. In these settings, assessments after every lecture aren't feasible due to the time required for teachers to evaluate them. This often leads to students having a false sense of understanding, believing they've comprehended all aspects of a lecture when, in reality, small but crucial details might be missed. These 'knowledge gaps' can accumulate, making more complex topics difficult to grasp later on.\n\nAt Bondar Academy, we address this challenge by implementing self-assessments after every lecture. These are designed to cover key questions that ensure a thorough understanding of the material, essential for comfort and success in future lectures. The number of questions varies, ranging from 3-4 to 15-20, depending on the lecture's significance and the volume of critical information. With these self-assessments, students receive immediate feedback, helping them determine if they've fully understood the lecture or if they need to revisit certain parts or seek assistance from our instructors in the Slack Workspace.","tagList":["Self-Assessment","Test","Exam"],"createdAt":"2024-01-27T21:48:36.340Z","updatedAt":"2024-01-27T21:48:36.340Z","favorited":false,"favoritesCount":67,"author":{"username":"Artem Bondar","bio":null,"image":"https://storage.googleapis.com/bondar-academy-visuals/Android.png","following":false}},{"slug":"Practical-Implementation-of-Skills:-Homework-Assignments-with-Instructor-Supervision-1","title":"Practical Implementation of Skills: Homework Assignments with Instructor Supervision","description":"Knowledge or skills not reinforced through practical exercises can quickly fade, often faster than anticipated. Homework, particularly in tasks like writing your own code, is crucial for honing these skills and cementing your understanding. At Bondar Academy, we ensure this vital step by assigning homework, rigorously evaluating the outcomes, and providing valuable feedback to guide your learning journey.","body":"Homework assignments are a fundamental component of the educational methodology at Bondar Academy, especially in technical education where learning a new programming language or framework is involved. The key to mastering these skills lies in writing code; the more you write, the better you become. However, merely replicating code seen in lectures leads to minimal learning. Often, this approach leaves students unclear about why their code works the way it does, as they focus on copying rather than understanding.\n\nA homework assignment at Bondar Academy starts with a blank page, challenging students to apply all their knowledge to write the first line of code. This process is more demanding than it appears. As you write each line, understanding and reasoning grow, making your code meaningful and comprehensible. You learn to write code that makes sense to you, enhancing your understanding.\n\nIn completing these assignments, you engage the 'thinking' part of your brain, transforming theoretical knowledge into practical skills. Recognizing the crucial role of homework in learning, our instructors at Bondar Academy are always available to assist with any challenges. Just reach out on Slack, and you'll receive the guidance and support needed for successful completion. At Bondar Academy, we fully understand the importance of homework assignments for the best outcome, so our instructors are always here to assist if you have any difficulties with completing them. Just ask in Slack and you'll be guided and assisted.","tagList":["Homework","Assignments","Practice","Coding"],"createdAt":"2024-01-27T21:46:09.512Z","updatedAt":"2024-01-27T21:46:09.512Z","favorited":false,"favoritesCount":37,"author":{"username":"Artem Bondar","bio":null,"image":"https://storage.googleapis.com/bondar-academy-visuals/Android.png","following":false}}],"articlesCount":16}

01:31:12.880 [main] ERROR com.intuit.karate - classpath:conduitApp/feature/HomePage.feature:26
And match response.articlesCount == 11
match failed: EQUALS
  $ | not equal (NUMBER:NUMBER)
  16
  11

classpath:conduitApp/feature/HomePage.feature:26
01:33:44.308 [main] INFO  com.intuit.karate.Runner - using system property 'karate.options': --tags @debug
01:33:44.513 [main] DEBUG com.intuit.karate.Suite - [config] classpath:karate-config.js
01:33:45.044 [main] INFO  com.intuit.karate - karate.env system property was: null 
01:33:45.047 [main] INFO  com.intuit.karate - >> lock acquired, begin callSingle: classpath:helpers/CreateToken.feature
01:33:45.240 [main] DEBUG com.intuit.karate - request:
1 > POST https://conduit-api.bondaracademy.com/api/users/login
1 > Content-Type: application/json; charset=UTF-8
1 > Content-Length: 65
1 > Host: conduit-api.bondaracademy.com
1 > Connection: Keep-Alive
1 > User-Agent: Apache-HttpClient/4.5.14 (Java/17.0.12)
1 > Accept-Encoding: gzip,deflate
{"user":{"email":"pruebakarate@test.com","password":"karate123"}}

01:33:46.089 [main] DEBUG com.intuit.karate - response time in milliseconds: 846
1 < 200
1 < x-powered-by: Express
1 < vary: Origin
1 < content-type: application/json; charset=utf-8
1 < etag: W/"13e-zOi59creWOLHnu9/zumC0pY9W3U"
1 < x-cloud-trace-context: 9d4c07daf2fb98bcc06c4bedcd8a5214
1 < date: Wed, 13 Aug 2025 06:33:46 GMT
1 < server: Google Frontend
1 < Content-Length: 318
{"user":{"email":"pruebakarate@test.com","username":"Alvariytomyg","bio":null,"image":"https://conduit-api.bondaracademy.com/images/smiley-cyrus.jpeg","token":"eyJhbGciOiJIUzI1NiIsInR5cCI6IkpXVCJ9.eyJ1c2VyIjp7ImlkIjoxMzE4Nn0sImlhdCI6MTc1NTA2NjgyNiwiZXhwIjoxNzYwMjUwODI2fQ.NSfErOhrBG6_sLLqUX6I8nBUH38nbCVXjdzjpkTl54Q"}}

01:33:46.096 [main] INFO  com.intuit.karate - << lock released, cached callSingle: classpath:helpers/CreateToken.feature
01:33:46.100 [main] DEBUG com.intuit.karate - request:
1 > GET https://conduit-api.bondaracademy.com/api/tags
1 > Authorization: Token eyJhbGciOiJIUzI1NiIsInR5cCI6IkpXVCJ9.eyJ1c2VyIjp7ImlkIjoxMzE4Nn0sImlhdCI6MTc1NTA2NjgyNiwiZXhwIjoxNzYwMjUwODI2fQ.NSfErOhrBG6_sLLqUX6I8nBUH38nbCVXjdzjpkTl54Q
1 > Host: conduit-api.bondaracademy.com
1 > Connection: Keep-Alive
1 > User-Agent: Apache-HttpClient/4.5.14 (Java/17.0.12)
1 > Accept-Encoding: gzip,deflate


01:33:46.901 [main] DEBUG com.intuit.karate - response time in milliseconds: 800
1 < 200
1 < x-powered-by: Express
1 < vary: Origin
1 < content-type: application/json; charset=utf-8
1 < etag: W/"65-XAqp9RO5/GurIdusYmbGg8NPW48"
1 < x-cloud-trace-context: cf010c673f29f43a5cc0b58852ad5de1
1 < date: Wed, 13 Aug 2025 06:33:46 GMT
1 < server: Google Frontend
1 < Content-Length: 101
{"tags":["Test","Git","YouTube","Zoom","Blog","Bondar Academy","Enroll","Exam","Community","GitHub"]}

01:33:46.926 [main] INFO  com.intuit.karate - karate.env system property was: null 
01:33:46.929 [main] DEBUG com.intuit.karate - request:
1 > GET https://conduit-api.bondaracademy.com/api/articles?limt=10&offset=0
1 > Authorization: Token eyJhbGciOiJIUzI1NiIsInR5cCI6IkpXVCJ9.eyJ1c2VyIjp7ImlkIjoxMzE4Nn0sImlhdCI6MTc1NTA2NjgyNiwiZXhwIjoxNzYwMjUwODI2fQ.NSfErOhrBG6_sLLqUX6I8nBUH38nbCVXjdzjpkTl54Q
1 > Host: conduit-api.bondaracademy.com
1 > Connection: Keep-Alive
1 > User-Agent: Apache-HttpClient/4.5.14 (Java/17.0.12)
1 > Accept-Encoding: gzip,deflate


01:33:47.990 [main] DEBUG com.intuit.karate - response time in milliseconds: 1060
1 < 200
1 < x-powered-by: Express
1 < vary: Origin
1 < content-type: application/json; charset=utf-8
1 < etag: W/"28e1-8lgXoYOslxN9R6eEWs0gkt9L6LQ"
1 < x-cloud-trace-context: 32073246c535292cd219d5e5157f695a
1 < date: Wed, 13 Aug 2025 06:33:47 GMT
1 < server: Google Frontend
1 < Content-Length: 10465
{"articles":[{"slug":"Creando-Articulo13-13186","title":"Creando Articulo13","description":"es una prueba11","body":"practicando Karate11","tagList":[],"createdAt":"2025-08-13T02:43:35.040Z","updatedAt":"2025-08-13T02:43:35.040Z","favorited":false,"favoritesCount":0,"author":{"username":"Alvariytomyg","bio":null,"image":"https://conduit-api.bondaracademy.com/images/smiley-cyrus.jpeg","following":false}},{"slug":"Creando-Articulo12-13186","title":"Creando Articulo12","description":"es una prueba12","body":"practicando Karate12","tagList":[],"createdAt":"2025-08-13T02:02:35.692Z","updatedAt":"2025-08-13T02:02:35.692Z","favorited":false,"favoritesCount":0,"author":{"username":"Alvariytomyg","bio":null,"image":"https://conduit-api.bondaracademy.com/images/smiley-cyrus.jpeg","following":false}},{"slug":"Probando-Articulo9-13186","title":"Probando Articulo9","description":"es una prueba9","body":"practicando Karate9","tagList":[],"createdAt":"2025-06-25T21:57:45.735Z","updatedAt":"2025-06-25T21:57:45.735Z","favorited":false,"favoritesCount":0,"author":{"username":"Alvariytomyg","bio":null,"image":"https://conduit-api.bondaracademy.com/images/smiley-cyrus.jpeg","following":false}},{"slug":"Probando-Articulo8-13186","title":"Probando Articulo8","description":"es una prueba8","body":"practicando Karate8","tagList":[],"createdAt":"2025-05-26T01:08:04.570Z","updatedAt":"2025-05-26T01:08:04.570Z","favorited":false,"favoritesCount":0,"author":{"username":"Alvariytomyg","bio":null,"image":"https://conduit-api.bondaracademy.com/images/smiley-cyrus.jpeg","following":false}},{"slug":"Probando-Articulo7-13186","title":"Probando Articulo7","description":"es una prueba7","body":"practicando Karate6","tagList":[],"createdAt":"2025-05-26T00:30:47.752Z","updatedAt":"2025-05-26T00:30:47.752Z","favorited":false,"favoritesCount":0,"author":{"username":"Alvariytomyg","bio":null,"image":"https://conduit-api.bondaracademy.com/images/smiley-cyrus.jpeg","following":false}},{"slug":"Probando-Articulo6-13186","title":"Probando Articulo6","description":"es una prueba6","body":"practicando Karate6","tagList":[],"createdAt":"2025-05-26T00:27:03.581Z","updatedAt":"2025-05-26T00:27:03.581Z","favorited":false,"favoritesCount":0,"author":{"username":"Alvariytomyg","bio":null,"image":"https://conduit-api.bondaracademy.com/images/smiley-cyrus.jpeg","following":false}},{"slug":"Discover-Bondar-Academy:-Your-Gateway-to-Efficient-Learning-1","title":"Discover Bondar Academy: Your Gateway to Efficient Learning","description":"Discover Bondar Academy's unique place in the educational landscape, where value-focused and efficient learning approaches converge. Our goal is to rapidly enhance your professional technical skills, boosting your market competitiveness and paving the way for higher-paying job opportunities. The speed of your progress is in your hands – you set the pace, and we provide the solutions and support to help you achieve your desired outcomes.","body":"Bondar Academy is a leading platform for efficient education, designed to boost your technical skills and advance your career in Quality Assurance (QA). Our program features a balanced mix of pre-recorded lectures and live sessions, allowing each student to study at their own pace and at a time that suits them. \n\nOur instructors are readily available on our Slack Workspace for support. Whether it's a quick question or a more complex issue requiring a Zoom call or Slack Huddle for screen sharing and live discussion, we're here to assist. Additionally, each class comes with a comprehensive question bank for self-assessment. Following each lecture, you have the opportunity to validate your understanding and readiness to progress to the next topic. You set the pace, and we provide the solutions to ensure you achieve your desired outcomes.\n\nSignUp today: https://www.bondaracademy.com","tagList":["qa career","Bondar Academy","QA Skills","Value-Focused"],"createdAt":"2024-01-27T21:52:32.682Z","updatedAt":"2024-01-27T21:52:32.682Z","favorited":false,"favoritesCount":732,"author":{"username":"Artem Bondar","bio":null,"image":"https://storage.googleapis.com/bondar-academy-visuals/Android.png","following":false}},{"slug":"The-value-of-pre-recorded-video-classes.-The-most-efficient-approach-to-tranfer-the-knowledge-1","title":"The value of pre-recorded video classes. The most efficient approach to tranfer the knowledge","description":"As educational practices evolve, video tutorials have emerged as the most efficient method for imparting theoretical knowledge. At Bondar Academy, we prioritize expertly structured and crafted video tutorials, ensuring you learn quickly and effectively and advance your skills.","body":"At Bondar Academy, we prioritize the value of your time and the efficiency of your education, distinguishing our approach from traditional colleges and live boot camps. Forget long, tedious live lectures on a fixed schedule. With us, you learn at your convenience and pace through optimized, structured video lectures. \n\nWe understand your goal is rapid knowledge acquisition. Our pre-recorded and well-organized lectures are designed precisely for this, ensuring no slowdowns from group dynamics or unrelated instructor anecdotes. \n\nDive straight into the subject matter, learn efficiently, and if questions arise, our immediate support on the Slack Workspace is there to streamline your learning process and swiftly remove any roadblocks.","tagList":["Bondar Academy","Video Lectures","Tutorials"],"createdAt":"2024-01-27T21:50:38.825Z","updatedAt":"2024-01-27T21:50:38.825Z","favorited":false,"favoritesCount":258,"author":{"username":"Artem Bondar","bio":null,"image":"https://storage.googleapis.com/bondar-academy-visuals/Android.png","following":false}},{"slug":"Mastering-Knowledge-with-Self-Assessments:-Identifying-and-Bridging-Learning-Gaps-in-Education-1","title":"Mastering Knowledge with Self-Assessments: Identifying and Bridging Learning Gaps in Education","description":"Self-assessment is an essential tool for gauging your understanding of lecture material. It answers critical questions: Have you grasped everything correctly? Is there anything you've missed? Are you prepared for the next lesson? These assessments ensure that you build a solid foundation of knowledge, confidently and efficiently paving the way for swift progress and effective learning outcomes.","body":"Traditional educational institutions, such as colleges and universities, commonly use tests and assessments to measure knowledge. This approach is effective for gauging student performance, but it's not without drawbacks. In these settings, assessments after every lecture aren't feasible due to the time required for teachers to evaluate them. This often leads to students having a false sense of understanding, believing they've comprehended all aspects of a lecture when, in reality, small but crucial details might be missed. These 'knowledge gaps' can accumulate, making more complex topics difficult to grasp later on.\n\nAt Bondar Academy, we address this challenge by implementing self-assessments after every lecture. These are designed to cover key questions that ensure a thorough understanding of the material, essential for comfort and success in future lectures. The number of questions varies, ranging from 3-4 to 15-20, depending on the lecture's significance and the volume of critical information. With these self-assessments, students receive immediate feedback, helping them determine if they've fully understood the lecture or if they need to revisit certain parts or seek assistance from our instructors in the Slack Workspace.","tagList":["Self-Assessment","Test","Exam"],"createdAt":"2024-01-27T21:48:36.340Z","updatedAt":"2024-01-27T21:48:36.340Z","favorited":false,"favoritesCount":67,"author":{"username":"Artem Bondar","bio":null,"image":"https://storage.googleapis.com/bondar-academy-visuals/Android.png","following":false}},{"slug":"Practical-Implementation-of-Skills:-Homework-Assignments-with-Instructor-Supervision-1","title":"Practical Implementation of Skills: Homework Assignments with Instructor Supervision","description":"Knowledge or skills not reinforced through practical exercises can quickly fade, often faster than anticipated. Homework, particularly in tasks like writing your own code, is crucial for honing these skills and cementing your understanding. At Bondar Academy, we ensure this vital step by assigning homework, rigorously evaluating the outcomes, and providing valuable feedback to guide your learning journey.","body":"Homework assignments are a fundamental component of the educational methodology at Bondar Academy, especially in technical education where learning a new programming language or framework is involved. The key to mastering these skills lies in writing code; the more you write, the better you become. However, merely replicating code seen in lectures leads to minimal learning. Often, this approach leaves students unclear about why their code works the way it does, as they focus on copying rather than understanding.\n\nA homework assignment at Bondar Academy starts with a blank page, challenging students to apply all their knowledge to write the first line of code. This process is more demanding than it appears. As you write each line, understanding and reasoning grow, making your code meaningful and comprehensible. You learn to write code that makes sense to you, enhancing your understanding.\n\nIn completing these assignments, you engage the 'thinking' part of your brain, transforming theoretical knowledge into practical skills. Recognizing the crucial role of homework in learning, our instructors at Bondar Academy are always available to assist with any challenges. Just reach out on Slack, and you'll receive the guidance and support needed for successful completion. At Bondar Academy, we fully understand the importance of homework assignments for the best outcome, so our instructors are always here to assist if you have any difficulties with completing them. Just ask in Slack and you'll be guided and assisted.","tagList":["Homework","Assignments","Practice","Coding"],"createdAt":"2024-01-27T21:46:09.512Z","updatedAt":"2024-01-27T21:46:09.512Z","favorited":false,"favoritesCount":37,"author":{"username":"Artem Bondar","bio":null,"image":"https://storage.googleapis.com/bondar-academy-visuals/Android.png","following":false}}],"articlesCount":16}

01:35:07.655 [main] INFO  com.intuit.karate.Runner - using system property 'karate.options': --tags @debug
01:35:07.862 [main] DEBUG com.intuit.karate.Suite - [config] classpath:karate-config.js
01:35:08.391 [main] INFO  com.intuit.karate - karate.env system property was: null 
01:35:08.394 [main] INFO  com.intuit.karate - >> lock acquired, begin callSingle: classpath:helpers/CreateToken.feature
01:35:08.588 [main] DEBUG com.intuit.karate - request:
1 > POST https://conduit-api.bondaracademy.com/api/users/login
1 > Content-Type: application/json; charset=UTF-8
1 > Content-Length: 65
1 > Host: conduit-api.bondaracademy.com
1 > Connection: Keep-Alive
1 > User-Agent: Apache-HttpClient/4.5.14 (Java/17.0.12)
1 > Accept-Encoding: gzip,deflate
{"user":{"email":"pruebakarate@test.com","password":"karate123"}}

01:35:09.599 [main] DEBUG com.intuit.karate - response time in milliseconds: 1008
1 < 200
1 < x-powered-by: Express
1 < vary: Origin
1 < content-type: application/json; charset=utf-8
1 < etag: W/"13e-st0JFg/0ujUDiuNJI+50bnu68CQ"
1 < x-cloud-trace-context: 843304ef6f20d889f3aa1f4a10faf8e0
1 < date: Wed, 13 Aug 2025 06:35:09 GMT
1 < server: Google Frontend
1 < Content-Length: 318
{"user":{"email":"pruebakarate@test.com","username":"Alvariytomyg","bio":null,"image":"https://conduit-api.bondaracademy.com/images/smiley-cyrus.jpeg","token":"eyJhbGciOiJIUzI1NiIsInR5cCI6IkpXVCJ9.eyJ1c2VyIjp7ImlkIjoxMzE4Nn0sImlhdCI6MTc1NTA2NjkwOSwiZXhwIjoxNzYwMjUwOTA5fQ.0tt-pXfQEFXJL0CYGZW528d8l3fzWvTBop6N5HAgVZw"}}

01:35:09.604 [main] INFO  com.intuit.karate - << lock released, cached callSingle: classpath:helpers/CreateToken.feature
01:35:09.609 [main] DEBUG com.intuit.karate - request:
1 > GET https://conduit-api.bondaracademy.com/api/tags
1 > Authorization: Token eyJhbGciOiJIUzI1NiIsInR5cCI6IkpXVCJ9.eyJ1c2VyIjp7ImlkIjoxMzE4Nn0sImlhdCI6MTc1NTA2NjkwOSwiZXhwIjoxNzYwMjUwOTA5fQ.0tt-pXfQEFXJL0CYGZW528d8l3fzWvTBop6N5HAgVZw
1 > Host: conduit-api.bondaracademy.com
1 > Connection: Keep-Alive
1 > User-Agent: Apache-HttpClient/4.5.14 (Java/17.0.12)
1 > Accept-Encoding: gzip,deflate


01:35:10.339 [main] DEBUG com.intuit.karate - response time in milliseconds: 729
1 < 200
1 < x-powered-by: Express
1 < vary: Origin
1 < content-type: application/json; charset=utf-8
1 < etag: W/"65-XAqp9RO5/GurIdusYmbGg8NPW48"
1 < x-cloud-trace-context: ef896fb427d75768915d8cc5dbcfbcd3
1 < date: Wed, 13 Aug 2025 06:35:10 GMT
1 < server: Google Frontend
1 < Content-Length: 101
{"tags":["Test","Git","YouTube","Zoom","Blog","Bondar Academy","Enroll","Exam","Community","GitHub"]}

01:35:10.358 [main] INFO  com.intuit.karate - karate.env system property was: null 
01:35:10.361 [main] DEBUG com.intuit.karate - request:
1 > GET https://conduit-api.bondaracademy.com/api/articles?limt=10&offset=0
1 > Authorization: Token eyJhbGciOiJIUzI1NiIsInR5cCI6IkpXVCJ9.eyJ1c2VyIjp7ImlkIjoxMzE4Nn0sImlhdCI6MTc1NTA2NjkwOSwiZXhwIjoxNzYwMjUwOTA5fQ.0tt-pXfQEFXJL0CYGZW528d8l3fzWvTBop6N5HAgVZw
1 > Host: conduit-api.bondaracademy.com
1 > Connection: Keep-Alive
1 > User-Agent: Apache-HttpClient/4.5.14 (Java/17.0.12)
1 > Accept-Encoding: gzip,deflate


01:35:11.515 [main] DEBUG com.intuit.karate - response time in milliseconds: 1153
1 < 200
1 < x-powered-by: Express
1 < vary: Origin
1 < content-type: application/json; charset=utf-8
1 < etag: W/"28e1-8lgXoYOslxN9R6eEWs0gkt9L6LQ"
1 < x-cloud-trace-context: c3f43ac1ef77d24eca575a37d47df348
1 < date: Wed, 13 Aug 2025 06:35:11 GMT
1 < server: Google Frontend
1 < Content-Length: 10465
{"articles":[{"slug":"Creando-Articulo13-13186","title":"Creando Articulo13","description":"es una prueba11","body":"practicando Karate11","tagList":[],"createdAt":"2025-08-13T02:43:35.040Z","updatedAt":"2025-08-13T02:43:35.040Z","favorited":false,"favoritesCount":0,"author":{"username":"Alvariytomyg","bio":null,"image":"https://conduit-api.bondaracademy.com/images/smiley-cyrus.jpeg","following":false}},{"slug":"Creando-Articulo12-13186","title":"Creando Articulo12","description":"es una prueba12","body":"practicando Karate12","tagList":[],"createdAt":"2025-08-13T02:02:35.692Z","updatedAt":"2025-08-13T02:02:35.692Z","favorited":false,"favoritesCount":0,"author":{"username":"Alvariytomyg","bio":null,"image":"https://conduit-api.bondaracademy.com/images/smiley-cyrus.jpeg","following":false}},{"slug":"Probando-Articulo9-13186","title":"Probando Articulo9","description":"es una prueba9","body":"practicando Karate9","tagList":[],"createdAt":"2025-06-25T21:57:45.735Z","updatedAt":"2025-06-25T21:57:45.735Z","favorited":false,"favoritesCount":0,"author":{"username":"Alvariytomyg","bio":null,"image":"https://conduit-api.bondaracademy.com/images/smiley-cyrus.jpeg","following":false}},{"slug":"Probando-Articulo8-13186","title":"Probando Articulo8","description":"es una prueba8","body":"practicando Karate8","tagList":[],"createdAt":"2025-05-26T01:08:04.570Z","updatedAt":"2025-05-26T01:08:04.570Z","favorited":false,"favoritesCount":0,"author":{"username":"Alvariytomyg","bio":null,"image":"https://conduit-api.bondaracademy.com/images/smiley-cyrus.jpeg","following":false}},{"slug":"Probando-Articulo7-13186","title":"Probando Articulo7","description":"es una prueba7","body":"practicando Karate6","tagList":[],"createdAt":"2025-05-26T00:30:47.752Z","updatedAt":"2025-05-26T00:30:47.752Z","favorited":false,"favoritesCount":0,"author":{"username":"Alvariytomyg","bio":null,"image":"https://conduit-api.bondaracademy.com/images/smiley-cyrus.jpeg","following":false}},{"slug":"Probando-Articulo6-13186","title":"Probando Articulo6","description":"es una prueba6","body":"practicando Karate6","tagList":[],"createdAt":"2025-05-26T00:27:03.581Z","updatedAt":"2025-05-26T00:27:03.581Z","favorited":false,"favoritesCount":0,"author":{"username":"Alvariytomyg","bio":null,"image":"https://conduit-api.bondaracademy.com/images/smiley-cyrus.jpeg","following":false}},{"slug":"Discover-Bondar-Academy:-Your-Gateway-to-Efficient-Learning-1","title":"Discover Bondar Academy: Your Gateway to Efficient Learning","description":"Discover Bondar Academy's unique place in the educational landscape, where value-focused and efficient learning approaches converge. Our goal is to rapidly enhance your professional technical skills, boosting your market competitiveness and paving the way for higher-paying job opportunities. The speed of your progress is in your hands – you set the pace, and we provide the solutions and support to help you achieve your desired outcomes.","body":"Bondar Academy is a leading platform for efficient education, designed to boost your technical skills and advance your career in Quality Assurance (QA). Our program features a balanced mix of pre-recorded lectures and live sessions, allowing each student to study at their own pace and at a time that suits them. \n\nOur instructors are readily available on our Slack Workspace for support. Whether it's a quick question or a more complex issue requiring a Zoom call or Slack Huddle for screen sharing and live discussion, we're here to assist. Additionally, each class comes with a comprehensive question bank for self-assessment. Following each lecture, you have the opportunity to validate your understanding and readiness to progress to the next topic. You set the pace, and we provide the solutions to ensure you achieve your desired outcomes.\n\nSignUp today: https://www.bondaracademy.com","tagList":["qa career","Bondar Academy","QA Skills","Value-Focused"],"createdAt":"2024-01-27T21:52:32.682Z","updatedAt":"2024-01-27T21:52:32.682Z","favorited":false,"favoritesCount":732,"author":{"username":"Artem Bondar","bio":null,"image":"https://storage.googleapis.com/bondar-academy-visuals/Android.png","following":false}},{"slug":"The-value-of-pre-recorded-video-classes.-The-most-efficient-approach-to-tranfer-the-knowledge-1","title":"The value of pre-recorded video classes. The most efficient approach to tranfer the knowledge","description":"As educational practices evolve, video tutorials have emerged as the most efficient method for imparting theoretical knowledge. At Bondar Academy, we prioritize expertly structured and crafted video tutorials, ensuring you learn quickly and effectively and advance your skills.","body":"At Bondar Academy, we prioritize the value of your time and the efficiency of your education, distinguishing our approach from traditional colleges and live boot camps. Forget long, tedious live lectures on a fixed schedule. With us, you learn at your convenience and pace through optimized, structured video lectures. \n\nWe understand your goal is rapid knowledge acquisition. Our pre-recorded and well-organized lectures are designed precisely for this, ensuring no slowdowns from group dynamics or unrelated instructor anecdotes. \n\nDive straight into the subject matter, learn efficiently, and if questions arise, our immediate support on the Slack Workspace is there to streamline your learning process and swiftly remove any roadblocks.","tagList":["Bondar Academy","Video Lectures","Tutorials"],"createdAt":"2024-01-27T21:50:38.825Z","updatedAt":"2024-01-27T21:50:38.825Z","favorited":false,"favoritesCount":258,"author":{"username":"Artem Bondar","bio":null,"image":"https://storage.googleapis.com/bondar-academy-visuals/Android.png","following":false}},{"slug":"Mastering-Knowledge-with-Self-Assessments:-Identifying-and-Bridging-Learning-Gaps-in-Education-1","title":"Mastering Knowledge with Self-Assessments: Identifying and Bridging Learning Gaps in Education","description":"Self-assessment is an essential tool for gauging your understanding of lecture material. It answers critical questions: Have you grasped everything correctly? Is there anything you've missed? Are you prepared for the next lesson? These assessments ensure that you build a solid foundation of knowledge, confidently and efficiently paving the way for swift progress and effective learning outcomes.","body":"Traditional educational institutions, such as colleges and universities, commonly use tests and assessments to measure knowledge. This approach is effective for gauging student performance, but it's not without drawbacks. In these settings, assessments after every lecture aren't feasible due to the time required for teachers to evaluate them. This often leads to students having a false sense of understanding, believing they've comprehended all aspects of a lecture when, in reality, small but crucial details might be missed. These 'knowledge gaps' can accumulate, making more complex topics difficult to grasp later on.\n\nAt Bondar Academy, we address this challenge by implementing self-assessments after every lecture. These are designed to cover key questions that ensure a thorough understanding of the material, essential for comfort and success in future lectures. The number of questions varies, ranging from 3-4 to 15-20, depending on the lecture's significance and the volume of critical information. With these self-assessments, students receive immediate feedback, helping them determine if they've fully understood the lecture or if they need to revisit certain parts or seek assistance from our instructors in the Slack Workspace.","tagList":["Self-Assessment","Test","Exam"],"createdAt":"2024-01-27T21:48:36.340Z","updatedAt":"2024-01-27T21:48:36.340Z","favorited":false,"favoritesCount":67,"author":{"username":"Artem Bondar","bio":null,"image":"https://storage.googleapis.com/bondar-academy-visuals/Android.png","following":false}},{"slug":"Practical-Implementation-of-Skills:-Homework-Assignments-with-Instructor-Supervision-1","title":"Practical Implementation of Skills: Homework Assignments with Instructor Supervision","description":"Knowledge or skills not reinforced through practical exercises can quickly fade, often faster than anticipated. Homework, particularly in tasks like writing your own code, is crucial for honing these skills and cementing your understanding. At Bondar Academy, we ensure this vital step by assigning homework, rigorously evaluating the outcomes, and providing valuable feedback to guide your learning journey.","body":"Homework assignments are a fundamental component of the educational methodology at Bondar Academy, especially in technical education where learning a new programming language or framework is involved. The key to mastering these skills lies in writing code; the more you write, the better you become. However, merely replicating code seen in lectures leads to minimal learning. Often, this approach leaves students unclear about why their code works the way it does, as they focus on copying rather than understanding.\n\nA homework assignment at Bondar Academy starts with a blank page, challenging students to apply all their knowledge to write the first line of code. This process is more demanding than it appears. As you write each line, understanding and reasoning grow, making your code meaningful and comprehensible. You learn to write code that makes sense to you, enhancing your understanding.\n\nIn completing these assignments, you engage the 'thinking' part of your brain, transforming theoretical knowledge into practical skills. Recognizing the crucial role of homework in learning, our instructors at Bondar Academy are always available to assist with any challenges. Just reach out on Slack, and you'll receive the guidance and support needed for successful completion. At Bondar Academy, we fully understand the importance of homework assignments for the best outcome, so our instructors are always here to assist if you have any difficulties with completing them. Just ask in Slack and you'll be guided and assisted.","tagList":["Homework","Assignments","Practice","Coding"],"createdAt":"2024-01-27T21:46:09.512Z","updatedAt":"2024-01-27T21:46:09.512Z","favorited":false,"favoritesCount":37,"author":{"username":"Artem Bondar","bio":null,"image":"https://storage.googleapis.com/bondar-academy-visuals/Android.png","following":false}}],"articlesCount":16}

01:35:11.525 [main] ERROR com.intuit.karate - classpath:conduitApp/feature/HomePage.feature:30
And match response.articles[*].favoritesCount contains 1
match failed: CONTAINS
  $ | actual does not contain expected | actual array does not contain expected item - 1 (LIST:NUMBER)
  [0,0,0,0,0,0,732,258,67,37]
  1

    $[9] | not equal (NUMBER:NUMBER)
    37
    1

    $[8] | not equal (NUMBER:NUMBER)
    67
    1

    $[7] | not equal (NUMBER:NUMBER)
    258
    1

    $[6] | not equal (NUMBER:NUMBER)
    732
    1

    $[5] | not equal (NUMBER:NUMBER)
    0
    1

    $[4] | not equal (NUMBER:NUMBER)
    0
    1

    $[3] | not equal (NUMBER:NUMBER)
    0
    1

    $[2] | not equal (NUMBER:NUMBER)
    0
    1

    $[1] | not equal (NUMBER:NUMBER)
    0
    1

    $[0] | not equal (NUMBER:NUMBER)
    0
    1

classpath:conduitApp/feature/HomePage.feature:30
01:35:41.722 [main] INFO  com.intuit.karate.Runner - using system property 'karate.options': --tags @debug
01:35:41.932 [main] DEBUG com.intuit.karate.Suite - [config] classpath:karate-config.js
01:35:42.469 [main] INFO  com.intuit.karate - karate.env system property was: null 
01:35:42.472 [main] INFO  com.intuit.karate - >> lock acquired, begin callSingle: classpath:helpers/CreateToken.feature
01:35:42.672 [main] DEBUG com.intuit.karate - request:
1 > POST https://conduit-api.bondaracademy.com/api/users/login
1 > Content-Type: application/json; charset=UTF-8
1 > Content-Length: 65
1 > Host: conduit-api.bondaracademy.com
1 > Connection: Keep-Alive
1 > User-Agent: Apache-HttpClient/4.5.14 (Java/17.0.12)
1 > Accept-Encoding: gzip,deflate
{"user":{"email":"pruebakarate@test.com","password":"karate123"}}

01:35:43.517 [main] DEBUG com.intuit.karate - response time in milliseconds: 842
1 < 200
1 < x-powered-by: Express
1 < vary: Origin
1 < content-type: application/json; charset=utf-8
1 < etag: W/"13e-9ZTo1DJM2OO2C+dys65oB522BFA"
1 < x-cloud-trace-context: ebdfb6ab85466bc591c16fbfc110fe7a
1 < date: Wed, 13 Aug 2025 06:35:43 GMT
1 < server: Google Frontend
1 < Content-Length: 318
{"user":{"email":"pruebakarate@test.com","username":"Alvariytomyg","bio":null,"image":"https://conduit-api.bondaracademy.com/images/smiley-cyrus.jpeg","token":"eyJhbGciOiJIUzI1NiIsInR5cCI6IkpXVCJ9.eyJ1c2VyIjp7ImlkIjoxMzE4Nn0sImlhdCI6MTc1NTA2Njk0MywiZXhwIjoxNzYwMjUwOTQzfQ.t9Dli_lzT95HJuFxXRrSrULrF2NBas1WGJ25TQH0gJ4"}}

01:35:43.521 [main] INFO  com.intuit.karate - << lock released, cached callSingle: classpath:helpers/CreateToken.feature
01:35:43.526 [main] DEBUG com.intuit.karate - request:
1 > GET https://conduit-api.bondaracademy.com/api/tags
1 > Authorization: Token eyJhbGciOiJIUzI1NiIsInR5cCI6IkpXVCJ9.eyJ1c2VyIjp7ImlkIjoxMzE4Nn0sImlhdCI6MTc1NTA2Njk0MywiZXhwIjoxNzYwMjUwOTQzfQ.t9Dli_lzT95HJuFxXRrSrULrF2NBas1WGJ25TQH0gJ4
1 > Host: conduit-api.bondaracademy.com
1 > Connection: Keep-Alive
1 > User-Agent: Apache-HttpClient/4.5.14 (Java/17.0.12)
1 > Accept-Encoding: gzip,deflate


01:35:44.265 [main] DEBUG com.intuit.karate - response time in milliseconds: 738
1 < 200
1 < x-powered-by: Express
1 < vary: Origin
1 < content-type: application/json; charset=utf-8
1 < etag: W/"65-XAqp9RO5/GurIdusYmbGg8NPW48"
1 < x-cloud-trace-context: eea6f8e8e95714a1f548bdc36fbd7acf
1 < date: Wed, 13 Aug 2025 06:35:44 GMT
1 < server: Google Frontend
1 < Content-Length: 101
{"tags":["Test","Git","YouTube","Zoom","Blog","Bondar Academy","Enroll","Exam","Community","GitHub"]}

01:35:44.284 [main] INFO  com.intuit.karate - karate.env system property was: null 
01:35:44.287 [main] DEBUG com.intuit.karate - request:
1 > GET https://conduit-api.bondaracademy.com/api/articles?limt=10&offset=0
1 > Authorization: Token eyJhbGciOiJIUzI1NiIsInR5cCI6IkpXVCJ9.eyJ1c2VyIjp7ImlkIjoxMzE4Nn0sImlhdCI6MTc1NTA2Njk0MywiZXhwIjoxNzYwMjUwOTQzfQ.t9Dli_lzT95HJuFxXRrSrULrF2NBas1WGJ25TQH0gJ4
1 > Host: conduit-api.bondaracademy.com
1 > Connection: Keep-Alive
1 > User-Agent: Apache-HttpClient/4.5.14 (Java/17.0.12)
1 > Accept-Encoding: gzip,deflate


01:35:45.397 [main] DEBUG com.intuit.karate - response time in milliseconds: 1109
1 < 200
1 < x-powered-by: Express
1 < vary: Origin
1 < content-type: application/json; charset=utf-8
1 < etag: W/"28e1-8lgXoYOslxN9R6eEWs0gkt9L6LQ"
1 < x-cloud-trace-context: c8027fae81d3707718cbfe467f146657;o=1
1 < date: Wed, 13 Aug 2025 06:35:45 GMT
1 < server: Google Frontend
1 < Content-Length: 10465
{"articles":[{"slug":"Creando-Articulo13-13186","title":"Creando Articulo13","description":"es una prueba11","body":"practicando Karate11","tagList":[],"createdAt":"2025-08-13T02:43:35.040Z","updatedAt":"2025-08-13T02:43:35.040Z","favorited":false,"favoritesCount":0,"author":{"username":"Alvariytomyg","bio":null,"image":"https://conduit-api.bondaracademy.com/images/smiley-cyrus.jpeg","following":false}},{"slug":"Creando-Articulo12-13186","title":"Creando Articulo12","description":"es una prueba12","body":"practicando Karate12","tagList":[],"createdAt":"2025-08-13T02:02:35.692Z","updatedAt":"2025-08-13T02:02:35.692Z","favorited":false,"favoritesCount":0,"author":{"username":"Alvariytomyg","bio":null,"image":"https://conduit-api.bondaracademy.com/images/smiley-cyrus.jpeg","following":false}},{"slug":"Probando-Articulo9-13186","title":"Probando Articulo9","description":"es una prueba9","body":"practicando Karate9","tagList":[],"createdAt":"2025-06-25T21:57:45.735Z","updatedAt":"2025-06-25T21:57:45.735Z","favorited":false,"favoritesCount":0,"author":{"username":"Alvariytomyg","bio":null,"image":"https://conduit-api.bondaracademy.com/images/smiley-cyrus.jpeg","following":false}},{"slug":"Probando-Articulo8-13186","title":"Probando Articulo8","description":"es una prueba8","body":"practicando Karate8","tagList":[],"createdAt":"2025-05-26T01:08:04.570Z","updatedAt":"2025-05-26T01:08:04.570Z","favorited":false,"favoritesCount":0,"author":{"username":"Alvariytomyg","bio":null,"image":"https://conduit-api.bondaracademy.com/images/smiley-cyrus.jpeg","following":false}},{"slug":"Probando-Articulo7-13186","title":"Probando Articulo7","description":"es una prueba7","body":"practicando Karate6","tagList":[],"createdAt":"2025-05-26T00:30:47.752Z","updatedAt":"2025-05-26T00:30:47.752Z","favorited":false,"favoritesCount":0,"author":{"username":"Alvariytomyg","bio":null,"image":"https://conduit-api.bondaracademy.com/images/smiley-cyrus.jpeg","following":false}},{"slug":"Probando-Articulo6-13186","title":"Probando Articulo6","description":"es una prueba6","body":"practicando Karate6","tagList":[],"createdAt":"2025-05-26T00:27:03.581Z","updatedAt":"2025-05-26T00:27:03.581Z","favorited":false,"favoritesCount":0,"author":{"username":"Alvariytomyg","bio":null,"image":"https://conduit-api.bondaracademy.com/images/smiley-cyrus.jpeg","following":false}},{"slug":"Discover-Bondar-Academy:-Your-Gateway-to-Efficient-Learning-1","title":"Discover Bondar Academy: Your Gateway to Efficient Learning","description":"Discover Bondar Academy's unique place in the educational landscape, where value-focused and efficient learning approaches converge. Our goal is to rapidly enhance your professional technical skills, boosting your market competitiveness and paving the way for higher-paying job opportunities. The speed of your progress is in your hands – you set the pace, and we provide the solutions and support to help you achieve your desired outcomes.","body":"Bondar Academy is a leading platform for efficient education, designed to boost your technical skills and advance your career in Quality Assurance (QA). Our program features a balanced mix of pre-recorded lectures and live sessions, allowing each student to study at their own pace and at a time that suits them. \n\nOur instructors are readily available on our Slack Workspace for support. Whether it's a quick question or a more complex issue requiring a Zoom call or Slack Huddle for screen sharing and live discussion, we're here to assist. Additionally, each class comes with a comprehensive question bank for self-assessment. Following each lecture, you have the opportunity to validate your understanding and readiness to progress to the next topic. You set the pace, and we provide the solutions to ensure you achieve your desired outcomes.\n\nSignUp today: https://www.bondaracademy.com","tagList":["qa career","Bondar Academy","QA Skills","Value-Focused"],"createdAt":"2024-01-27T21:52:32.682Z","updatedAt":"2024-01-27T21:52:32.682Z","favorited":false,"favoritesCount":732,"author":{"username":"Artem Bondar","bio":null,"image":"https://storage.googleapis.com/bondar-academy-visuals/Android.png","following":false}},{"slug":"The-value-of-pre-recorded-video-classes.-The-most-efficient-approach-to-tranfer-the-knowledge-1","title":"The value of pre-recorded video classes. The most efficient approach to tranfer the knowledge","description":"As educational practices evolve, video tutorials have emerged as the most efficient method for imparting theoretical knowledge. At Bondar Academy, we prioritize expertly structured and crafted video tutorials, ensuring you learn quickly and effectively and advance your skills.","body":"At Bondar Academy, we prioritize the value of your time and the efficiency of your education, distinguishing our approach from traditional colleges and live boot camps. Forget long, tedious live lectures on a fixed schedule. With us, you learn at your convenience and pace through optimized, structured video lectures. \n\nWe understand your goal is rapid knowledge acquisition. Our pre-recorded and well-organized lectures are designed precisely for this, ensuring no slowdowns from group dynamics or unrelated instructor anecdotes. \n\nDive straight into the subject matter, learn efficiently, and if questions arise, our immediate support on the Slack Workspace is there to streamline your learning process and swiftly remove any roadblocks.","tagList":["Bondar Academy","Video Lectures","Tutorials"],"createdAt":"2024-01-27T21:50:38.825Z","updatedAt":"2024-01-27T21:50:38.825Z","favorited":false,"favoritesCount":258,"author":{"username":"Artem Bondar","bio":null,"image":"https://storage.googleapis.com/bondar-academy-visuals/Android.png","following":false}},{"slug":"Mastering-Knowledge-with-Self-Assessments:-Identifying-and-Bridging-Learning-Gaps-in-Education-1","title":"Mastering Knowledge with Self-Assessments: Identifying and Bridging Learning Gaps in Education","description":"Self-assessment is an essential tool for gauging your understanding of lecture material. It answers critical questions: Have you grasped everything correctly? Is there anything you've missed? Are you prepared for the next lesson? These assessments ensure that you build a solid foundation of knowledge, confidently and efficiently paving the way for swift progress and effective learning outcomes.","body":"Traditional educational institutions, such as colleges and universities, commonly use tests and assessments to measure knowledge. This approach is effective for gauging student performance, but it's not without drawbacks. In these settings, assessments after every lecture aren't feasible due to the time required for teachers to evaluate them. This often leads to students having a false sense of understanding, believing they've comprehended all aspects of a lecture when, in reality, small but crucial details might be missed. These 'knowledge gaps' can accumulate, making more complex topics difficult to grasp later on.\n\nAt Bondar Academy, we address this challenge by implementing self-assessments after every lecture. These are designed to cover key questions that ensure a thorough understanding of the material, essential for comfort and success in future lectures. The number of questions varies, ranging from 3-4 to 15-20, depending on the lecture's significance and the volume of critical information. With these self-assessments, students receive immediate feedback, helping them determine if they've fully understood the lecture or if they need to revisit certain parts or seek assistance from our instructors in the Slack Workspace.","tagList":["Self-Assessment","Test","Exam"],"createdAt":"2024-01-27T21:48:36.340Z","updatedAt":"2024-01-27T21:48:36.340Z","favorited":false,"favoritesCount":67,"author":{"username":"Artem Bondar","bio":null,"image":"https://storage.googleapis.com/bondar-academy-visuals/Android.png","following":false}},{"slug":"Practical-Implementation-of-Skills:-Homework-Assignments-with-Instructor-Supervision-1","title":"Practical Implementation of Skills: Homework Assignments with Instructor Supervision","description":"Knowledge or skills not reinforced through practical exercises can quickly fade, often faster than anticipated. Homework, particularly in tasks like writing your own code, is crucial for honing these skills and cementing your understanding. At Bondar Academy, we ensure this vital step by assigning homework, rigorously evaluating the outcomes, and providing valuable feedback to guide your learning journey.","body":"Homework assignments are a fundamental component of the educational methodology at Bondar Academy, especially in technical education where learning a new programming language or framework is involved. The key to mastering these skills lies in writing code; the more you write, the better you become. However, merely replicating code seen in lectures leads to minimal learning. Often, this approach leaves students unclear about why their code works the way it does, as they focus on copying rather than understanding.\n\nA homework assignment at Bondar Academy starts with a blank page, challenging students to apply all their knowledge to write the first line of code. This process is more demanding than it appears. As you write each line, understanding and reasoning grow, making your code meaningful and comprehensible. You learn to write code that makes sense to you, enhancing your understanding.\n\nIn completing these assignments, you engage the 'thinking' part of your brain, transforming theoretical knowledge into practical skills. Recognizing the crucial role of homework in learning, our instructors at Bondar Academy are always available to assist with any challenges. Just reach out on Slack, and you'll receive the guidance and support needed for successful completion. At Bondar Academy, we fully understand the importance of homework assignments for the best outcome, so our instructors are always here to assist if you have any difficulties with completing them. Just ask in Slack and you'll be guided and assisted.","tagList":["Homework","Assignments","Practice","Coding"],"createdAt":"2024-01-27T21:46:09.512Z","updatedAt":"2024-01-27T21:46:09.512Z","favorited":false,"favoritesCount":37,"author":{"username":"Artem Bondar","bio":null,"image":"https://storage.googleapis.com/bondar-academy-visuals/Android.png","following":false}}],"articlesCount":16}

01:37:15.834 [main] INFO  com.intuit.karate.Runner - using system property 'karate.options': --tags @debug
01:37:16.052 [main] DEBUG com.intuit.karate.Suite - [config] classpath:karate-config.js
01:37:16.604 [main] INFO  com.intuit.karate - karate.env system property was: null 
01:37:16.607 [main] INFO  com.intuit.karate - >> lock acquired, begin callSingle: classpath:helpers/CreateToken.feature
01:37:16.807 [main] DEBUG com.intuit.karate - request:
1 > POST https://conduit-api.bondaracademy.com/api/users/login
1 > Content-Type: application/json; charset=UTF-8
1 > Content-Length: 65
1 > Host: conduit-api.bondaracademy.com
1 > Connection: Keep-Alive
1 > User-Agent: Apache-HttpClient/4.5.14 (Java/17.0.12)
1 > Accept-Encoding: gzip,deflate
{"user":{"email":"pruebakarate@test.com","password":"karate123"}}

01:37:17.676 [main] DEBUG com.intuit.karate - response time in milliseconds: 867
1 < 200
1 < x-powered-by: Express
1 < vary: Origin
1 < content-type: application/json; charset=utf-8
1 < etag: W/"13e-mlACjmarf+F6eohxvnj0oi7N+WY"
1 < x-cloud-trace-context: b54133c797b9503a197e93d2ddb6cd55
1 < date: Wed, 13 Aug 2025 06:37:17 GMT
1 < server: Google Frontend
1 < Content-Length: 318
{"user":{"email":"pruebakarate@test.com","username":"Alvariytomyg","bio":null,"image":"https://conduit-api.bondaracademy.com/images/smiley-cyrus.jpeg","token":"eyJhbGciOiJIUzI1NiIsInR5cCI6IkpXVCJ9.eyJ1c2VyIjp7ImlkIjoxMzE4Nn0sImlhdCI6MTc1NTA2NzAzNywiZXhwIjoxNzYwMjUxMDM3fQ.QMAa9hjQ4ksdR1HFSiXGoXFcWqKscrqK-Xzf1mQ86dg"}}

01:37:17.680 [main] INFO  com.intuit.karate - << lock released, cached callSingle: classpath:helpers/CreateToken.feature
01:37:17.685 [main] DEBUG com.intuit.karate - request:
1 > GET https://conduit-api.bondaracademy.com/api/tags
1 > Authorization: Token eyJhbGciOiJIUzI1NiIsInR5cCI6IkpXVCJ9.eyJ1c2VyIjp7ImlkIjoxMzE4Nn0sImlhdCI6MTc1NTA2NzAzNywiZXhwIjoxNzYwMjUxMDM3fQ.QMAa9hjQ4ksdR1HFSiXGoXFcWqKscrqK-Xzf1mQ86dg
1 > Host: conduit-api.bondaracademy.com
1 > Connection: Keep-Alive
1 > User-Agent: Apache-HttpClient/4.5.14 (Java/17.0.12)
1 > Accept-Encoding: gzip,deflate


01:37:18.447 [main] DEBUG com.intuit.karate - response time in milliseconds: 760
1 < 200
1 < x-powered-by: Express
1 < vary: Origin
1 < content-type: application/json; charset=utf-8
1 < etag: W/"65-XAqp9RO5/GurIdusYmbGg8NPW48"
1 < x-cloud-trace-context: d09177bcbbe8cf6d70525bab465966e6
1 < date: Wed, 13 Aug 2025 06:37:18 GMT
1 < server: Google Frontend
1 < Content-Length: 101
{"tags":["Test","Git","YouTube","Zoom","Blog","Bondar Academy","Enroll","Exam","Community","GitHub"]}

01:37:18.465 [main] INFO  com.intuit.karate - karate.env system property was: null 
01:37:18.467 [main] DEBUG com.intuit.karate - request:
1 > GET https://conduit-api.bondaracademy.com/api/articles?limt=10&offset=0
1 > Authorization: Token eyJhbGciOiJIUzI1NiIsInR5cCI6IkpXVCJ9.eyJ1c2VyIjp7ImlkIjoxMzE4Nn0sImlhdCI6MTc1NTA2NzAzNywiZXhwIjoxNzYwMjUxMDM3fQ.QMAa9hjQ4ksdR1HFSiXGoXFcWqKscrqK-Xzf1mQ86dg
1 > Host: conduit-api.bondaracademy.com
1 > Connection: Keep-Alive
1 > User-Agent: Apache-HttpClient/4.5.14 (Java/17.0.12)
1 > Accept-Encoding: gzip,deflate


01:37:19.568 [main] DEBUG com.intuit.karate - response time in milliseconds: 1101
1 < 200
1 < x-powered-by: Express
1 < vary: Origin
1 < content-type: application/json; charset=utf-8
1 < etag: W/"28e1-8lgXoYOslxN9R6eEWs0gkt9L6LQ"
1 < x-cloud-trace-context: ac946a7df00b73da91c173d583955380;o=1
1 < date: Wed, 13 Aug 2025 06:37:19 GMT
1 < server: Google Frontend
1 < Content-Length: 10465
{"articles":[{"slug":"Creando-Articulo13-13186","title":"Creando Articulo13","description":"es una prueba11","body":"practicando Karate11","tagList":[],"createdAt":"2025-08-13T02:43:35.040Z","updatedAt":"2025-08-13T02:43:35.040Z","favorited":false,"favoritesCount":0,"author":{"username":"Alvariytomyg","bio":null,"image":"https://conduit-api.bondaracademy.com/images/smiley-cyrus.jpeg","following":false}},{"slug":"Creando-Articulo12-13186","title":"Creando Articulo12","description":"es una prueba12","body":"practicando Karate12","tagList":[],"createdAt":"2025-08-13T02:02:35.692Z","updatedAt":"2025-08-13T02:02:35.692Z","favorited":false,"favoritesCount":0,"author":{"username":"Alvariytomyg","bio":null,"image":"https://conduit-api.bondaracademy.com/images/smiley-cyrus.jpeg","following":false}},{"slug":"Probando-Articulo9-13186","title":"Probando Articulo9","description":"es una prueba9","body":"practicando Karate9","tagList":[],"createdAt":"2025-06-25T21:57:45.735Z","updatedAt":"2025-06-25T21:57:45.735Z","favorited":false,"favoritesCount":0,"author":{"username":"Alvariytomyg","bio":null,"image":"https://conduit-api.bondaracademy.com/images/smiley-cyrus.jpeg","following":false}},{"slug":"Probando-Articulo8-13186","title":"Probando Articulo8","description":"es una prueba8","body":"practicando Karate8","tagList":[],"createdAt":"2025-05-26T01:08:04.570Z","updatedAt":"2025-05-26T01:08:04.570Z","favorited":false,"favoritesCount":0,"author":{"username":"Alvariytomyg","bio":null,"image":"https://conduit-api.bondaracademy.com/images/smiley-cyrus.jpeg","following":false}},{"slug":"Probando-Articulo7-13186","title":"Probando Articulo7","description":"es una prueba7","body":"practicando Karate6","tagList":[],"createdAt":"2025-05-26T00:30:47.752Z","updatedAt":"2025-05-26T00:30:47.752Z","favorited":false,"favoritesCount":0,"author":{"username":"Alvariytomyg","bio":null,"image":"https://conduit-api.bondaracademy.com/images/smiley-cyrus.jpeg","following":false}},{"slug":"Probando-Articulo6-13186","title":"Probando Articulo6","description":"es una prueba6","body":"practicando Karate6","tagList":[],"createdAt":"2025-05-26T00:27:03.581Z","updatedAt":"2025-05-26T00:27:03.581Z","favorited":false,"favoritesCount":0,"author":{"username":"Alvariytomyg","bio":null,"image":"https://conduit-api.bondaracademy.com/images/smiley-cyrus.jpeg","following":false}},{"slug":"Discover-Bondar-Academy:-Your-Gateway-to-Efficient-Learning-1","title":"Discover Bondar Academy: Your Gateway to Efficient Learning","description":"Discover Bondar Academy's unique place in the educational landscape, where value-focused and efficient learning approaches converge. Our goal is to rapidly enhance your professional technical skills, boosting your market competitiveness and paving the way for higher-paying job opportunities. The speed of your progress is in your hands – you set the pace, and we provide the solutions and support to help you achieve your desired outcomes.","body":"Bondar Academy is a leading platform for efficient education, designed to boost your technical skills and advance your career in Quality Assurance (QA). Our program features a balanced mix of pre-recorded lectures and live sessions, allowing each student to study at their own pace and at a time that suits them. \n\nOur instructors are readily available on our Slack Workspace for support. Whether it's a quick question or a more complex issue requiring a Zoom call or Slack Huddle for screen sharing and live discussion, we're here to assist. Additionally, each class comes with a comprehensive question bank for self-assessment. Following each lecture, you have the opportunity to validate your understanding and readiness to progress to the next topic. You set the pace, and we provide the solutions to ensure you achieve your desired outcomes.\n\nSignUp today: https://www.bondaracademy.com","tagList":["qa career","Bondar Academy","QA Skills","Value-Focused"],"createdAt":"2024-01-27T21:52:32.682Z","updatedAt":"2024-01-27T21:52:32.682Z","favorited":false,"favoritesCount":732,"author":{"username":"Artem Bondar","bio":null,"image":"https://storage.googleapis.com/bondar-academy-visuals/Android.png","following":false}},{"slug":"The-value-of-pre-recorded-video-classes.-The-most-efficient-approach-to-tranfer-the-knowledge-1","title":"The value of pre-recorded video classes. The most efficient approach to tranfer the knowledge","description":"As educational practices evolve, video tutorials have emerged as the most efficient method for imparting theoretical knowledge. At Bondar Academy, we prioritize expertly structured and crafted video tutorials, ensuring you learn quickly and effectively and advance your skills.","body":"At Bondar Academy, we prioritize the value of your time and the efficiency of your education, distinguishing our approach from traditional colleges and live boot camps. Forget long, tedious live lectures on a fixed schedule. With us, you learn at your convenience and pace through optimized, structured video lectures. \n\nWe understand your goal is rapid knowledge acquisition. Our pre-recorded and well-organized lectures are designed precisely for this, ensuring no slowdowns from group dynamics or unrelated instructor anecdotes. \n\nDive straight into the subject matter, learn efficiently, and if questions arise, our immediate support on the Slack Workspace is there to streamline your learning process and swiftly remove any roadblocks.","tagList":["Bondar Academy","Video Lectures","Tutorials"],"createdAt":"2024-01-27T21:50:38.825Z","updatedAt":"2024-01-27T21:50:38.825Z","favorited":false,"favoritesCount":258,"author":{"username":"Artem Bondar","bio":null,"image":"https://storage.googleapis.com/bondar-academy-visuals/Android.png","following":false}},{"slug":"Mastering-Knowledge-with-Self-Assessments:-Identifying-and-Bridging-Learning-Gaps-in-Education-1","title":"Mastering Knowledge with Self-Assessments: Identifying and Bridging Learning Gaps in Education","description":"Self-assessment is an essential tool for gauging your understanding of lecture material. It answers critical questions: Have you grasped everything correctly? Is there anything you've missed? Are you prepared for the next lesson? These assessments ensure that you build a solid foundation of knowledge, confidently and efficiently paving the way for swift progress and effective learning outcomes.","body":"Traditional educational institutions, such as colleges and universities, commonly use tests and assessments to measure knowledge. This approach is effective for gauging student performance, but it's not without drawbacks. In these settings, assessments after every lecture aren't feasible due to the time required for teachers to evaluate them. This often leads to students having a false sense of understanding, believing they've comprehended all aspects of a lecture when, in reality, small but crucial details might be missed. These 'knowledge gaps' can accumulate, making more complex topics difficult to grasp later on.\n\nAt Bondar Academy, we address this challenge by implementing self-assessments after every lecture. These are designed to cover key questions that ensure a thorough understanding of the material, essential for comfort and success in future lectures. The number of questions varies, ranging from 3-4 to 15-20, depending on the lecture's significance and the volume of critical information. With these self-assessments, students receive immediate feedback, helping them determine if they've fully understood the lecture or if they need to revisit certain parts or seek assistance from our instructors in the Slack Workspace.","tagList":["Self-Assessment","Test","Exam"],"createdAt":"2024-01-27T21:48:36.340Z","updatedAt":"2024-01-27T21:48:36.340Z","favorited":false,"favoritesCount":67,"author":{"username":"Artem Bondar","bio":null,"image":"https://storage.googleapis.com/bondar-academy-visuals/Android.png","following":false}},{"slug":"Practical-Implementation-of-Skills:-Homework-Assignments-with-Instructor-Supervision-1","title":"Practical Implementation of Skills: Homework Assignments with Instructor Supervision","description":"Knowledge or skills not reinforced through practical exercises can quickly fade, often faster than anticipated. Homework, particularly in tasks like writing your own code, is crucial for honing these skills and cementing your understanding. At Bondar Academy, we ensure this vital step by assigning homework, rigorously evaluating the outcomes, and providing valuable feedback to guide your learning journey.","body":"Homework assignments are a fundamental component of the educational methodology at Bondar Academy, especially in technical education where learning a new programming language or framework is involved. The key to mastering these skills lies in writing code; the more you write, the better you become. However, merely replicating code seen in lectures leads to minimal learning. Often, this approach leaves students unclear about why their code works the way it does, as they focus on copying rather than understanding.\n\nA homework assignment at Bondar Academy starts with a blank page, challenging students to apply all their knowledge to write the first line of code. This process is more demanding than it appears. As you write each line, understanding and reasoning grow, making your code meaningful and comprehensible. You learn to write code that makes sense to you, enhancing your understanding.\n\nIn completing these assignments, you engage the 'thinking' part of your brain, transforming theoretical knowledge into practical skills. Recognizing the crucial role of homework in learning, our instructors at Bondar Academy are always available to assist with any challenges. Just reach out on Slack, and you'll receive the guidance and support needed for successful completion. At Bondar Academy, we fully understand the importance of homework assignments for the best outcome, so our instructors are always here to assist if you have any difficulties with completing them. Just ask in Slack and you'll be guided and assisted.","tagList":["Homework","Assignments","Practice","Coding"],"createdAt":"2024-01-27T21:46:09.512Z","updatedAt":"2024-01-27T21:46:09.512Z","favorited":false,"favoritesCount":37,"author":{"username":"Artem Bondar","bio":null,"image":"https://storage.googleapis.com/bondar-academy-visuals/Android.png","following":false}}],"articlesCount":16}

01:38:36.904 [main] INFO  com.intuit.karate.Runner - using system property 'karate.options': --tags @debug
01:38:37.110 [main] DEBUG com.intuit.karate.Suite - [config] classpath:karate-config.js
01:38:37.650 [main] INFO  com.intuit.karate - karate.env system property was: null 
01:38:37.653 [main] INFO  com.intuit.karate - >> lock acquired, begin callSingle: classpath:helpers/CreateToken.feature
01:38:37.850 [main] DEBUG com.intuit.karate - request:
1 > POST https://conduit-api.bondaracademy.com/api/users/login
1 > Content-Type: application/json; charset=UTF-8
1 > Content-Length: 65
1 > Host: conduit-api.bondaracademy.com
1 > Connection: Keep-Alive
1 > User-Agent: Apache-HttpClient/4.5.14 (Java/17.0.12)
1 > Accept-Encoding: gzip,deflate
{"user":{"email":"pruebakarate@test.com","password":"karate123"}}

01:38:38.748 [main] DEBUG com.intuit.karate - response time in milliseconds: 896
1 < 200
1 < x-powered-by: Express
1 < vary: Origin
1 < content-type: application/json; charset=utf-8
1 < etag: W/"13e-lv3BI8wdFUI6QZ3eDzMXYMzrUFg"
1 < x-cloud-trace-context: 45234f47d3e6bdea47f561989cb4e24e
1 < date: Wed, 13 Aug 2025 06:38:38 GMT
1 < server: Google Frontend
1 < Content-Length: 318
{"user":{"email":"pruebakarate@test.com","username":"Alvariytomyg","bio":null,"image":"https://conduit-api.bondaracademy.com/images/smiley-cyrus.jpeg","token":"eyJhbGciOiJIUzI1NiIsInR5cCI6IkpXVCJ9.eyJ1c2VyIjp7ImlkIjoxMzE4Nn0sImlhdCI6MTc1NTA2NzExOCwiZXhwIjoxNzYwMjUxMTE4fQ.KRyrCykXSD1wqzig27tKP72AdJ9aSEQVjFKlGmWCTXU"}}

01:38:38.753 [main] INFO  com.intuit.karate - << lock released, cached callSingle: classpath:helpers/CreateToken.feature
01:38:38.757 [main] DEBUG com.intuit.karate - request:
1 > GET https://conduit-api.bondaracademy.com/api/tags
1 > Authorization: Token eyJhbGciOiJIUzI1NiIsInR5cCI6IkpXVCJ9.eyJ1c2VyIjp7ImlkIjoxMzE4Nn0sImlhdCI6MTc1NTA2NzExOCwiZXhwIjoxNzYwMjUxMTE4fQ.KRyrCykXSD1wqzig27tKP72AdJ9aSEQVjFKlGmWCTXU
1 > Host: conduit-api.bondaracademy.com
1 > Connection: Keep-Alive
1 > User-Agent: Apache-HttpClient/4.5.14 (Java/17.0.12)
1 > Accept-Encoding: gzip,deflate


01:38:39.571 [main] DEBUG com.intuit.karate - response time in milliseconds: 813
1 < 200
1 < x-powered-by: Express
1 < vary: Origin
1 < content-type: application/json; charset=utf-8
1 < etag: W/"65-XAqp9RO5/GurIdusYmbGg8NPW48"
1 < x-cloud-trace-context: c63fbe9c236c09e0c62eda8424a44b60
1 < date: Wed, 13 Aug 2025 06:38:39 GMT
1 < server: Google Frontend
1 < Content-Length: 101
{"tags":["Test","Git","YouTube","Zoom","Blog","Bondar Academy","Enroll","Exam","Community","GitHub"]}

01:38:39.592 [main] INFO  com.intuit.karate - karate.env system property was: null 
01:38:39.595 [main] DEBUG com.intuit.karate - request:
1 > GET https://conduit-api.bondaracademy.com/api/articles?limt=10&offset=0
1 > Authorization: Token eyJhbGciOiJIUzI1NiIsInR5cCI6IkpXVCJ9.eyJ1c2VyIjp7ImlkIjoxMzE4Nn0sImlhdCI6MTc1NTA2NzExOCwiZXhwIjoxNzYwMjUxMTE4fQ.KRyrCykXSD1wqzig27tKP72AdJ9aSEQVjFKlGmWCTXU
1 > Host: conduit-api.bondaracademy.com
1 > Connection: Keep-Alive
1 > User-Agent: Apache-HttpClient/4.5.14 (Java/17.0.12)
1 > Accept-Encoding: gzip,deflate


01:38:40.768 [main] DEBUG com.intuit.karate - response time in milliseconds: 1172
1 < 200
1 < x-powered-by: Express
1 < vary: Origin
1 < content-type: application/json; charset=utf-8
1 < etag: W/"28e1-8lgXoYOslxN9R6eEWs0gkt9L6LQ"
1 < x-cloud-trace-context: 0b6d8100a4902e1877c945a091e0b4cf
1 < date: Wed, 13 Aug 2025 06:38:40 GMT
1 < server: Google Frontend
1 < Content-Length: 10465
{"articles":[{"slug":"Creando-Articulo13-13186","title":"Creando Articulo13","description":"es una prueba11","body":"practicando Karate11","tagList":[],"createdAt":"2025-08-13T02:43:35.040Z","updatedAt":"2025-08-13T02:43:35.040Z","favorited":false,"favoritesCount":0,"author":{"username":"Alvariytomyg","bio":null,"image":"https://conduit-api.bondaracademy.com/images/smiley-cyrus.jpeg","following":false}},{"slug":"Creando-Articulo12-13186","title":"Creando Articulo12","description":"es una prueba12","body":"practicando Karate12","tagList":[],"createdAt":"2025-08-13T02:02:35.692Z","updatedAt":"2025-08-13T02:02:35.692Z","favorited":false,"favoritesCount":0,"author":{"username":"Alvariytomyg","bio":null,"image":"https://conduit-api.bondaracademy.com/images/smiley-cyrus.jpeg","following":false}},{"slug":"Probando-Articulo9-13186","title":"Probando Articulo9","description":"es una prueba9","body":"practicando Karate9","tagList":[],"createdAt":"2025-06-25T21:57:45.735Z","updatedAt":"2025-06-25T21:57:45.735Z","favorited":false,"favoritesCount":0,"author":{"username":"Alvariytomyg","bio":null,"image":"https://conduit-api.bondaracademy.com/images/smiley-cyrus.jpeg","following":false}},{"slug":"Probando-Articulo8-13186","title":"Probando Articulo8","description":"es una prueba8","body":"practicando Karate8","tagList":[],"createdAt":"2025-05-26T01:08:04.570Z","updatedAt":"2025-05-26T01:08:04.570Z","favorited":false,"favoritesCount":0,"author":{"username":"Alvariytomyg","bio":null,"image":"https://conduit-api.bondaracademy.com/images/smiley-cyrus.jpeg","following":false}},{"slug":"Probando-Articulo7-13186","title":"Probando Articulo7","description":"es una prueba7","body":"practicando Karate6","tagList":[],"createdAt":"2025-05-26T00:30:47.752Z","updatedAt":"2025-05-26T00:30:47.752Z","favorited":false,"favoritesCount":0,"author":{"username":"Alvariytomyg","bio":null,"image":"https://conduit-api.bondaracademy.com/images/smiley-cyrus.jpeg","following":false}},{"slug":"Probando-Articulo6-13186","title":"Probando Articulo6","description":"es una prueba6","body":"practicando Karate6","tagList":[],"createdAt":"2025-05-26T00:27:03.581Z","updatedAt":"2025-05-26T00:27:03.581Z","favorited":false,"favoritesCount":0,"author":{"username":"Alvariytomyg","bio":null,"image":"https://conduit-api.bondaracademy.com/images/smiley-cyrus.jpeg","following":false}},{"slug":"Discover-Bondar-Academy:-Your-Gateway-to-Efficient-Learning-1","title":"Discover Bondar Academy: Your Gateway to Efficient Learning","description":"Discover Bondar Academy's unique place in the educational landscape, where value-focused and efficient learning approaches converge. Our goal is to rapidly enhance your professional technical skills, boosting your market competitiveness and paving the way for higher-paying job opportunities. The speed of your progress is in your hands – you set the pace, and we provide the solutions and support to help you achieve your desired outcomes.","body":"Bondar Academy is a leading platform for efficient education, designed to boost your technical skills and advance your career in Quality Assurance (QA). Our program features a balanced mix of pre-recorded lectures and live sessions, allowing each student to study at their own pace and at a time that suits them. \n\nOur instructors are readily available on our Slack Workspace for support. Whether it's a quick question or a more complex issue requiring a Zoom call or Slack Huddle for screen sharing and live discussion, we're here to assist. Additionally, each class comes with a comprehensive question bank for self-assessment. Following each lecture, you have the opportunity to validate your understanding and readiness to progress to the next topic. You set the pace, and we provide the solutions to ensure you achieve your desired outcomes.\n\nSignUp today: https://www.bondaracademy.com","tagList":["qa career","Bondar Academy","QA Skills","Value-Focused"],"createdAt":"2024-01-27T21:52:32.682Z","updatedAt":"2024-01-27T21:52:32.682Z","favorited":false,"favoritesCount":732,"author":{"username":"Artem Bondar","bio":null,"image":"https://storage.googleapis.com/bondar-academy-visuals/Android.png","following":false}},{"slug":"The-value-of-pre-recorded-video-classes.-The-most-efficient-approach-to-tranfer-the-knowledge-1","title":"The value of pre-recorded video classes. The most efficient approach to tranfer the knowledge","description":"As educational practices evolve, video tutorials have emerged as the most efficient method for imparting theoretical knowledge. At Bondar Academy, we prioritize expertly structured and crafted video tutorials, ensuring you learn quickly and effectively and advance your skills.","body":"At Bondar Academy, we prioritize the value of your time and the efficiency of your education, distinguishing our approach from traditional colleges and live boot camps. Forget long, tedious live lectures on a fixed schedule. With us, you learn at your convenience and pace through optimized, structured video lectures. \n\nWe understand your goal is rapid knowledge acquisition. Our pre-recorded and well-organized lectures are designed precisely for this, ensuring no slowdowns from group dynamics or unrelated instructor anecdotes. \n\nDive straight into the subject matter, learn efficiently, and if questions arise, our immediate support on the Slack Workspace is there to streamline your learning process and swiftly remove any roadblocks.","tagList":["Bondar Academy","Video Lectures","Tutorials"],"createdAt":"2024-01-27T21:50:38.825Z","updatedAt":"2024-01-27T21:50:38.825Z","favorited":false,"favoritesCount":258,"author":{"username":"Artem Bondar","bio":null,"image":"https://storage.googleapis.com/bondar-academy-visuals/Android.png","following":false}},{"slug":"Mastering-Knowledge-with-Self-Assessments:-Identifying-and-Bridging-Learning-Gaps-in-Education-1","title":"Mastering Knowledge with Self-Assessments: Identifying and Bridging Learning Gaps in Education","description":"Self-assessment is an essential tool for gauging your understanding of lecture material. It answers critical questions: Have you grasped everything correctly? Is there anything you've missed? Are you prepared for the next lesson? These assessments ensure that you build a solid foundation of knowledge, confidently and efficiently paving the way for swift progress and effective learning outcomes.","body":"Traditional educational institutions, such as colleges and universities, commonly use tests and assessments to measure knowledge. This approach is effective for gauging student performance, but it's not without drawbacks. In these settings, assessments after every lecture aren't feasible due to the time required for teachers to evaluate them. This often leads to students having a false sense of understanding, believing they've comprehended all aspects of a lecture when, in reality, small but crucial details might be missed. These 'knowledge gaps' can accumulate, making more complex topics difficult to grasp later on.\n\nAt Bondar Academy, we address this challenge by implementing self-assessments after every lecture. These are designed to cover key questions that ensure a thorough understanding of the material, essential for comfort and success in future lectures. The number of questions varies, ranging from 3-4 to 15-20, depending on the lecture's significance and the volume of critical information. With these self-assessments, students receive immediate feedback, helping them determine if they've fully understood the lecture or if they need to revisit certain parts or seek assistance from our instructors in the Slack Workspace.","tagList":["Self-Assessment","Test","Exam"],"createdAt":"2024-01-27T21:48:36.340Z","updatedAt":"2024-01-27T21:48:36.340Z","favorited":false,"favoritesCount":67,"author":{"username":"Artem Bondar","bio":null,"image":"https://storage.googleapis.com/bondar-academy-visuals/Android.png","following":false}},{"slug":"Practical-Implementation-of-Skills:-Homework-Assignments-with-Instructor-Supervision-1","title":"Practical Implementation of Skills: Homework Assignments with Instructor Supervision","description":"Knowledge or skills not reinforced through practical exercises can quickly fade, often faster than anticipated. Homework, particularly in tasks like writing your own code, is crucial for honing these skills and cementing your understanding. At Bondar Academy, we ensure this vital step by assigning homework, rigorously evaluating the outcomes, and providing valuable feedback to guide your learning journey.","body":"Homework assignments are a fundamental component of the educational methodology at Bondar Academy, especially in technical education where learning a new programming language or framework is involved. The key to mastering these skills lies in writing code; the more you write, the better you become. However, merely replicating code seen in lectures leads to minimal learning. Often, this approach leaves students unclear about why their code works the way it does, as they focus on copying rather than understanding.\n\nA homework assignment at Bondar Academy starts with a blank page, challenging students to apply all their knowledge to write the first line of code. This process is more demanding than it appears. As you write each line, understanding and reasoning grow, making your code meaningful and comprehensible. You learn to write code that makes sense to you, enhancing your understanding.\n\nIn completing these assignments, you engage the 'thinking' part of your brain, transforming theoretical knowledge into practical skills. Recognizing the crucial role of homework in learning, our instructors at Bondar Academy are always available to assist with any challenges. Just reach out on Slack, and you'll receive the guidance and support needed for successful completion. At Bondar Academy, we fully understand the importance of homework assignments for the best outcome, so our instructors are always here to assist if you have any difficulties with completing them. Just ask in Slack and you'll be guided and assisted.","tagList":["Homework","Assignments","Practice","Coding"],"createdAt":"2024-01-27T21:46:09.512Z","updatedAt":"2024-01-27T21:46:09.512Z","favorited":false,"favoritesCount":37,"author":{"username":"Artem Bondar","bio":null,"image":"https://storage.googleapis.com/bondar-academy-visuals/Android.png","following":false}}],"articlesCount":16}

01:44:00.227 [main] INFO  com.intuit.karate.Runner - using system property 'karate.options': --tags @debug
01:44:00.431 [main] DEBUG com.intuit.karate.Suite - [config] classpath:karate-config.js
01:44:00.968 [main] INFO  com.intuit.karate - karate.env system property was: null 
01:44:00.971 [main] INFO  com.intuit.karate - >> lock acquired, begin callSingle: classpath:helpers/CreateToken.feature
01:44:01.172 [main] DEBUG com.intuit.karate - request:
1 > POST https://conduit-api.bondaracademy.com/api/users/login
1 > Content-Type: application/json; charset=UTF-8
1 > Content-Length: 65
1 > Host: conduit-api.bondaracademy.com
1 > Connection: Keep-Alive
1 > User-Agent: Apache-HttpClient/4.5.14 (Java/17.0.12)
1 > Accept-Encoding: gzip,deflate
{"user":{"email":"pruebakarate@test.com","password":"karate123"}}

01:44:02.318 [main] DEBUG com.intuit.karate - response time in milliseconds: 1142
1 < 200
1 < x-powered-by: Express
1 < vary: Origin
1 < content-type: application/json; charset=utf-8
1 < etag: W/"13e-J1RDwePuN+CZ/TjgTt3tN488Gb0"
1 < x-cloud-trace-context: b4c831be57b6d3c012c8f76cc9d5cc84;o=1
1 < date: Wed, 13 Aug 2025 06:44:02 GMT
1 < server: Google Frontend
1 < Content-Length: 318
{"user":{"email":"pruebakarate@test.com","username":"Alvariytomyg","bio":null,"image":"https://conduit-api.bondaracademy.com/images/smiley-cyrus.jpeg","token":"eyJhbGciOiJIUzI1NiIsInR5cCI6IkpXVCJ9.eyJ1c2VyIjp7ImlkIjoxMzE4Nn0sImlhdCI6MTc1NTA2NzQ0MiwiZXhwIjoxNzYwMjUxNDQyfQ.i9_7wzwgSx4zVeaPH7ER2hYz5mNuUkP8iPqG-W9mefE"}}

01:44:02.323 [main] INFO  com.intuit.karate - << lock released, cached callSingle: classpath:helpers/CreateToken.feature
01:44:02.328 [main] DEBUG com.intuit.karate - request:
1 > GET https://conduit-api.bondaracademy.com/api/tags
1 > Authorization: Token eyJhbGciOiJIUzI1NiIsInR5cCI6IkpXVCJ9.eyJ1c2VyIjp7ImlkIjoxMzE4Nn0sImlhdCI6MTc1NTA2NzQ0MiwiZXhwIjoxNzYwMjUxNDQyfQ.i9_7wzwgSx4zVeaPH7ER2hYz5mNuUkP8iPqG-W9mefE
1 > Host: conduit-api.bondaracademy.com
1 > Connection: Keep-Alive
1 > User-Agent: Apache-HttpClient/4.5.14 (Java/17.0.12)
1 > Accept-Encoding: gzip,deflate


01:44:03.109 [main] DEBUG com.intuit.karate - response time in milliseconds: 781
1 < 200
1 < x-powered-by: Express
1 < vary: Origin
1 < content-type: application/json; charset=utf-8
1 < etag: W/"65-XAqp9RO5/GurIdusYmbGg8NPW48"
1 < x-cloud-trace-context: 167d9d3799914156acdec10d71079fb4
1 < date: Wed, 13 Aug 2025 06:44:03 GMT
1 < server: Google Frontend
1 < Content-Length: 101
{"tags":["Test","Git","YouTube","Zoom","Blog","Bondar Academy","Enroll","Exam","Community","GitHub"]}

01:44:03.130 [main] INFO  com.intuit.karate - karate.env system property was: null 
01:44:03.133 [main] DEBUG com.intuit.karate - request:
1 > GET https://conduit-api.bondaracademy.com/api/articles?limt=10&offset=0
1 > Authorization: Token eyJhbGciOiJIUzI1NiIsInR5cCI6IkpXVCJ9.eyJ1c2VyIjp7ImlkIjoxMzE4Nn0sImlhdCI6MTc1NTA2NzQ0MiwiZXhwIjoxNzYwMjUxNDQyfQ.i9_7wzwgSx4zVeaPH7ER2hYz5mNuUkP8iPqG-W9mefE
1 > Host: conduit-api.bondaracademy.com
1 > Connection: Keep-Alive
1 > User-Agent: Apache-HttpClient/4.5.14 (Java/17.0.12)
1 > Accept-Encoding: gzip,deflate


01:44:04.069 [main] DEBUG com.intuit.karate - response time in milliseconds: 935
1 < 200
1 < x-powered-by: Express
1 < vary: Origin
1 < content-type: application/json; charset=utf-8
1 < etag: W/"28e1-8lgXoYOslxN9R6eEWs0gkt9L6LQ"
1 < x-cloud-trace-context: 22ad0a3bc89bb77abe103b9b7a0604bd
1 < date: Wed, 13 Aug 2025 06:44:03 GMT
1 < server: Google Frontend
1 < Content-Length: 10465
{"articles":[{"slug":"Creando-Articulo13-13186","title":"Creando Articulo13","description":"es una prueba11","body":"practicando Karate11","tagList":[],"createdAt":"2025-08-13T02:43:35.040Z","updatedAt":"2025-08-13T02:43:35.040Z","favorited":false,"favoritesCount":0,"author":{"username":"Alvariytomyg","bio":null,"image":"https://conduit-api.bondaracademy.com/images/smiley-cyrus.jpeg","following":false}},{"slug":"Creando-Articulo12-13186","title":"Creando Articulo12","description":"es una prueba12","body":"practicando Karate12","tagList":[],"createdAt":"2025-08-13T02:02:35.692Z","updatedAt":"2025-08-13T02:02:35.692Z","favorited":false,"favoritesCount":0,"author":{"username":"Alvariytomyg","bio":null,"image":"https://conduit-api.bondaracademy.com/images/smiley-cyrus.jpeg","following":false}},{"slug":"Probando-Articulo9-13186","title":"Probando Articulo9","description":"es una prueba9","body":"practicando Karate9","tagList":[],"createdAt":"2025-06-25T21:57:45.735Z","updatedAt":"2025-06-25T21:57:45.735Z","favorited":false,"favoritesCount":0,"author":{"username":"Alvariytomyg","bio":null,"image":"https://conduit-api.bondaracademy.com/images/smiley-cyrus.jpeg","following":false}},{"slug":"Probando-Articulo8-13186","title":"Probando Articulo8","description":"es una prueba8","body":"practicando Karate8","tagList":[],"createdAt":"2025-05-26T01:08:04.570Z","updatedAt":"2025-05-26T01:08:04.570Z","favorited":false,"favoritesCount":0,"author":{"username":"Alvariytomyg","bio":null,"image":"https://conduit-api.bondaracademy.com/images/smiley-cyrus.jpeg","following":false}},{"slug":"Probando-Articulo7-13186","title":"Probando Articulo7","description":"es una prueba7","body":"practicando Karate6","tagList":[],"createdAt":"2025-05-26T00:30:47.752Z","updatedAt":"2025-05-26T00:30:47.752Z","favorited":false,"favoritesCount":0,"author":{"username":"Alvariytomyg","bio":null,"image":"https://conduit-api.bondaracademy.com/images/smiley-cyrus.jpeg","following":false}},{"slug":"Probando-Articulo6-13186","title":"Probando Articulo6","description":"es una prueba6","body":"practicando Karate6","tagList":[],"createdAt":"2025-05-26T00:27:03.581Z","updatedAt":"2025-05-26T00:27:03.581Z","favorited":false,"favoritesCount":0,"author":{"username":"Alvariytomyg","bio":null,"image":"https://conduit-api.bondaracademy.com/images/smiley-cyrus.jpeg","following":false}},{"slug":"Discover-Bondar-Academy:-Your-Gateway-to-Efficient-Learning-1","title":"Discover Bondar Academy: Your Gateway to Efficient Learning","description":"Discover Bondar Academy's unique place in the educational landscape, where value-focused and efficient learning approaches converge. Our goal is to rapidly enhance your professional technical skills, boosting your market competitiveness and paving the way for higher-paying job opportunities. The speed of your progress is in your hands – you set the pace, and we provide the solutions and support to help you achieve your desired outcomes.","body":"Bondar Academy is a leading platform for efficient education, designed to boost your technical skills and advance your career in Quality Assurance (QA). Our program features a balanced mix of pre-recorded lectures and live sessions, allowing each student to study at their own pace and at a time that suits them. \n\nOur instructors are readily available on our Slack Workspace for support. Whether it's a quick question or a more complex issue requiring a Zoom call or Slack Huddle for screen sharing and live discussion, we're here to assist. Additionally, each class comes with a comprehensive question bank for self-assessment. Following each lecture, you have the opportunity to validate your understanding and readiness to progress to the next topic. You set the pace, and we provide the solutions to ensure you achieve your desired outcomes.\n\nSignUp today: https://www.bondaracademy.com","tagList":["qa career","Bondar Academy","QA Skills","Value-Focused"],"createdAt":"2024-01-27T21:52:32.682Z","updatedAt":"2024-01-27T21:52:32.682Z","favorited":false,"favoritesCount":732,"author":{"username":"Artem Bondar","bio":null,"image":"https://storage.googleapis.com/bondar-academy-visuals/Android.png","following":false}},{"slug":"The-value-of-pre-recorded-video-classes.-The-most-efficient-approach-to-tranfer-the-knowledge-1","title":"The value of pre-recorded video classes. The most efficient approach to tranfer the knowledge","description":"As educational practices evolve, video tutorials have emerged as the most efficient method for imparting theoretical knowledge. At Bondar Academy, we prioritize expertly structured and crafted video tutorials, ensuring you learn quickly and effectively and advance your skills.","body":"At Bondar Academy, we prioritize the value of your time and the efficiency of your education, distinguishing our approach from traditional colleges and live boot camps. Forget long, tedious live lectures on a fixed schedule. With us, you learn at your convenience and pace through optimized, structured video lectures. \n\nWe understand your goal is rapid knowledge acquisition. Our pre-recorded and well-organized lectures are designed precisely for this, ensuring no slowdowns from group dynamics or unrelated instructor anecdotes. \n\nDive straight into the subject matter, learn efficiently, and if questions arise, our immediate support on the Slack Workspace is there to streamline your learning process and swiftly remove any roadblocks.","tagList":["Bondar Academy","Video Lectures","Tutorials"],"createdAt":"2024-01-27T21:50:38.825Z","updatedAt":"2024-01-27T21:50:38.825Z","favorited":false,"favoritesCount":258,"author":{"username":"Artem Bondar","bio":null,"image":"https://storage.googleapis.com/bondar-academy-visuals/Android.png","following":false}},{"slug":"Mastering-Knowledge-with-Self-Assessments:-Identifying-and-Bridging-Learning-Gaps-in-Education-1","title":"Mastering Knowledge with Self-Assessments: Identifying and Bridging Learning Gaps in Education","description":"Self-assessment is an essential tool for gauging your understanding of lecture material. It answers critical questions: Have you grasped everything correctly? Is there anything you've missed? Are you prepared for the next lesson? These assessments ensure that you build a solid foundation of knowledge, confidently and efficiently paving the way for swift progress and effective learning outcomes.","body":"Traditional educational institutions, such as colleges and universities, commonly use tests and assessments to measure knowledge. This approach is effective for gauging student performance, but it's not without drawbacks. In these settings, assessments after every lecture aren't feasible due to the time required for teachers to evaluate them. This often leads to students having a false sense of understanding, believing they've comprehended all aspects of a lecture when, in reality, small but crucial details might be missed. These 'knowledge gaps' can accumulate, making more complex topics difficult to grasp later on.\n\nAt Bondar Academy, we address this challenge by implementing self-assessments after every lecture. These are designed to cover key questions that ensure a thorough understanding of the material, essential for comfort and success in future lectures. The number of questions varies, ranging from 3-4 to 15-20, depending on the lecture's significance and the volume of critical information. With these self-assessments, students receive immediate feedback, helping them determine if they've fully understood the lecture or if they need to revisit certain parts or seek assistance from our instructors in the Slack Workspace.","tagList":["Self-Assessment","Test","Exam"],"createdAt":"2024-01-27T21:48:36.340Z","updatedAt":"2024-01-27T21:48:36.340Z","favorited":false,"favoritesCount":67,"author":{"username":"Artem Bondar","bio":null,"image":"https://storage.googleapis.com/bondar-academy-visuals/Android.png","following":false}},{"slug":"Practical-Implementation-of-Skills:-Homework-Assignments-with-Instructor-Supervision-1","title":"Practical Implementation of Skills: Homework Assignments with Instructor Supervision","description":"Knowledge or skills not reinforced through practical exercises can quickly fade, often faster than anticipated. Homework, particularly in tasks like writing your own code, is crucial for honing these skills and cementing your understanding. At Bondar Academy, we ensure this vital step by assigning homework, rigorously evaluating the outcomes, and providing valuable feedback to guide your learning journey.","body":"Homework assignments are a fundamental component of the educational methodology at Bondar Academy, especially in technical education where learning a new programming language or framework is involved. The key to mastering these skills lies in writing code; the more you write, the better you become. However, merely replicating code seen in lectures leads to minimal learning. Often, this approach leaves students unclear about why their code works the way it does, as they focus on copying rather than understanding.\n\nA homework assignment at Bondar Academy starts with a blank page, challenging students to apply all their knowledge to write the first line of code. This process is more demanding than it appears. As you write each line, understanding and reasoning grow, making your code meaningful and comprehensible. You learn to write code that makes sense to you, enhancing your understanding.\n\nIn completing these assignments, you engage the 'thinking' part of your brain, transforming theoretical knowledge into practical skills. Recognizing the crucial role of homework in learning, our instructors at Bondar Academy are always available to assist with any challenges. Just reach out on Slack, and you'll receive the guidance and support needed for successful completion. At Bondar Academy, we fully understand the importance of homework assignments for the best outcome, so our instructors are always here to assist if you have any difficulties with completing them. Just ask in Slack and you'll be guided and assisted.","tagList":["Homework","Assignments","Practice","Coding"],"createdAt":"2024-01-27T21:46:09.512Z","updatedAt":"2024-01-27T21:46:09.512Z","favorited":false,"favoritesCount":37,"author":{"username":"Artem Bondar","bio":null,"image":"https://storage.googleapis.com/bondar-academy-visuals/Android.png","following":false}}],"articlesCount":16}

01:44:56.163 [main] INFO  com.intuit.karate.Runner - using system property 'karate.options': --tags @debug
01:44:56.365 [main] DEBUG com.intuit.karate.Suite - [config] classpath:karate-config.js
01:44:56.911 [main] INFO  com.intuit.karate - karate.env system property was: null 
01:44:56.915 [main] INFO  com.intuit.karate - >> lock acquired, begin callSingle: classpath:helpers/CreateToken.feature
01:44:57.116 [main] DEBUG com.intuit.karate - request:
1 > POST https://conduit-api.bondaracademy.com/api/users/login
1 > Content-Type: application/json; charset=UTF-8
1 > Content-Length: 65
1 > Host: conduit-api.bondaracademy.com
1 > Connection: Keep-Alive
1 > User-Agent: Apache-HttpClient/4.5.14 (Java/17.0.12)
1 > Accept-Encoding: gzip,deflate
{"user":{"email":"pruebakarate@test.com","password":"karate123"}}

01:44:57.962 [main] DEBUG com.intuit.karate - response time in milliseconds: 844
1 < 200
1 < x-powered-by: Express
1 < vary: Origin
1 < content-type: application/json; charset=utf-8
1 < etag: W/"13e-hqZi9s1dwRvl/BHqxdim4kiTJDk"
1 < x-cloud-trace-context: 1424aedab4534cd7e4def266f22386ff;o=1
1 < date: Wed, 13 Aug 2025 06:44:57 GMT
1 < server: Google Frontend
1 < Content-Length: 318
{"user":{"email":"pruebakarate@test.com","username":"Alvariytomyg","bio":null,"image":"https://conduit-api.bondaracademy.com/images/smiley-cyrus.jpeg","token":"eyJhbGciOiJIUzI1NiIsInR5cCI6IkpXVCJ9.eyJ1c2VyIjp7ImlkIjoxMzE4Nn0sImlhdCI6MTc1NTA2NzQ5NywiZXhwIjoxNzYwMjUxNDk3fQ.j4ggPdunnZ-z7hnZK3HWdf-NBBuerqgM0KvFnPyVLTY"}}

01:44:57.967 [main] INFO  com.intuit.karate - << lock released, cached callSingle: classpath:helpers/CreateToken.feature
01:44:57.973 [main] DEBUG com.intuit.karate - request:
1 > GET https://conduit-api.bondaracademy.com/api/tags
1 > Authorization: Token eyJhbGciOiJIUzI1NiIsInR5cCI6IkpXVCJ9.eyJ1c2VyIjp7ImlkIjoxMzE4Nn0sImlhdCI6MTc1NTA2NzQ5NywiZXhwIjoxNzYwMjUxNDk3fQ.j4ggPdunnZ-z7hnZK3HWdf-NBBuerqgM0KvFnPyVLTY
1 > Host: conduit-api.bondaracademy.com
1 > Connection: Keep-Alive
1 > User-Agent: Apache-HttpClient/4.5.14 (Java/17.0.12)
1 > Accept-Encoding: gzip,deflate


01:44:58.709 [main] DEBUG com.intuit.karate - response time in milliseconds: 736
1 < 200
1 < x-powered-by: Express
1 < vary: Origin
1 < content-type: application/json; charset=utf-8
1 < etag: W/"65-XAqp9RO5/GurIdusYmbGg8NPW48"
1 < x-cloud-trace-context: 01aff03bda2dc9265cf901013748c390
1 < date: Wed, 13 Aug 2025 06:44:58 GMT
1 < server: Google Frontend
1 < Content-Length: 101
{"tags":["Test","Git","YouTube","Zoom","Blog","Bondar Academy","Enroll","Exam","Community","GitHub"]}

01:44:58.730 [main] INFO  com.intuit.karate - karate.env system property was: null 
01:44:58.733 [main] DEBUG com.intuit.karate - request:
1 > GET https://conduit-api.bondaracademy.com/api/articles?limt=10&offset=0
1 > Authorization: Token eyJhbGciOiJIUzI1NiIsInR5cCI6IkpXVCJ9.eyJ1c2VyIjp7ImlkIjoxMzE4Nn0sImlhdCI6MTc1NTA2NzQ5NywiZXhwIjoxNzYwMjUxNDk3fQ.j4ggPdunnZ-z7hnZK3HWdf-NBBuerqgM0KvFnPyVLTY
1 > Host: conduit-api.bondaracademy.com
1 > Connection: Keep-Alive
1 > User-Agent: Apache-HttpClient/4.5.14 (Java/17.0.12)
1 > Accept-Encoding: gzip,deflate


01:44:59.847 [main] DEBUG com.intuit.karate - response time in milliseconds: 1113
1 < 200
1 < x-powered-by: Express
1 < vary: Origin
1 < content-type: application/json; charset=utf-8
1 < etag: W/"28e1-8lgXoYOslxN9R6eEWs0gkt9L6LQ"
1 < x-cloud-trace-context: e957328d7474c11da1c4fe7cd37e62fd
1 < date: Wed, 13 Aug 2025 06:44:59 GMT
1 < server: Google Frontend
1 < Content-Length: 10465
{"articles":[{"slug":"Creando-Articulo13-13186","title":"Creando Articulo13","description":"es una prueba11","body":"practicando Karate11","tagList":[],"createdAt":"2025-08-13T02:43:35.040Z","updatedAt":"2025-08-13T02:43:35.040Z","favorited":false,"favoritesCount":0,"author":{"username":"Alvariytomyg","bio":null,"image":"https://conduit-api.bondaracademy.com/images/smiley-cyrus.jpeg","following":false}},{"slug":"Creando-Articulo12-13186","title":"Creando Articulo12","description":"es una prueba12","body":"practicando Karate12","tagList":[],"createdAt":"2025-08-13T02:02:35.692Z","updatedAt":"2025-08-13T02:02:35.692Z","favorited":false,"favoritesCount":0,"author":{"username":"Alvariytomyg","bio":null,"image":"https://conduit-api.bondaracademy.com/images/smiley-cyrus.jpeg","following":false}},{"slug":"Probando-Articulo9-13186","title":"Probando Articulo9","description":"es una prueba9","body":"practicando Karate9","tagList":[],"createdAt":"2025-06-25T21:57:45.735Z","updatedAt":"2025-06-25T21:57:45.735Z","favorited":false,"favoritesCount":0,"author":{"username":"Alvariytomyg","bio":null,"image":"https://conduit-api.bondaracademy.com/images/smiley-cyrus.jpeg","following":false}},{"slug":"Probando-Articulo8-13186","title":"Probando Articulo8","description":"es una prueba8","body":"practicando Karate8","tagList":[],"createdAt":"2025-05-26T01:08:04.570Z","updatedAt":"2025-05-26T01:08:04.570Z","favorited":false,"favoritesCount":0,"author":{"username":"Alvariytomyg","bio":null,"image":"https://conduit-api.bondaracademy.com/images/smiley-cyrus.jpeg","following":false}},{"slug":"Probando-Articulo7-13186","title":"Probando Articulo7","description":"es una prueba7","body":"practicando Karate6","tagList":[],"createdAt":"2025-05-26T00:30:47.752Z","updatedAt":"2025-05-26T00:30:47.752Z","favorited":false,"favoritesCount":0,"author":{"username":"Alvariytomyg","bio":null,"image":"https://conduit-api.bondaracademy.com/images/smiley-cyrus.jpeg","following":false}},{"slug":"Probando-Articulo6-13186","title":"Probando Articulo6","description":"es una prueba6","body":"practicando Karate6","tagList":[],"createdAt":"2025-05-26T00:27:03.581Z","updatedAt":"2025-05-26T00:27:03.581Z","favorited":false,"favoritesCount":0,"author":{"username":"Alvariytomyg","bio":null,"image":"https://conduit-api.bondaracademy.com/images/smiley-cyrus.jpeg","following":false}},{"slug":"Discover-Bondar-Academy:-Your-Gateway-to-Efficient-Learning-1","title":"Discover Bondar Academy: Your Gateway to Efficient Learning","description":"Discover Bondar Academy's unique place in the educational landscape, where value-focused and efficient learning approaches converge. Our goal is to rapidly enhance your professional technical skills, boosting your market competitiveness and paving the way for higher-paying job opportunities. The speed of your progress is in your hands – you set the pace, and we provide the solutions and support to help you achieve your desired outcomes.","body":"Bondar Academy is a leading platform for efficient education, designed to boost your technical skills and advance your career in Quality Assurance (QA). Our program features a balanced mix of pre-recorded lectures and live sessions, allowing each student to study at their own pace and at a time that suits them. \n\nOur instructors are readily available on our Slack Workspace for support. Whether it's a quick question or a more complex issue requiring a Zoom call or Slack Huddle for screen sharing and live discussion, we're here to assist. Additionally, each class comes with a comprehensive question bank for self-assessment. Following each lecture, you have the opportunity to validate your understanding and readiness to progress to the next topic. You set the pace, and we provide the solutions to ensure you achieve your desired outcomes.\n\nSignUp today: https://www.bondaracademy.com","tagList":["qa career","Bondar Academy","QA Skills","Value-Focused"],"createdAt":"2024-01-27T21:52:32.682Z","updatedAt":"2024-01-27T21:52:32.682Z","favorited":false,"favoritesCount":732,"author":{"username":"Artem Bondar","bio":null,"image":"https://storage.googleapis.com/bondar-academy-visuals/Android.png","following":false}},{"slug":"The-value-of-pre-recorded-video-classes.-The-most-efficient-approach-to-tranfer-the-knowledge-1","title":"The value of pre-recorded video classes. The most efficient approach to tranfer the knowledge","description":"As educational practices evolve, video tutorials have emerged as the most efficient method for imparting theoretical knowledge. At Bondar Academy, we prioritize expertly structured and crafted video tutorials, ensuring you learn quickly and effectively and advance your skills.","body":"At Bondar Academy, we prioritize the value of your time and the efficiency of your education, distinguishing our approach from traditional colleges and live boot camps. Forget long, tedious live lectures on a fixed schedule. With us, you learn at your convenience and pace through optimized, structured video lectures. \n\nWe understand your goal is rapid knowledge acquisition. Our pre-recorded and well-organized lectures are designed precisely for this, ensuring no slowdowns from group dynamics or unrelated instructor anecdotes. \n\nDive straight into the subject matter, learn efficiently, and if questions arise, our immediate support on the Slack Workspace is there to streamline your learning process and swiftly remove any roadblocks.","tagList":["Bondar Academy","Video Lectures","Tutorials"],"createdAt":"2024-01-27T21:50:38.825Z","updatedAt":"2024-01-27T21:50:38.825Z","favorited":false,"favoritesCount":258,"author":{"username":"Artem Bondar","bio":null,"image":"https://storage.googleapis.com/bondar-academy-visuals/Android.png","following":false}},{"slug":"Mastering-Knowledge-with-Self-Assessments:-Identifying-and-Bridging-Learning-Gaps-in-Education-1","title":"Mastering Knowledge with Self-Assessments: Identifying and Bridging Learning Gaps in Education","description":"Self-assessment is an essential tool for gauging your understanding of lecture material. It answers critical questions: Have you grasped everything correctly? Is there anything you've missed? Are you prepared for the next lesson? These assessments ensure that you build a solid foundation of knowledge, confidently and efficiently paving the way for swift progress and effective learning outcomes.","body":"Traditional educational institutions, such as colleges and universities, commonly use tests and assessments to measure knowledge. This approach is effective for gauging student performance, but it's not without drawbacks. In these settings, assessments after every lecture aren't feasible due to the time required for teachers to evaluate them. This often leads to students having a false sense of understanding, believing they've comprehended all aspects of a lecture when, in reality, small but crucial details might be missed. These 'knowledge gaps' can accumulate, making more complex topics difficult to grasp later on.\n\nAt Bondar Academy, we address this challenge by implementing self-assessments after every lecture. These are designed to cover key questions that ensure a thorough understanding of the material, essential for comfort and success in future lectures. The number of questions varies, ranging from 3-4 to 15-20, depending on the lecture's significance and the volume of critical information. With these self-assessments, students receive immediate feedback, helping them determine if they've fully understood the lecture or if they need to revisit certain parts or seek assistance from our instructors in the Slack Workspace.","tagList":["Self-Assessment","Test","Exam"],"createdAt":"2024-01-27T21:48:36.340Z","updatedAt":"2024-01-27T21:48:36.340Z","favorited":false,"favoritesCount":67,"author":{"username":"Artem Bondar","bio":null,"image":"https://storage.googleapis.com/bondar-academy-visuals/Android.png","following":false}},{"slug":"Practical-Implementation-of-Skills:-Homework-Assignments-with-Instructor-Supervision-1","title":"Practical Implementation of Skills: Homework Assignments with Instructor Supervision","description":"Knowledge or skills not reinforced through practical exercises can quickly fade, often faster than anticipated. Homework, particularly in tasks like writing your own code, is crucial for honing these skills and cementing your understanding. At Bondar Academy, we ensure this vital step by assigning homework, rigorously evaluating the outcomes, and providing valuable feedback to guide your learning journey.","body":"Homework assignments are a fundamental component of the educational methodology at Bondar Academy, especially in technical education where learning a new programming language or framework is involved. The key to mastering these skills lies in writing code; the more you write, the better you become. However, merely replicating code seen in lectures leads to minimal learning. Often, this approach leaves students unclear about why their code works the way it does, as they focus on copying rather than understanding.\n\nA homework assignment at Bondar Academy starts with a blank page, challenging students to apply all their knowledge to write the first line of code. This process is more demanding than it appears. As you write each line, understanding and reasoning grow, making your code meaningful and comprehensible. You learn to write code that makes sense to you, enhancing your understanding.\n\nIn completing these assignments, you engage the 'thinking' part of your brain, transforming theoretical knowledge into practical skills. Recognizing the crucial role of homework in learning, our instructors at Bondar Academy are always available to assist with any challenges. Just reach out on Slack, and you'll receive the guidance and support needed for successful completion. At Bondar Academy, we fully understand the importance of homework assignments for the best outcome, so our instructors are always here to assist if you have any difficulties with completing them. Just ask in Slack and you'll be guided and assisted.","tagList":["Homework","Assignments","Practice","Coding"],"createdAt":"2024-01-27T21:46:09.512Z","updatedAt":"2024-01-27T21:46:09.512Z","favorited":false,"favoritesCount":37,"author":{"username":"Artem Bondar","bio":null,"image":"https://storage.googleapis.com/bondar-academy-visuals/Android.png","following":false}}],"articlesCount":16}

01:44:59.860 [main] ERROR com.intuit.karate - classpath:conduitApp/feature/HomePage.feature:31
And match response..favoritesCount == '#number'
match failed: EQUALS
  $ | not a number (LIST:STRING)
  [0,0,0,0,0,0,732,258,67,37]
  '#number'

classpath:conduitApp/feature/HomePage.feature:31
01:45:32.340 [main] INFO  com.intuit.karate.Runner - using system property 'karate.options': --tags @debug
01:45:32.555 [main] DEBUG com.intuit.karate.Suite - [config] classpath:karate-config.js
01:45:33.087 [main] INFO  com.intuit.karate - karate.env system property was: null 
01:45:33.090 [main] INFO  com.intuit.karate - >> lock acquired, begin callSingle: classpath:helpers/CreateToken.feature
01:45:33.288 [main] DEBUG com.intuit.karate - request:
1 > POST https://conduit-api.bondaracademy.com/api/users/login
1 > Content-Type: application/json; charset=UTF-8
1 > Content-Length: 65
1 > Host: conduit-api.bondaracademy.com
1 > Connection: Keep-Alive
1 > User-Agent: Apache-HttpClient/4.5.14 (Java/17.0.12)
1 > Accept-Encoding: gzip,deflate
{"user":{"email":"pruebakarate@test.com","password":"karate123"}}

01:45:34.127 [main] DEBUG com.intuit.karate - response time in milliseconds: 837
1 < 200
1 < x-powered-by: Express
1 < vary: Origin
1 < content-type: application/json; charset=utf-8
1 < etag: W/"13e-eOATwFzE+VRgvplb9RccQU3KCuE"
1 < x-cloud-trace-context: fd4330a30ffa5e9f5371e7730354c971;o=1
1 < date: Wed, 13 Aug 2025 06:45:34 GMT
1 < server: Google Frontend
1 < Content-Length: 318
{"user":{"email":"pruebakarate@test.com","username":"Alvariytomyg","bio":null,"image":"https://conduit-api.bondaracademy.com/images/smiley-cyrus.jpeg","token":"eyJhbGciOiJIUzI1NiIsInR5cCI6IkpXVCJ9.eyJ1c2VyIjp7ImlkIjoxMzE4Nn0sImlhdCI6MTc1NTA2NzUzNCwiZXhwIjoxNzYwMjUxNTM0fQ.PaMGyEe1Sfq5dCF5VZR9YHe95OfKM0v2OgffuMOgcqY"}}

01:45:34.130 [main] INFO  com.intuit.karate - << lock released, cached callSingle: classpath:helpers/CreateToken.feature
01:45:34.135 [main] DEBUG com.intuit.karate - request:
1 > GET https://conduit-api.bondaracademy.com/api/tags
1 > Authorization: Token eyJhbGciOiJIUzI1NiIsInR5cCI6IkpXVCJ9.eyJ1c2VyIjp7ImlkIjoxMzE4Nn0sImlhdCI6MTc1NTA2NzUzNCwiZXhwIjoxNzYwMjUxNTM0fQ.PaMGyEe1Sfq5dCF5VZR9YHe95OfKM0v2OgffuMOgcqY
1 > Host: conduit-api.bondaracademy.com
1 > Connection: Keep-Alive
1 > User-Agent: Apache-HttpClient/4.5.14 (Java/17.0.12)
1 > Accept-Encoding: gzip,deflate


01:45:34.896 [main] DEBUG com.intuit.karate - response time in milliseconds: 760
1 < 200
1 < x-powered-by: Express
1 < vary: Origin
1 < content-type: application/json; charset=utf-8
1 < etag: W/"65-XAqp9RO5/GurIdusYmbGg8NPW48"
1 < x-cloud-trace-context: 247bad17078861b318256877f0af0d84
1 < date: Wed, 13 Aug 2025 06:45:34 GMT
1 < server: Google Frontend
1 < Content-Length: 101
{"tags":["Test","Git","YouTube","Zoom","Blog","Bondar Academy","Enroll","Exam","Community","GitHub"]}

01:45:34.918 [main] INFO  com.intuit.karate - karate.env system property was: null 
01:45:34.921 [main] DEBUG com.intuit.karate - request:
1 > GET https://conduit-api.bondaracademy.com/api/articles?limt=10&offset=0
1 > Authorization: Token eyJhbGciOiJIUzI1NiIsInR5cCI6IkpXVCJ9.eyJ1c2VyIjp7ImlkIjoxMzE4Nn0sImlhdCI6MTc1NTA2NzUzNCwiZXhwIjoxNzYwMjUxNTM0fQ.PaMGyEe1Sfq5dCF5VZR9YHe95OfKM0v2OgffuMOgcqY
1 > Host: conduit-api.bondaracademy.com
1 > Connection: Keep-Alive
1 > User-Agent: Apache-HttpClient/4.5.14 (Java/17.0.12)
1 > Accept-Encoding: gzip,deflate


01:45:35.854 [main] DEBUG com.intuit.karate - response time in milliseconds: 933
1 < 200
1 < x-powered-by: Express
1 < vary: Origin
1 < content-type: application/json; charset=utf-8
1 < etag: W/"28e1-8lgXoYOslxN9R6eEWs0gkt9L6LQ"
1 < x-cloud-trace-context: 9f13ac9d720bda450b47ebf2a53a6700
1 < date: Wed, 13 Aug 2025 06:45:35 GMT
1 < server: Google Frontend
1 < Content-Length: 10465
{"articles":[{"slug":"Creando-Articulo13-13186","title":"Creando Articulo13","description":"es una prueba11","body":"practicando Karate11","tagList":[],"createdAt":"2025-08-13T02:43:35.040Z","updatedAt":"2025-08-13T02:43:35.040Z","favorited":false,"favoritesCount":0,"author":{"username":"Alvariytomyg","bio":null,"image":"https://conduit-api.bondaracademy.com/images/smiley-cyrus.jpeg","following":false}},{"slug":"Creando-Articulo12-13186","title":"Creando Articulo12","description":"es una prueba12","body":"practicando Karate12","tagList":[],"createdAt":"2025-08-13T02:02:35.692Z","updatedAt":"2025-08-13T02:02:35.692Z","favorited":false,"favoritesCount":0,"author":{"username":"Alvariytomyg","bio":null,"image":"https://conduit-api.bondaracademy.com/images/smiley-cyrus.jpeg","following":false}},{"slug":"Probando-Articulo9-13186","title":"Probando Articulo9","description":"es una prueba9","body":"practicando Karate9","tagList":[],"createdAt":"2025-06-25T21:57:45.735Z","updatedAt":"2025-06-25T21:57:45.735Z","favorited":false,"favoritesCount":0,"author":{"username":"Alvariytomyg","bio":null,"image":"https://conduit-api.bondaracademy.com/images/smiley-cyrus.jpeg","following":false}},{"slug":"Probando-Articulo8-13186","title":"Probando Articulo8","description":"es una prueba8","body":"practicando Karate8","tagList":[],"createdAt":"2025-05-26T01:08:04.570Z","updatedAt":"2025-05-26T01:08:04.570Z","favorited":false,"favoritesCount":0,"author":{"username":"Alvariytomyg","bio":null,"image":"https://conduit-api.bondaracademy.com/images/smiley-cyrus.jpeg","following":false}},{"slug":"Probando-Articulo7-13186","title":"Probando Articulo7","description":"es una prueba7","body":"practicando Karate6","tagList":[],"createdAt":"2025-05-26T00:30:47.752Z","updatedAt":"2025-05-26T00:30:47.752Z","favorited":false,"favoritesCount":0,"author":{"username":"Alvariytomyg","bio":null,"image":"https://conduit-api.bondaracademy.com/images/smiley-cyrus.jpeg","following":false}},{"slug":"Probando-Articulo6-13186","title":"Probando Articulo6","description":"es una prueba6","body":"practicando Karate6","tagList":[],"createdAt":"2025-05-26T00:27:03.581Z","updatedAt":"2025-05-26T00:27:03.581Z","favorited":false,"favoritesCount":0,"author":{"username":"Alvariytomyg","bio":null,"image":"https://conduit-api.bondaracademy.com/images/smiley-cyrus.jpeg","following":false}},{"slug":"Discover-Bondar-Academy:-Your-Gateway-to-Efficient-Learning-1","title":"Discover Bondar Academy: Your Gateway to Efficient Learning","description":"Discover Bondar Academy's unique place in the educational landscape, where value-focused and efficient learning approaches converge. Our goal is to rapidly enhance your professional technical skills, boosting your market competitiveness and paving the way for higher-paying job opportunities. The speed of your progress is in your hands – you set the pace, and we provide the solutions and support to help you achieve your desired outcomes.","body":"Bondar Academy is a leading platform for efficient education, designed to boost your technical skills and advance your career in Quality Assurance (QA). Our program features a balanced mix of pre-recorded lectures and live sessions, allowing each student to study at their own pace and at a time that suits them. \n\nOur instructors are readily available on our Slack Workspace for support. Whether it's a quick question or a more complex issue requiring a Zoom call or Slack Huddle for screen sharing and live discussion, we're here to assist. Additionally, each class comes with a comprehensive question bank for self-assessment. Following each lecture, you have the opportunity to validate your understanding and readiness to progress to the next topic. You set the pace, and we provide the solutions to ensure you achieve your desired outcomes.\n\nSignUp today: https://www.bondaracademy.com","tagList":["qa career","Bondar Academy","QA Skills","Value-Focused"],"createdAt":"2024-01-27T21:52:32.682Z","updatedAt":"2024-01-27T21:52:32.682Z","favorited":false,"favoritesCount":732,"author":{"username":"Artem Bondar","bio":null,"image":"https://storage.googleapis.com/bondar-academy-visuals/Android.png","following":false}},{"slug":"The-value-of-pre-recorded-video-classes.-The-most-efficient-approach-to-tranfer-the-knowledge-1","title":"The value of pre-recorded video classes. The most efficient approach to tranfer the knowledge","description":"As educational practices evolve, video tutorials have emerged as the most efficient method for imparting theoretical knowledge. At Bondar Academy, we prioritize expertly structured and crafted video tutorials, ensuring you learn quickly and effectively and advance your skills.","body":"At Bondar Academy, we prioritize the value of your time and the efficiency of your education, distinguishing our approach from traditional colleges and live boot camps. Forget long, tedious live lectures on a fixed schedule. With us, you learn at your convenience and pace through optimized, structured video lectures. \n\nWe understand your goal is rapid knowledge acquisition. Our pre-recorded and well-organized lectures are designed precisely for this, ensuring no slowdowns from group dynamics or unrelated instructor anecdotes. \n\nDive straight into the subject matter, learn efficiently, and if questions arise, our immediate support on the Slack Workspace is there to streamline your learning process and swiftly remove any roadblocks.","tagList":["Bondar Academy","Video Lectures","Tutorials"],"createdAt":"2024-01-27T21:50:38.825Z","updatedAt":"2024-01-27T21:50:38.825Z","favorited":false,"favoritesCount":258,"author":{"username":"Artem Bondar","bio":null,"image":"https://storage.googleapis.com/bondar-academy-visuals/Android.png","following":false}},{"slug":"Mastering-Knowledge-with-Self-Assessments:-Identifying-and-Bridging-Learning-Gaps-in-Education-1","title":"Mastering Knowledge with Self-Assessments: Identifying and Bridging Learning Gaps in Education","description":"Self-assessment is an essential tool for gauging your understanding of lecture material. It answers critical questions: Have you grasped everything correctly? Is there anything you've missed? Are you prepared for the next lesson? These assessments ensure that you build a solid foundation of knowledge, confidently and efficiently paving the way for swift progress and effective learning outcomes.","body":"Traditional educational institutions, such as colleges and universities, commonly use tests and assessments to measure knowledge. This approach is effective for gauging student performance, but it's not without drawbacks. In these settings, assessments after every lecture aren't feasible due to the time required for teachers to evaluate them. This often leads to students having a false sense of understanding, believing they've comprehended all aspects of a lecture when, in reality, small but crucial details might be missed. These 'knowledge gaps' can accumulate, making more complex topics difficult to grasp later on.\n\nAt Bondar Academy, we address this challenge by implementing self-assessments after every lecture. These are designed to cover key questions that ensure a thorough understanding of the material, essential for comfort and success in future lectures. The number of questions varies, ranging from 3-4 to 15-20, depending on the lecture's significance and the volume of critical information. With these self-assessments, students receive immediate feedback, helping them determine if they've fully understood the lecture or if they need to revisit certain parts or seek assistance from our instructors in the Slack Workspace.","tagList":["Self-Assessment","Test","Exam"],"createdAt":"2024-01-27T21:48:36.340Z","updatedAt":"2024-01-27T21:48:36.340Z","favorited":false,"favoritesCount":67,"author":{"username":"Artem Bondar","bio":null,"image":"https://storage.googleapis.com/bondar-academy-visuals/Android.png","following":false}},{"slug":"Practical-Implementation-of-Skills:-Homework-Assignments-with-Instructor-Supervision-1","title":"Practical Implementation of Skills: Homework Assignments with Instructor Supervision","description":"Knowledge or skills not reinforced through practical exercises can quickly fade, often faster than anticipated. Homework, particularly in tasks like writing your own code, is crucial for honing these skills and cementing your understanding. At Bondar Academy, we ensure this vital step by assigning homework, rigorously evaluating the outcomes, and providing valuable feedback to guide your learning journey.","body":"Homework assignments are a fundamental component of the educational methodology at Bondar Academy, especially in technical education where learning a new programming language or framework is involved. The key to mastering these skills lies in writing code; the more you write, the better you become. However, merely replicating code seen in lectures leads to minimal learning. Often, this approach leaves students unclear about why their code works the way it does, as they focus on copying rather than understanding.\n\nA homework assignment at Bondar Academy starts with a blank page, challenging students to apply all their knowledge to write the first line of code. This process is more demanding than it appears. As you write each line, understanding and reasoning grow, making your code meaningful and comprehensible. You learn to write code that makes sense to you, enhancing your understanding.\n\nIn completing these assignments, you engage the 'thinking' part of your brain, transforming theoretical knowledge into practical skills. Recognizing the crucial role of homework in learning, our instructors at Bondar Academy are always available to assist with any challenges. Just reach out on Slack, and you'll receive the guidance and support needed for successful completion. At Bondar Academy, we fully understand the importance of homework assignments for the best outcome, so our instructors are always here to assist if you have any difficulties with completing them. Just ask in Slack and you'll be guided and assisted.","tagList":["Homework","Assignments","Practice","Coding"],"createdAt":"2024-01-27T21:46:09.512Z","updatedAt":"2024-01-27T21:46:09.512Z","favorited":false,"favoritesCount":37,"author":{"username":"Artem Bondar","bio":null,"image":"https://storage.googleapis.com/bondar-academy-visuals/Android.png","following":false}}],"articlesCount":16}

01:47:18.754 [main] INFO  com.intuit.karate.Runner - using system property 'karate.options': --tags @debug
01:47:18.963 [main] DEBUG com.intuit.karate.Suite - [config] classpath:karate-config.js
01:47:19.500 [main] INFO  com.intuit.karate - karate.env system property was: null 
01:47:19.503 [main] INFO  com.intuit.karate - >> lock acquired, begin callSingle: classpath:helpers/CreateToken.feature
01:47:19.692 [main] DEBUG com.intuit.karate - request:
1 > POST https://conduit-api.bondaracademy.com/api/users/login
1 > Content-Type: application/json; charset=UTF-8
1 > Content-Length: 65
1 > Host: conduit-api.bondaracademy.com
1 > Connection: Keep-Alive
1 > User-Agent: Apache-HttpClient/4.5.14 (Java/17.0.12)
1 > Accept-Encoding: gzip,deflate
{"user":{"email":"pruebakarate@test.com","password":"karate123"}}

01:47:20.548 [main] DEBUG com.intuit.karate - response time in milliseconds: 855
1 < 200
1 < x-powered-by: Express
1 < vary: Origin
1 < content-type: application/json; charset=utf-8
1 < etag: W/"13e-tLsaeWgG0LZUgGQN/42dQHk8PGQ"
1 < x-cloud-trace-context: 90ec77fb41227035915a9139e54021ca
1 < date: Wed, 13 Aug 2025 06:47:20 GMT
1 < server: Google Frontend
1 < Content-Length: 318
{"user":{"email":"pruebakarate@test.com","username":"Alvariytomyg","bio":null,"image":"https://conduit-api.bondaracademy.com/images/smiley-cyrus.jpeg","token":"eyJhbGciOiJIUzI1NiIsInR5cCI6IkpXVCJ9.eyJ1c2VyIjp7ImlkIjoxMzE4Nn0sImlhdCI6MTc1NTA2NzY0MCwiZXhwIjoxNzYwMjUxNjQwfQ.m2VqRM3OhJd_TWhEyDFuGVLMu7i65x7BQUJPi8Q0cnM"}}

01:47:20.552 [main] INFO  com.intuit.karate - << lock released, cached callSingle: classpath:helpers/CreateToken.feature
01:47:20.557 [main] DEBUG com.intuit.karate - request:
1 > GET https://conduit-api.bondaracademy.com/api/tags
1 > Authorization: Token eyJhbGciOiJIUzI1NiIsInR5cCI6IkpXVCJ9.eyJ1c2VyIjp7ImlkIjoxMzE4Nn0sImlhdCI6MTc1NTA2NzY0MCwiZXhwIjoxNzYwMjUxNjQwfQ.m2VqRM3OhJd_TWhEyDFuGVLMu7i65x7BQUJPi8Q0cnM
1 > Host: conduit-api.bondaracademy.com
1 > Connection: Keep-Alive
1 > User-Agent: Apache-HttpClient/4.5.14 (Java/17.0.12)
1 > Accept-Encoding: gzip,deflate


01:47:21.292 [main] DEBUG com.intuit.karate - response time in milliseconds: 734
1 < 200
1 < x-powered-by: Express
1 < vary: Origin
1 < content-type: application/json; charset=utf-8
1 < etag: W/"65-XAqp9RO5/GurIdusYmbGg8NPW48"
1 < x-cloud-trace-context: 091204904f13613333c2b615a7c46606
1 < date: Wed, 13 Aug 2025 06:47:21 GMT
1 < server: Google Frontend
1 < Content-Length: 101
{"tags":["Test","Git","YouTube","Zoom","Blog","Bondar Academy","Enroll","Exam","Community","GitHub"]}

01:47:21.313 [main] INFO  com.intuit.karate - karate.env system property was: null 
01:47:21.316 [main] DEBUG com.intuit.karate - request:
1 > GET https://conduit-api.bondaracademy.com/api/articles?limt=10&offset=0
1 > Authorization: Token eyJhbGciOiJIUzI1NiIsInR5cCI6IkpXVCJ9.eyJ1c2VyIjp7ImlkIjoxMzE4Nn0sImlhdCI6MTc1NTA2NzY0MCwiZXhwIjoxNzYwMjUxNjQwfQ.m2VqRM3OhJd_TWhEyDFuGVLMu7i65x7BQUJPi8Q0cnM
1 > Host: conduit-api.bondaracademy.com
1 > Connection: Keep-Alive
1 > User-Agent: Apache-HttpClient/4.5.14 (Java/17.0.12)
1 > Accept-Encoding: gzip,deflate


01:47:22.389 [main] DEBUG com.intuit.karate - response time in milliseconds: 1071
1 < 200
1 < x-powered-by: Express
1 < vary: Origin
1 < content-type: application/json; charset=utf-8
1 < etag: W/"28e1-8lgXoYOslxN9R6eEWs0gkt9L6LQ"
1 < x-cloud-trace-context: 4f175afcd6d338e938a0a537a289d35e
1 < date: Wed, 13 Aug 2025 06:47:22 GMT
1 < server: Google Frontend
1 < Content-Length: 10465
{"articles":[{"slug":"Creando-Articulo13-13186","title":"Creando Articulo13","description":"es una prueba11","body":"practicando Karate11","tagList":[],"createdAt":"2025-08-13T02:43:35.040Z","updatedAt":"2025-08-13T02:43:35.040Z","favorited":false,"favoritesCount":0,"author":{"username":"Alvariytomyg","bio":null,"image":"https://conduit-api.bondaracademy.com/images/smiley-cyrus.jpeg","following":false}},{"slug":"Creando-Articulo12-13186","title":"Creando Articulo12","description":"es una prueba12","body":"practicando Karate12","tagList":[],"createdAt":"2025-08-13T02:02:35.692Z","updatedAt":"2025-08-13T02:02:35.692Z","favorited":false,"favoritesCount":0,"author":{"username":"Alvariytomyg","bio":null,"image":"https://conduit-api.bondaracademy.com/images/smiley-cyrus.jpeg","following":false}},{"slug":"Probando-Articulo9-13186","title":"Probando Articulo9","description":"es una prueba9","body":"practicando Karate9","tagList":[],"createdAt":"2025-06-25T21:57:45.735Z","updatedAt":"2025-06-25T21:57:45.735Z","favorited":false,"favoritesCount":0,"author":{"username":"Alvariytomyg","bio":null,"image":"https://conduit-api.bondaracademy.com/images/smiley-cyrus.jpeg","following":false}},{"slug":"Probando-Articulo8-13186","title":"Probando Articulo8","description":"es una prueba8","body":"practicando Karate8","tagList":[],"createdAt":"2025-05-26T01:08:04.570Z","updatedAt":"2025-05-26T01:08:04.570Z","favorited":false,"favoritesCount":0,"author":{"username":"Alvariytomyg","bio":null,"image":"https://conduit-api.bondaracademy.com/images/smiley-cyrus.jpeg","following":false}},{"slug":"Probando-Articulo7-13186","title":"Probando Articulo7","description":"es una prueba7","body":"practicando Karate6","tagList":[],"createdAt":"2025-05-26T00:30:47.752Z","updatedAt":"2025-05-26T00:30:47.752Z","favorited":false,"favoritesCount":0,"author":{"username":"Alvariytomyg","bio":null,"image":"https://conduit-api.bondaracademy.com/images/smiley-cyrus.jpeg","following":false}},{"slug":"Probando-Articulo6-13186","title":"Probando Articulo6","description":"es una prueba6","body":"practicando Karate6","tagList":[],"createdAt":"2025-05-26T00:27:03.581Z","updatedAt":"2025-05-26T00:27:03.581Z","favorited":false,"favoritesCount":0,"author":{"username":"Alvariytomyg","bio":null,"image":"https://conduit-api.bondaracademy.com/images/smiley-cyrus.jpeg","following":false}},{"slug":"Discover-Bondar-Academy:-Your-Gateway-to-Efficient-Learning-1","title":"Discover Bondar Academy: Your Gateway to Efficient Learning","description":"Discover Bondar Academy's unique place in the educational landscape, where value-focused and efficient learning approaches converge. Our goal is to rapidly enhance your professional technical skills, boosting your market competitiveness and paving the way for higher-paying job opportunities. The speed of your progress is in your hands – you set the pace, and we provide the solutions and support to help you achieve your desired outcomes.","body":"Bondar Academy is a leading platform for efficient education, designed to boost your technical skills and advance your career in Quality Assurance (QA). Our program features a balanced mix of pre-recorded lectures and live sessions, allowing each student to study at their own pace and at a time that suits them. \n\nOur instructors are readily available on our Slack Workspace for support. Whether it's a quick question or a more complex issue requiring a Zoom call or Slack Huddle for screen sharing and live discussion, we're here to assist. Additionally, each class comes with a comprehensive question bank for self-assessment. Following each lecture, you have the opportunity to validate your understanding and readiness to progress to the next topic. You set the pace, and we provide the solutions to ensure you achieve your desired outcomes.\n\nSignUp today: https://www.bondaracademy.com","tagList":["qa career","Bondar Academy","QA Skills","Value-Focused"],"createdAt":"2024-01-27T21:52:32.682Z","updatedAt":"2024-01-27T21:52:32.682Z","favorited":false,"favoritesCount":732,"author":{"username":"Artem Bondar","bio":null,"image":"https://storage.googleapis.com/bondar-academy-visuals/Android.png","following":false}},{"slug":"The-value-of-pre-recorded-video-classes.-The-most-efficient-approach-to-tranfer-the-knowledge-1","title":"The value of pre-recorded video classes. The most efficient approach to tranfer the knowledge","description":"As educational practices evolve, video tutorials have emerged as the most efficient method for imparting theoretical knowledge. At Bondar Academy, we prioritize expertly structured and crafted video tutorials, ensuring you learn quickly and effectively and advance your skills.","body":"At Bondar Academy, we prioritize the value of your time and the efficiency of your education, distinguishing our approach from traditional colleges and live boot camps. Forget long, tedious live lectures on a fixed schedule. With us, you learn at your convenience and pace through optimized, structured video lectures. \n\nWe understand your goal is rapid knowledge acquisition. Our pre-recorded and well-organized lectures are designed precisely for this, ensuring no slowdowns from group dynamics or unrelated instructor anecdotes. \n\nDive straight into the subject matter, learn efficiently, and if questions arise, our immediate support on the Slack Workspace is there to streamline your learning process and swiftly remove any roadblocks.","tagList":["Bondar Academy","Video Lectures","Tutorials"],"createdAt":"2024-01-27T21:50:38.825Z","updatedAt":"2024-01-27T21:50:38.825Z","favorited":false,"favoritesCount":258,"author":{"username":"Artem Bondar","bio":null,"image":"https://storage.googleapis.com/bondar-academy-visuals/Android.png","following":false}},{"slug":"Mastering-Knowledge-with-Self-Assessments:-Identifying-and-Bridging-Learning-Gaps-in-Education-1","title":"Mastering Knowledge with Self-Assessments: Identifying and Bridging Learning Gaps in Education","description":"Self-assessment is an essential tool for gauging your understanding of lecture material. It answers critical questions: Have you grasped everything correctly? Is there anything you've missed? Are you prepared for the next lesson? These assessments ensure that you build a solid foundation of knowledge, confidently and efficiently paving the way for swift progress and effective learning outcomes.","body":"Traditional educational institutions, such as colleges and universities, commonly use tests and assessments to measure knowledge. This approach is effective for gauging student performance, but it's not without drawbacks. In these settings, assessments after every lecture aren't feasible due to the time required for teachers to evaluate them. This often leads to students having a false sense of understanding, believing they've comprehended all aspects of a lecture when, in reality, small but crucial details might be missed. These 'knowledge gaps' can accumulate, making more complex topics difficult to grasp later on.\n\nAt Bondar Academy, we address this challenge by implementing self-assessments after every lecture. These are designed to cover key questions that ensure a thorough understanding of the material, essential for comfort and success in future lectures. The number of questions varies, ranging from 3-4 to 15-20, depending on the lecture's significance and the volume of critical information. With these self-assessments, students receive immediate feedback, helping them determine if they've fully understood the lecture or if they need to revisit certain parts or seek assistance from our instructors in the Slack Workspace.","tagList":["Self-Assessment","Test","Exam"],"createdAt":"2024-01-27T21:48:36.340Z","updatedAt":"2024-01-27T21:48:36.340Z","favorited":false,"favoritesCount":67,"author":{"username":"Artem Bondar","bio":null,"image":"https://storage.googleapis.com/bondar-academy-visuals/Android.png","following":false}},{"slug":"Practical-Implementation-of-Skills:-Homework-Assignments-with-Instructor-Supervision-1","title":"Practical Implementation of Skills: Homework Assignments with Instructor Supervision","description":"Knowledge or skills not reinforced through practical exercises can quickly fade, often faster than anticipated. Homework, particularly in tasks like writing your own code, is crucial for honing these skills and cementing your understanding. At Bondar Academy, we ensure this vital step by assigning homework, rigorously evaluating the outcomes, and providing valuable feedback to guide your learning journey.","body":"Homework assignments are a fundamental component of the educational methodology at Bondar Academy, especially in technical education where learning a new programming language or framework is involved. The key to mastering these skills lies in writing code; the more you write, the better you become. However, merely replicating code seen in lectures leads to minimal learning. Often, this approach leaves students unclear about why their code works the way it does, as they focus on copying rather than understanding.\n\nA homework assignment at Bondar Academy starts with a blank page, challenging students to apply all their knowledge to write the first line of code. This process is more demanding than it appears. As you write each line, understanding and reasoning grow, making your code meaningful and comprehensible. You learn to write code that makes sense to you, enhancing your understanding.\n\nIn completing these assignments, you engage the 'thinking' part of your brain, transforming theoretical knowledge into practical skills. Recognizing the crucial role of homework in learning, our instructors at Bondar Academy are always available to assist with any challenges. Just reach out on Slack, and you'll receive the guidance and support needed for successful completion. At Bondar Academy, we fully understand the importance of homework assignments for the best outcome, so our instructors are always here to assist if you have any difficulties with completing them. Just ask in Slack and you'll be guided and assisted.","tagList":["Homework","Assignments","Practice","Coding"],"createdAt":"2024-01-27T21:46:09.512Z","updatedAt":"2024-01-27T21:46:09.512Z","favorited":false,"favoritesCount":37,"author":{"username":"Artem Bondar","bio":null,"image":"https://storage.googleapis.com/bondar-academy-visuals/Android.png","following":false}}],"articlesCount":16}

02:05:33.986 [main] INFO  com.intuit.karate.Runner - using system property 'karate.options': --tags @debug
02:05:34.195 [main] DEBUG com.intuit.karate.Suite - [config] classpath:karate-config.js
02:05:34.736 [main] INFO  com.intuit.karate - karate.env system property was: null 
02:05:34.738 [main] INFO  com.intuit.karate - >> lock acquired, begin callSingle: classpath:helpers/CreateToken.feature
02:05:34.934 [main] DEBUG com.intuit.karate - request:
1 > POST https://conduit-api.bondaracademy.com/api/users/login
1 > Content-Type: application/json; charset=UTF-8
1 > Content-Length: 65
1 > Host: conduit-api.bondaracademy.com
1 > Connection: Keep-Alive
1 > User-Agent: Apache-HttpClient/4.5.14 (Java/17.0.12)
1 > Accept-Encoding: gzip,deflate
{"user":{"email":"pruebakarate@test.com","password":"karate123"}}

02:05:35.979 [main] DEBUG com.intuit.karate - response time in milliseconds: 1042
1 < 200
1 < x-powered-by: Express
1 < vary: Origin
1 < content-type: application/json; charset=utf-8
1 < etag: W/"13e-8UkzO0U1L6yoOmXiGZb7L0iWi8A"
1 < x-cloud-trace-context: 408d6e51855e125b292c7209803723e4;o=1
1 < date: Wed, 13 Aug 2025 07:05:35 GMT
1 < server: Google Frontend
1 < Content-Length: 318
{"user":{"email":"pruebakarate@test.com","username":"Alvariytomyg","bio":null,"image":"https://conduit-api.bondaracademy.com/images/smiley-cyrus.jpeg","token":"eyJhbGciOiJIUzI1NiIsInR5cCI6IkpXVCJ9.eyJ1c2VyIjp7ImlkIjoxMzE4Nn0sImlhdCI6MTc1NTA2ODczNSwiZXhwIjoxNzYwMjUyNzM1fQ.JLcgtnYmLmJq71c3KnmjUXT8-aGAgqC503dB9EauEbQ"}}

02:05:35.984 [main] INFO  com.intuit.karate - << lock released, cached callSingle: classpath:helpers/CreateToken.feature
02:05:35.988 [main] DEBUG com.intuit.karate - request:
1 > GET https://conduit-api.bondaracademy.com/api/tags
1 > Authorization: Token eyJhbGciOiJIUzI1NiIsInR5cCI6IkpXVCJ9.eyJ1c2VyIjp7ImlkIjoxMzE4Nn0sImlhdCI6MTc1NTA2ODczNSwiZXhwIjoxNzYwMjUyNzM1fQ.JLcgtnYmLmJq71c3KnmjUXT8-aGAgqC503dB9EauEbQ
1 > Host: conduit-api.bondaracademy.com
1 > Connection: Keep-Alive
1 > User-Agent: Apache-HttpClient/4.5.14 (Java/17.0.12)
1 > Accept-Encoding: gzip,deflate


02:05:36.780 [main] DEBUG com.intuit.karate - response time in milliseconds: 790
1 < 200
1 < x-powered-by: Express
1 < vary: Origin
1 < content-type: application/json; charset=utf-8
1 < etag: W/"65-XAqp9RO5/GurIdusYmbGg8NPW48"
1 < x-cloud-trace-context: c063549608f684957442f60441d9a51e
1 < date: Wed, 13 Aug 2025 07:05:36 GMT
1 < server: Google Frontend
1 < Content-Length: 101
{"tags":["Test","Git","YouTube","Zoom","Blog","Bondar Academy","Enroll","Exam","Community","GitHub"]}

02:05:36.803 [main] INFO  com.intuit.karate - karate.env system property was: null 
02:05:36.805 [main] DEBUG com.intuit.karate - request:
1 > GET https://conduit-api.bondaracademy.com/api/articles?limt=10&offset=0
1 > Authorization: Token eyJhbGciOiJIUzI1NiIsInR5cCI6IkpXVCJ9.eyJ1c2VyIjp7ImlkIjoxMzE4Nn0sImlhdCI6MTc1NTA2ODczNSwiZXhwIjoxNzYwMjUyNzM1fQ.JLcgtnYmLmJq71c3KnmjUXT8-aGAgqC503dB9EauEbQ
1 > Host: conduit-api.bondaracademy.com
1 > Connection: Keep-Alive
1 > User-Agent: Apache-HttpClient/4.5.14 (Java/17.0.12)
1 > Accept-Encoding: gzip,deflate


02:05:37.937 [main] DEBUG com.intuit.karate - response time in milliseconds: 1128
1 < 200
1 < x-powered-by: Express
1 < vary: Origin
1 < content-type: application/json; charset=utf-8
1 < etag: W/"28e1-8lgXoYOslxN9R6eEWs0gkt9L6LQ"
1 < x-cloud-trace-context: fd63bbb5249cb5fc2d76da4c58464754
1 < date: Wed, 13 Aug 2025 07:05:37 GMT
1 < server: Google Frontend
1 < Content-Length: 10465
{"articles":[{"slug":"Creando-Articulo13-13186","title":"Creando Articulo13","description":"es una prueba11","body":"practicando Karate11","tagList":[],"createdAt":"2025-08-13T02:43:35.040Z","updatedAt":"2025-08-13T02:43:35.040Z","favorited":false,"favoritesCount":0,"author":{"username":"Alvariytomyg","bio":null,"image":"https://conduit-api.bondaracademy.com/images/smiley-cyrus.jpeg","following":false}},{"slug":"Creando-Articulo12-13186","title":"Creando Articulo12","description":"es una prueba12","body":"practicando Karate12","tagList":[],"createdAt":"2025-08-13T02:02:35.692Z","updatedAt":"2025-08-13T02:02:35.692Z","favorited":false,"favoritesCount":0,"author":{"username":"Alvariytomyg","bio":null,"image":"https://conduit-api.bondaracademy.com/images/smiley-cyrus.jpeg","following":false}},{"slug":"Probando-Articulo9-13186","title":"Probando Articulo9","description":"es una prueba9","body":"practicando Karate9","tagList":[],"createdAt":"2025-06-25T21:57:45.735Z","updatedAt":"2025-06-25T21:57:45.735Z","favorited":false,"favoritesCount":0,"author":{"username":"Alvariytomyg","bio":null,"image":"https://conduit-api.bondaracademy.com/images/smiley-cyrus.jpeg","following":false}},{"slug":"Probando-Articulo8-13186","title":"Probando Articulo8","description":"es una prueba8","body":"practicando Karate8","tagList":[],"createdAt":"2025-05-26T01:08:04.570Z","updatedAt":"2025-05-26T01:08:04.570Z","favorited":false,"favoritesCount":0,"author":{"username":"Alvariytomyg","bio":null,"image":"https://conduit-api.bondaracademy.com/images/smiley-cyrus.jpeg","following":false}},{"slug":"Probando-Articulo7-13186","title":"Probando Articulo7","description":"es una prueba7","body":"practicando Karate6","tagList":[],"createdAt":"2025-05-26T00:30:47.752Z","updatedAt":"2025-05-26T00:30:47.752Z","favorited":false,"favoritesCount":0,"author":{"username":"Alvariytomyg","bio":null,"image":"https://conduit-api.bondaracademy.com/images/smiley-cyrus.jpeg","following":false}},{"slug":"Probando-Articulo6-13186","title":"Probando Articulo6","description":"es una prueba6","body":"practicando Karate6","tagList":[],"createdAt":"2025-05-26T00:27:03.581Z","updatedAt":"2025-05-26T00:27:03.581Z","favorited":false,"favoritesCount":0,"author":{"username":"Alvariytomyg","bio":null,"image":"https://conduit-api.bondaracademy.com/images/smiley-cyrus.jpeg","following":false}},{"slug":"Discover-Bondar-Academy:-Your-Gateway-to-Efficient-Learning-1","title":"Discover Bondar Academy: Your Gateway to Efficient Learning","description":"Discover Bondar Academy's unique place in the educational landscape, where value-focused and efficient learning approaches converge. Our goal is to rapidly enhance your professional technical skills, boosting your market competitiveness and paving the way for higher-paying job opportunities. The speed of your progress is in your hands – you set the pace, and we provide the solutions and support to help you achieve your desired outcomes.","body":"Bondar Academy is a leading platform for efficient education, designed to boost your technical skills and advance your career in Quality Assurance (QA). Our program features a balanced mix of pre-recorded lectures and live sessions, allowing each student to study at their own pace and at a time that suits them. \n\nOur instructors are readily available on our Slack Workspace for support. Whether it's a quick question or a more complex issue requiring a Zoom call or Slack Huddle for screen sharing and live discussion, we're here to assist. Additionally, each class comes with a comprehensive question bank for self-assessment. Following each lecture, you have the opportunity to validate your understanding and readiness to progress to the next topic. You set the pace, and we provide the solutions to ensure you achieve your desired outcomes.\n\nSignUp today: https://www.bondaracademy.com","tagList":["qa career","Bondar Academy","QA Skills","Value-Focused"],"createdAt":"2024-01-27T21:52:32.682Z","updatedAt":"2024-01-27T21:52:32.682Z","favorited":false,"favoritesCount":732,"author":{"username":"Artem Bondar","bio":null,"image":"https://storage.googleapis.com/bondar-academy-visuals/Android.png","following":false}},{"slug":"The-value-of-pre-recorded-video-classes.-The-most-efficient-approach-to-tranfer-the-knowledge-1","title":"The value of pre-recorded video classes. The most efficient approach to tranfer the knowledge","description":"As educational practices evolve, video tutorials have emerged as the most efficient method for imparting theoretical knowledge. At Bondar Academy, we prioritize expertly structured and crafted video tutorials, ensuring you learn quickly and effectively and advance your skills.","body":"At Bondar Academy, we prioritize the value of your time and the efficiency of your education, distinguishing our approach from traditional colleges and live boot camps. Forget long, tedious live lectures on a fixed schedule. With us, you learn at your convenience and pace through optimized, structured video lectures. \n\nWe understand your goal is rapid knowledge acquisition. Our pre-recorded and well-organized lectures are designed precisely for this, ensuring no slowdowns from group dynamics or unrelated instructor anecdotes. \n\nDive straight into the subject matter, learn efficiently, and if questions arise, our immediate support on the Slack Workspace is there to streamline your learning process and swiftly remove any roadblocks.","tagList":["Bondar Academy","Video Lectures","Tutorials"],"createdAt":"2024-01-27T21:50:38.825Z","updatedAt":"2024-01-27T21:50:38.825Z","favorited":false,"favoritesCount":258,"author":{"username":"Artem Bondar","bio":null,"image":"https://storage.googleapis.com/bondar-academy-visuals/Android.png","following":false}},{"slug":"Mastering-Knowledge-with-Self-Assessments:-Identifying-and-Bridging-Learning-Gaps-in-Education-1","title":"Mastering Knowledge with Self-Assessments: Identifying and Bridging Learning Gaps in Education","description":"Self-assessment is an essential tool for gauging your understanding of lecture material. It answers critical questions: Have you grasped everything correctly? Is there anything you've missed? Are you prepared for the next lesson? These assessments ensure that you build a solid foundation of knowledge, confidently and efficiently paving the way for swift progress and effective learning outcomes.","body":"Traditional educational institutions, such as colleges and universities, commonly use tests and assessments to measure knowledge. This approach is effective for gauging student performance, but it's not without drawbacks. In these settings, assessments after every lecture aren't feasible due to the time required for teachers to evaluate them. This often leads to students having a false sense of understanding, believing they've comprehended all aspects of a lecture when, in reality, small but crucial details might be missed. These 'knowledge gaps' can accumulate, making more complex topics difficult to grasp later on.\n\nAt Bondar Academy, we address this challenge by implementing self-assessments after every lecture. These are designed to cover key questions that ensure a thorough understanding of the material, essential for comfort and success in future lectures. The number of questions varies, ranging from 3-4 to 15-20, depending on the lecture's significance and the volume of critical information. With these self-assessments, students receive immediate feedback, helping them determine if they've fully understood the lecture or if they need to revisit certain parts or seek assistance from our instructors in the Slack Workspace.","tagList":["Self-Assessment","Test","Exam"],"createdAt":"2024-01-27T21:48:36.340Z","updatedAt":"2024-01-27T21:48:36.340Z","favorited":false,"favoritesCount":67,"author":{"username":"Artem Bondar","bio":null,"image":"https://storage.googleapis.com/bondar-academy-visuals/Android.png","following":false}},{"slug":"Practical-Implementation-of-Skills:-Homework-Assignments-with-Instructor-Supervision-1","title":"Practical Implementation of Skills: Homework Assignments with Instructor Supervision","description":"Knowledge or skills not reinforced through practical exercises can quickly fade, often faster than anticipated. Homework, particularly in tasks like writing your own code, is crucial for honing these skills and cementing your understanding. At Bondar Academy, we ensure this vital step by assigning homework, rigorously evaluating the outcomes, and providing valuable feedback to guide your learning journey.","body":"Homework assignments are a fundamental component of the educational methodology at Bondar Academy, especially in technical education where learning a new programming language or framework is involved. The key to mastering these skills lies in writing code; the more you write, the better you become. However, merely replicating code seen in lectures leads to minimal learning. Often, this approach leaves students unclear about why their code works the way it does, as they focus on copying rather than understanding.\n\nA homework assignment at Bondar Academy starts with a blank page, challenging students to apply all their knowledge to write the first line of code. This process is more demanding than it appears. As you write each line, understanding and reasoning grow, making your code meaningful and comprehensible. You learn to write code that makes sense to you, enhancing your understanding.\n\nIn completing these assignments, you engage the 'thinking' part of your brain, transforming theoretical knowledge into practical skills. Recognizing the crucial role of homework in learning, our instructors at Bondar Academy are always available to assist with any challenges. Just reach out on Slack, and you'll receive the guidance and support needed for successful completion. At Bondar Academy, we fully understand the importance of homework assignments for the best outcome, so our instructors are always here to assist if you have any difficulties with completing them. Just ask in Slack and you'll be guided and assisted.","tagList":["Homework","Assignments","Practice","Coding"],"createdAt":"2024-01-27T21:46:09.512Z","updatedAt":"2024-01-27T21:46:09.512Z","favorited":false,"favoritesCount":37,"author":{"username":"Artem Bondar","bio":null,"image":"https://storage.googleapis.com/bondar-academy-visuals/Android.png","following":false}}],"articlesCount":16}

02:05:37.960 [main] ERROR com.intuit.karate - classpath:conduitApp/feature/HomePage.feature:38
And match response.articles ==
"""
{
        "slug": "#string",
        "title": "#string",
        "description": "#string",
        "body": "#string",
        "tagList": "#array",
        "createdAt": "#? timeValidator(_)",
        "updatedAt": "#? timeValidator(_)",
        "favorited": '#boolean',
        "favoritesCount": '#number',
        "author": {
            "username": "#string",
            "bio": "##string",
            "image": "#string",
            "following": '#boolean'
        }
"""
net.minidev.json.parser.ParseException: Unexpected End Of File position 467: null
classpath:conduitApp/feature/HomePage.feature:38
02:06:53.206 [main] INFO  com.intuit.karate.Runner - using system property 'karate.options': --tags @debug
02:06:53.419 [main] DEBUG com.intuit.karate.Suite - [config] classpath:karate-config.js
02:06:53.965 [main] INFO  com.intuit.karate - karate.env system property was: null 
02:06:53.967 [main] INFO  com.intuit.karate - >> lock acquired, begin callSingle: classpath:helpers/CreateToken.feature
02:06:54.170 [main] DEBUG com.intuit.karate - request:
1 > POST https://conduit-api.bondaracademy.com/api/users/login
1 > Content-Type: application/json; charset=UTF-8
1 > Content-Length: 65
1 > Host: conduit-api.bondaracademy.com
1 > Connection: Keep-Alive
1 > User-Agent: Apache-HttpClient/4.5.14 (Java/17.0.12)
1 > Accept-Encoding: gzip,deflate
{"user":{"email":"pruebakarate@test.com","password":"karate123"}}

02:06:55.038 [main] DEBUG com.intuit.karate - response time in milliseconds: 866
1 < 200
1 < x-powered-by: Express
1 < vary: Origin
1 < content-type: application/json; charset=utf-8
1 < etag: W/"13e-hSDMRA/0+YbwEy42sAU31EbDNs8"
1 < x-cloud-trace-context: 1a5ecc031ffbab573eecfa8cccf35b69;o=1
1 < date: Wed, 13 Aug 2025 07:06:54 GMT
1 < server: Google Frontend
1 < Content-Length: 318
{"user":{"email":"pruebakarate@test.com","username":"Alvariytomyg","bio":null,"image":"https://conduit-api.bondaracademy.com/images/smiley-cyrus.jpeg","token":"eyJhbGciOiJIUzI1NiIsInR5cCI6IkpXVCJ9.eyJ1c2VyIjp7ImlkIjoxMzE4Nn0sImlhdCI6MTc1NTA2ODgxNCwiZXhwIjoxNzYwMjUyODE0fQ.XtwpRJI9t2wtTd_MrCkYB_GgwWSuTQR-kRlifBLBPxA"}}

02:06:55.044 [main] INFO  com.intuit.karate - << lock released, cached callSingle: classpath:helpers/CreateToken.feature
02:06:55.048 [main] DEBUG com.intuit.karate - request:
1 > GET https://conduit-api.bondaracademy.com/api/tags
1 > Authorization: Token eyJhbGciOiJIUzI1NiIsInR5cCI6IkpXVCJ9.eyJ1c2VyIjp7ImlkIjoxMzE4Nn0sImlhdCI6MTc1NTA2ODgxNCwiZXhwIjoxNzYwMjUyODE0fQ.XtwpRJI9t2wtTd_MrCkYB_GgwWSuTQR-kRlifBLBPxA
1 > Host: conduit-api.bondaracademy.com
1 > Connection: Keep-Alive
1 > User-Agent: Apache-HttpClient/4.5.14 (Java/17.0.12)
1 > Accept-Encoding: gzip,deflate


02:06:55.811 [main] DEBUG com.intuit.karate - response time in milliseconds: 763
1 < 200
1 < x-powered-by: Express
1 < vary: Origin
1 < content-type: application/json; charset=utf-8
1 < etag: W/"65-XAqp9RO5/GurIdusYmbGg8NPW48"
1 < x-cloud-trace-context: ab163e800608251a6e9bd6925634082f
1 < date: Wed, 13 Aug 2025 07:06:55 GMT
1 < server: Google Frontend
1 < Content-Length: 101
{"tags":["Test","Git","YouTube","Zoom","Blog","Bondar Academy","Enroll","Exam","Community","GitHub"]}

02:06:55.832 [main] INFO  com.intuit.karate - karate.env system property was: null 
02:06:55.835 [main] DEBUG com.intuit.karate - request:
1 > GET https://conduit-api.bondaracademy.com/api/articles?limt=10&offset=0
1 > Authorization: Token eyJhbGciOiJIUzI1NiIsInR5cCI6IkpXVCJ9.eyJ1c2VyIjp7ImlkIjoxMzE4Nn0sImlhdCI6MTc1NTA2ODgxNCwiZXhwIjoxNzYwMjUyODE0fQ.XtwpRJI9t2wtTd_MrCkYB_GgwWSuTQR-kRlifBLBPxA
1 > Host: conduit-api.bondaracademy.com
1 > Connection: Keep-Alive
1 > User-Agent: Apache-HttpClient/4.5.14 (Java/17.0.12)
1 > Accept-Encoding: gzip,deflate


02:06:56.659 [main] DEBUG com.intuit.karate - response time in milliseconds: 822
1 < 200
1 < x-powered-by: Express
1 < vary: Origin
1 < content-type: application/json; charset=utf-8
1 < etag: W/"28e1-8lgXoYOslxN9R6eEWs0gkt9L6LQ"
1 < x-cloud-trace-context: 10ab043eccc30e1bf94352fd66b600a0
1 < date: Wed, 13 Aug 2025 07:06:56 GMT
1 < server: Google Frontend
1 < Content-Length: 10465
{"articles":[{"slug":"Creando-Articulo13-13186","title":"Creando Articulo13","description":"es una prueba11","body":"practicando Karate11","tagList":[],"createdAt":"2025-08-13T02:43:35.040Z","updatedAt":"2025-08-13T02:43:35.040Z","favorited":false,"favoritesCount":0,"author":{"username":"Alvariytomyg","bio":null,"image":"https://conduit-api.bondaracademy.com/images/smiley-cyrus.jpeg","following":false}},{"slug":"Creando-Articulo12-13186","title":"Creando Articulo12","description":"es una prueba12","body":"practicando Karate12","tagList":[],"createdAt":"2025-08-13T02:02:35.692Z","updatedAt":"2025-08-13T02:02:35.692Z","favorited":false,"favoritesCount":0,"author":{"username":"Alvariytomyg","bio":null,"image":"https://conduit-api.bondaracademy.com/images/smiley-cyrus.jpeg","following":false}},{"slug":"Probando-Articulo9-13186","title":"Probando Articulo9","description":"es una prueba9","body":"practicando Karate9","tagList":[],"createdAt":"2025-06-25T21:57:45.735Z","updatedAt":"2025-06-25T21:57:45.735Z","favorited":false,"favoritesCount":0,"author":{"username":"Alvariytomyg","bio":null,"image":"https://conduit-api.bondaracademy.com/images/smiley-cyrus.jpeg","following":false}},{"slug":"Probando-Articulo8-13186","title":"Probando Articulo8","description":"es una prueba8","body":"practicando Karate8","tagList":[],"createdAt":"2025-05-26T01:08:04.570Z","updatedAt":"2025-05-26T01:08:04.570Z","favorited":false,"favoritesCount":0,"author":{"username":"Alvariytomyg","bio":null,"image":"https://conduit-api.bondaracademy.com/images/smiley-cyrus.jpeg","following":false}},{"slug":"Probando-Articulo7-13186","title":"Probando Articulo7","description":"es una prueba7","body":"practicando Karate6","tagList":[],"createdAt":"2025-05-26T00:30:47.752Z","updatedAt":"2025-05-26T00:30:47.752Z","favorited":false,"favoritesCount":0,"author":{"username":"Alvariytomyg","bio":null,"image":"https://conduit-api.bondaracademy.com/images/smiley-cyrus.jpeg","following":false}},{"slug":"Probando-Articulo6-13186","title":"Probando Articulo6","description":"es una prueba6","body":"practicando Karate6","tagList":[],"createdAt":"2025-05-26T00:27:03.581Z","updatedAt":"2025-05-26T00:27:03.581Z","favorited":false,"favoritesCount":0,"author":{"username":"Alvariytomyg","bio":null,"image":"https://conduit-api.bondaracademy.com/images/smiley-cyrus.jpeg","following":false}},{"slug":"Discover-Bondar-Academy:-Your-Gateway-to-Efficient-Learning-1","title":"Discover Bondar Academy: Your Gateway to Efficient Learning","description":"Discover Bondar Academy's unique place in the educational landscape, where value-focused and efficient learning approaches converge. Our goal is to rapidly enhance your professional technical skills, boosting your market competitiveness and paving the way for higher-paying job opportunities. The speed of your progress is in your hands – you set the pace, and we provide the solutions and support to help you achieve your desired outcomes.","body":"Bondar Academy is a leading platform for efficient education, designed to boost your technical skills and advance your career in Quality Assurance (QA). Our program features a balanced mix of pre-recorded lectures and live sessions, allowing each student to study at their own pace and at a time that suits them. \n\nOur instructors are readily available on our Slack Workspace for support. Whether it's a quick question or a more complex issue requiring a Zoom call or Slack Huddle for screen sharing and live discussion, we're here to assist. Additionally, each class comes with a comprehensive question bank for self-assessment. Following each lecture, you have the opportunity to validate your understanding and readiness to progress to the next topic. You set the pace, and we provide the solutions to ensure you achieve your desired outcomes.\n\nSignUp today: https://www.bondaracademy.com","tagList":["qa career","Bondar Academy","QA Skills","Value-Focused"],"createdAt":"2024-01-27T21:52:32.682Z","updatedAt":"2024-01-27T21:52:32.682Z","favorited":false,"favoritesCount":732,"author":{"username":"Artem Bondar","bio":null,"image":"https://storage.googleapis.com/bondar-academy-visuals/Android.png","following":false}},{"slug":"The-value-of-pre-recorded-video-classes.-The-most-efficient-approach-to-tranfer-the-knowledge-1","title":"The value of pre-recorded video classes. The most efficient approach to tranfer the knowledge","description":"As educational practices evolve, video tutorials have emerged as the most efficient method for imparting theoretical knowledge. At Bondar Academy, we prioritize expertly structured and crafted video tutorials, ensuring you learn quickly and effectively and advance your skills.","body":"At Bondar Academy, we prioritize the value of your time and the efficiency of your education, distinguishing our approach from traditional colleges and live boot camps. Forget long, tedious live lectures on a fixed schedule. With us, you learn at your convenience and pace through optimized, structured video lectures. \n\nWe understand your goal is rapid knowledge acquisition. Our pre-recorded and well-organized lectures are designed precisely for this, ensuring no slowdowns from group dynamics or unrelated instructor anecdotes. \n\nDive straight into the subject matter, learn efficiently, and if questions arise, our immediate support on the Slack Workspace is there to streamline your learning process and swiftly remove any roadblocks.","tagList":["Bondar Academy","Video Lectures","Tutorials"],"createdAt":"2024-01-27T21:50:38.825Z","updatedAt":"2024-01-27T21:50:38.825Z","favorited":false,"favoritesCount":258,"author":{"username":"Artem Bondar","bio":null,"image":"https://storage.googleapis.com/bondar-academy-visuals/Android.png","following":false}},{"slug":"Mastering-Knowledge-with-Self-Assessments:-Identifying-and-Bridging-Learning-Gaps-in-Education-1","title":"Mastering Knowledge with Self-Assessments: Identifying and Bridging Learning Gaps in Education","description":"Self-assessment is an essential tool for gauging your understanding of lecture material. It answers critical questions: Have you grasped everything correctly? Is there anything you've missed? Are you prepared for the next lesson? These assessments ensure that you build a solid foundation of knowledge, confidently and efficiently paving the way for swift progress and effective learning outcomes.","body":"Traditional educational institutions, such as colleges and universities, commonly use tests and assessments to measure knowledge. This approach is effective for gauging student performance, but it's not without drawbacks. In these settings, assessments after every lecture aren't feasible due to the time required for teachers to evaluate them. This often leads to students having a false sense of understanding, believing they've comprehended all aspects of a lecture when, in reality, small but crucial details might be missed. These 'knowledge gaps' can accumulate, making more complex topics difficult to grasp later on.\n\nAt Bondar Academy, we address this challenge by implementing self-assessments after every lecture. These are designed to cover key questions that ensure a thorough understanding of the material, essential for comfort and success in future lectures. The number of questions varies, ranging from 3-4 to 15-20, depending on the lecture's significance and the volume of critical information. With these self-assessments, students receive immediate feedback, helping them determine if they've fully understood the lecture or if they need to revisit certain parts or seek assistance from our instructors in the Slack Workspace.","tagList":["Self-Assessment","Test","Exam"],"createdAt":"2024-01-27T21:48:36.340Z","updatedAt":"2024-01-27T21:48:36.340Z","favorited":false,"favoritesCount":67,"author":{"username":"Artem Bondar","bio":null,"image":"https://storage.googleapis.com/bondar-academy-visuals/Android.png","following":false}},{"slug":"Practical-Implementation-of-Skills:-Homework-Assignments-with-Instructor-Supervision-1","title":"Practical Implementation of Skills: Homework Assignments with Instructor Supervision","description":"Knowledge or skills not reinforced through practical exercises can quickly fade, often faster than anticipated. Homework, particularly in tasks like writing your own code, is crucial for honing these skills and cementing your understanding. At Bondar Academy, we ensure this vital step by assigning homework, rigorously evaluating the outcomes, and providing valuable feedback to guide your learning journey.","body":"Homework assignments are a fundamental component of the educational methodology at Bondar Academy, especially in technical education where learning a new programming language or framework is involved. The key to mastering these skills lies in writing code; the more you write, the better you become. However, merely replicating code seen in lectures leads to minimal learning. Often, this approach leaves students unclear about why their code works the way it does, as they focus on copying rather than understanding.\n\nA homework assignment at Bondar Academy starts with a blank page, challenging students to apply all their knowledge to write the first line of code. This process is more demanding than it appears. As you write each line, understanding and reasoning grow, making your code meaningful and comprehensible. You learn to write code that makes sense to you, enhancing your understanding.\n\nIn completing these assignments, you engage the 'thinking' part of your brain, transforming theoretical knowledge into practical skills. Recognizing the crucial role of homework in learning, our instructors at Bondar Academy are always available to assist with any challenges. Just reach out on Slack, and you'll receive the guidance and support needed for successful completion. At Bondar Academy, we fully understand the importance of homework assignments for the best outcome, so our instructors are always here to assist if you have any difficulties with completing them. Just ask in Slack and you'll be guided and assisted.","tagList":["Homework","Assignments","Practice","Coding"],"createdAt":"2024-01-27T21:46:09.512Z","updatedAt":"2024-01-27T21:46:09.512Z","favorited":false,"favoritesCount":37,"author":{"username":"Artem Bondar","bio":null,"image":"https://storage.googleapis.com/bondar-academy-visuals/Android.png","following":false}}],"articlesCount":16}

02:06:56.685 [main] ERROR com.intuit.karate - classpath:conduitApp/feature/HomePage.feature:38
And match each response.articles ==
"""
{
        "slug": "#string",
        "title": "#string",
        "description": "#string",
        "body": "#string",
        "tagList": "#array",
        "createdAt": "#? timeValidator(_)",
        "updatedAt": "#? timeValidator(_)",
        "favorited": '#boolean',
        "favoritesCount": '#number',
        "author": {
            "username": "#string",
            "bio": "##string",
            "image": "#string",
            "following": '#boolean'
        }
"""
net.minidev.json.parser.ParseException: Unexpected End Of File position 467: null
classpath:conduitApp/feature/HomePage.feature:38
02:09:20.123 [main] INFO  com.intuit.karate.Runner - using system property 'karate.options': --tags @debug
02:09:20.331 [main] DEBUG com.intuit.karate.Suite - [config] classpath:karate-config.js
02:09:20.856 [main] INFO  com.intuit.karate - karate.env system property was: null 
02:09:20.859 [main] INFO  com.intuit.karate - >> lock acquired, begin callSingle: classpath:helpers/CreateToken.feature
02:09:21.050 [main] DEBUG com.intuit.karate - request:
1 > POST https://conduit-api.bondaracademy.com/api/users/login
1 > Content-Type: application/json; charset=UTF-8
1 > Content-Length: 65
1 > Host: conduit-api.bondaracademy.com
1 > Connection: Keep-Alive
1 > User-Agent: Apache-HttpClient/4.5.14 (Java/17.0.12)
1 > Accept-Encoding: gzip,deflate
{"user":{"email":"pruebakarate@test.com","password":"karate123"}}

02:09:21.913 [main] DEBUG com.intuit.karate - response time in milliseconds: 862
1 < 200
1 < x-powered-by: Express
1 < vary: Origin
1 < content-type: application/json; charset=utf-8
1 < etag: W/"13e-6HmvCA94GNFDt/dy8tXlP5cZsuA"
1 < x-cloud-trace-context: 2e56af76329f70fb83ecfa21987b276b;o=1
1 < date: Wed, 13 Aug 2025 07:09:21 GMT
1 < server: Google Frontend
1 < Content-Length: 318
{"user":{"email":"pruebakarate@test.com","username":"Alvariytomyg","bio":null,"image":"https://conduit-api.bondaracademy.com/images/smiley-cyrus.jpeg","token":"eyJhbGciOiJIUzI1NiIsInR5cCI6IkpXVCJ9.eyJ1c2VyIjp7ImlkIjoxMzE4Nn0sImlhdCI6MTc1NTA2ODk2MSwiZXhwIjoxNzYwMjUyOTYxfQ.X8N1vGoU4gXv1uPfT3z21PE-temx-Zp8xhfDUalzRm8"}}

02:09:21.919 [main] INFO  com.intuit.karate - << lock released, cached callSingle: classpath:helpers/CreateToken.feature
02:09:21.923 [main] DEBUG com.intuit.karate - request:
1 > GET https://conduit-api.bondaracademy.com/api/tags
1 > Authorization: Token eyJhbGciOiJIUzI1NiIsInR5cCI6IkpXVCJ9.eyJ1c2VyIjp7ImlkIjoxMzE4Nn0sImlhdCI6MTc1NTA2ODk2MSwiZXhwIjoxNzYwMjUyOTYxfQ.X8N1vGoU4gXv1uPfT3z21PE-temx-Zp8xhfDUalzRm8
1 > Host: conduit-api.bondaracademy.com
1 > Connection: Keep-Alive
1 > User-Agent: Apache-HttpClient/4.5.14 (Java/17.0.12)
1 > Accept-Encoding: gzip,deflate


02:09:22.657 [main] DEBUG com.intuit.karate - response time in milliseconds: 733
1 < 200
1 < x-powered-by: Express
1 < vary: Origin
1 < content-type: application/json; charset=utf-8
1 < etag: W/"65-XAqp9RO5/GurIdusYmbGg8NPW48"
1 < x-cloud-trace-context: 6d6b6758d4b01d07e1d6c461bc311bfd
1 < date: Wed, 13 Aug 2025 07:09:22 GMT
1 < server: Google Frontend
1 < Content-Length: 101
{"tags":["Test","Git","YouTube","Zoom","Blog","Bondar Academy","Enroll","Exam","Community","GitHub"]}

02:09:22.680 [main] INFO  com.intuit.karate - karate.env system property was: null 
02:09:22.691 [main] ERROR com.intuit.karate - classpath:conduitApp/feature/HomePage.feature:21
* def timeValidator = read(classpath:helpers/timeValidator.js)
js failed:
>>>>
01: read(classpath:helpers/timeValidator.js)
<<<<
org.graalvm.polyglot.PolyglotException: SyntaxError: Unnamed:1:14 Expected , but found :
read(classpath:helpers/timeValidator.js)
              ^

- org.graalvm.polyglot.Context.eval(Context.java:428)
- com.intuit.karate.graal.JsEngine.evalForValue(JsEngine.java:169)
- com.intuit.karate.graal.JsEngine.eval(JsEngine.java:165)
- com.intuit.karate.core.ScenarioEngine.evalJs(ScenarioEngine.java:1252)
- com.intuit.karate.core.ScenarioEngine.evalKarateExpression(ScenarioEngine.java:2204)
- com.intuit.karate.core.ScenarioEngine.evalKarateExpression(ScenarioEngine.java:2123)
- com.intuit.karate.core.ScenarioEngine.evalAndCastTo(ScenarioEngine.java:1317)

classpath:conduitApp/feature/HomePage.feature:21
02:10:16.656 [main] INFO  com.intuit.karate.Runner - using system property 'karate.options': --tags @debug
02:10:16.860 [main] DEBUG com.intuit.karate.Suite - [config] classpath:karate-config.js
02:10:17.392 [main] INFO  com.intuit.karate - karate.env system property was: null 
02:10:17.395 [main] INFO  com.intuit.karate - >> lock acquired, begin callSingle: classpath:helpers/CreateToken.feature
02:10:17.581 [main] DEBUG com.intuit.karate - request:
1 > POST https://conduit-api.bondaracademy.com/api/users/login
1 > Content-Type: application/json; charset=UTF-8
1 > Content-Length: 65
1 > Host: conduit-api.bondaracademy.com
1 > Connection: Keep-Alive
1 > User-Agent: Apache-HttpClient/4.5.14 (Java/17.0.12)
1 > Accept-Encoding: gzip,deflate
{"user":{"email":"pruebakarate@test.com","password":"karate123"}}

02:10:18.447 [main] DEBUG com.intuit.karate - response time in milliseconds: 864
1 < 200
1 < x-powered-by: Express
1 < vary: Origin
1 < content-type: application/json; charset=utf-8
1 < etag: W/"13e-RGedkCLhTj1iPur3axpUWx7LDWk"
1 < x-cloud-trace-context: 7a52388ea64b10bfb66bf37f95d3923f;o=1
1 < date: Wed, 13 Aug 2025 07:10:18 GMT
1 < server: Google Frontend
1 < Content-Length: 318
{"user":{"email":"pruebakarate@test.com","username":"Alvariytomyg","bio":null,"image":"https://conduit-api.bondaracademy.com/images/smiley-cyrus.jpeg","token":"eyJhbGciOiJIUzI1NiIsInR5cCI6IkpXVCJ9.eyJ1c2VyIjp7ImlkIjoxMzE4Nn0sImlhdCI6MTc1NTA2OTAxOCwiZXhwIjoxNzYwMjUzMDE4fQ.jwz3-igQXaz9NM9qtx3dwNtLmIwD-OPx633LNogHj2w"}}

02:10:18.452 [main] INFO  com.intuit.karate - << lock released, cached callSingle: classpath:helpers/CreateToken.feature
02:10:18.457 [main] DEBUG com.intuit.karate - request:
1 > GET https://conduit-api.bondaracademy.com/api/tags
1 > Authorization: Token eyJhbGciOiJIUzI1NiIsInR5cCI6IkpXVCJ9.eyJ1c2VyIjp7ImlkIjoxMzE4Nn0sImlhdCI6MTc1NTA2OTAxOCwiZXhwIjoxNzYwMjUzMDE4fQ.jwz3-igQXaz9NM9qtx3dwNtLmIwD-OPx633LNogHj2w
1 > Host: conduit-api.bondaracademy.com
1 > Connection: Keep-Alive
1 > User-Agent: Apache-HttpClient/4.5.14 (Java/17.0.12)
1 > Accept-Encoding: gzip,deflate


02:10:19.221 [main] DEBUG com.intuit.karate - response time in milliseconds: 764
1 < 200
1 < x-powered-by: Express
1 < vary: Origin
1 < content-type: application/json; charset=utf-8
1 < etag: W/"65-XAqp9RO5/GurIdusYmbGg8NPW48"
1 < x-cloud-trace-context: a4f59a6461850963b907d176350ced33
1 < date: Wed, 13 Aug 2025 07:10:19 GMT
1 < server: Google Frontend
1 < Content-Length: 101
{"tags":["Test","Git","YouTube","Zoom","Blog","Bondar Academy","Enroll","Exam","Community","GitHub"]}

02:10:19.239 [main] INFO  com.intuit.karate - karate.env system property was: null 
02:10:19.250 [main] DEBUG com.intuit.karate - request:
1 > GET https://conduit-api.bondaracademy.com/api/articles?limt=10&offset=0
1 > Authorization: Token eyJhbGciOiJIUzI1NiIsInR5cCI6IkpXVCJ9.eyJ1c2VyIjp7ImlkIjoxMzE4Nn0sImlhdCI6MTc1NTA2OTAxOCwiZXhwIjoxNzYwMjUzMDE4fQ.jwz3-igQXaz9NM9qtx3dwNtLmIwD-OPx633LNogHj2w
1 > Host: conduit-api.bondaracademy.com
1 > Connection: Keep-Alive
1 > User-Agent: Apache-HttpClient/4.5.14 (Java/17.0.12)
1 > Accept-Encoding: gzip,deflate


02:10:20.221 [main] DEBUG com.intuit.karate - response time in milliseconds: 970
1 < 200
1 < x-powered-by: Express
1 < vary: Origin
1 < content-type: application/json; charset=utf-8
1 < etag: W/"28e1-8lgXoYOslxN9R6eEWs0gkt9L6LQ"
1 < x-cloud-trace-context: f9cfd891375945d9a992674e38abeb6e
1 < date: Wed, 13 Aug 2025 07:10:20 GMT
1 < server: Google Frontend
1 < Content-Length: 10465
{"articles":[{"slug":"Creando-Articulo13-13186","title":"Creando Articulo13","description":"es una prueba11","body":"practicando Karate11","tagList":[],"createdAt":"2025-08-13T02:43:35.040Z","updatedAt":"2025-08-13T02:43:35.040Z","favorited":false,"favoritesCount":0,"author":{"username":"Alvariytomyg","bio":null,"image":"https://conduit-api.bondaracademy.com/images/smiley-cyrus.jpeg","following":false}},{"slug":"Creando-Articulo12-13186","title":"Creando Articulo12","description":"es una prueba12","body":"practicando Karate12","tagList":[],"createdAt":"2025-08-13T02:02:35.692Z","updatedAt":"2025-08-13T02:02:35.692Z","favorited":false,"favoritesCount":0,"author":{"username":"Alvariytomyg","bio":null,"image":"https://conduit-api.bondaracademy.com/images/smiley-cyrus.jpeg","following":false}},{"slug":"Probando-Articulo9-13186","title":"Probando Articulo9","description":"es una prueba9","body":"practicando Karate9","tagList":[],"createdAt":"2025-06-25T21:57:45.735Z","updatedAt":"2025-06-25T21:57:45.735Z","favorited":false,"favoritesCount":0,"author":{"username":"Alvariytomyg","bio":null,"image":"https://conduit-api.bondaracademy.com/images/smiley-cyrus.jpeg","following":false}},{"slug":"Probando-Articulo8-13186","title":"Probando Articulo8","description":"es una prueba8","body":"practicando Karate8","tagList":[],"createdAt":"2025-05-26T01:08:04.570Z","updatedAt":"2025-05-26T01:08:04.570Z","favorited":false,"favoritesCount":0,"author":{"username":"Alvariytomyg","bio":null,"image":"https://conduit-api.bondaracademy.com/images/smiley-cyrus.jpeg","following":false}},{"slug":"Probando-Articulo7-13186","title":"Probando Articulo7","description":"es una prueba7","body":"practicando Karate6","tagList":[],"createdAt":"2025-05-26T00:30:47.752Z","updatedAt":"2025-05-26T00:30:47.752Z","favorited":false,"favoritesCount":0,"author":{"username":"Alvariytomyg","bio":null,"image":"https://conduit-api.bondaracademy.com/images/smiley-cyrus.jpeg","following":false}},{"slug":"Probando-Articulo6-13186","title":"Probando Articulo6","description":"es una prueba6","body":"practicando Karate6","tagList":[],"createdAt":"2025-05-26T00:27:03.581Z","updatedAt":"2025-05-26T00:27:03.581Z","favorited":false,"favoritesCount":0,"author":{"username":"Alvariytomyg","bio":null,"image":"https://conduit-api.bondaracademy.com/images/smiley-cyrus.jpeg","following":false}},{"slug":"Discover-Bondar-Academy:-Your-Gateway-to-Efficient-Learning-1","title":"Discover Bondar Academy: Your Gateway to Efficient Learning","description":"Discover Bondar Academy's unique place in the educational landscape, where value-focused and efficient learning approaches converge. Our goal is to rapidly enhance your professional technical skills, boosting your market competitiveness and paving the way for higher-paying job opportunities. The speed of your progress is in your hands – you set the pace, and we provide the solutions and support to help you achieve your desired outcomes.","body":"Bondar Academy is a leading platform for efficient education, designed to boost your technical skills and advance your career in Quality Assurance (QA). Our program features a balanced mix of pre-recorded lectures and live sessions, allowing each student to study at their own pace and at a time that suits them. \n\nOur instructors are readily available on our Slack Workspace for support. Whether it's a quick question or a more complex issue requiring a Zoom call or Slack Huddle for screen sharing and live discussion, we're here to assist. Additionally, each class comes with a comprehensive question bank for self-assessment. Following each lecture, you have the opportunity to validate your understanding and readiness to progress to the next topic. You set the pace, and we provide the solutions to ensure you achieve your desired outcomes.\n\nSignUp today: https://www.bondaracademy.com","tagList":["qa career","Bondar Academy","QA Skills","Value-Focused"],"createdAt":"2024-01-27T21:52:32.682Z","updatedAt":"2024-01-27T21:52:32.682Z","favorited":false,"favoritesCount":732,"author":{"username":"Artem Bondar","bio":null,"image":"https://storage.googleapis.com/bondar-academy-visuals/Android.png","following":false}},{"slug":"The-value-of-pre-recorded-video-classes.-The-most-efficient-approach-to-tranfer-the-knowledge-1","title":"The value of pre-recorded video classes. The most efficient approach to tranfer the knowledge","description":"As educational practices evolve, video tutorials have emerged as the most efficient method for imparting theoretical knowledge. At Bondar Academy, we prioritize expertly structured and crafted video tutorials, ensuring you learn quickly and effectively and advance your skills.","body":"At Bondar Academy, we prioritize the value of your time and the efficiency of your education, distinguishing our approach from traditional colleges and live boot camps. Forget long, tedious live lectures on a fixed schedule. With us, you learn at your convenience and pace through optimized, structured video lectures. \n\nWe understand your goal is rapid knowledge acquisition. Our pre-recorded and well-organized lectures are designed precisely for this, ensuring no slowdowns from group dynamics or unrelated instructor anecdotes. \n\nDive straight into the subject matter, learn efficiently, and if questions arise, our immediate support on the Slack Workspace is there to streamline your learning process and swiftly remove any roadblocks.","tagList":["Bondar Academy","Video Lectures","Tutorials"],"createdAt":"2024-01-27T21:50:38.825Z","updatedAt":"2024-01-27T21:50:38.825Z","favorited":false,"favoritesCount":258,"author":{"username":"Artem Bondar","bio":null,"image":"https://storage.googleapis.com/bondar-academy-visuals/Android.png","following":false}},{"slug":"Mastering-Knowledge-with-Self-Assessments:-Identifying-and-Bridging-Learning-Gaps-in-Education-1","title":"Mastering Knowledge with Self-Assessments: Identifying and Bridging Learning Gaps in Education","description":"Self-assessment is an essential tool for gauging your understanding of lecture material. It answers critical questions: Have you grasped everything correctly? Is there anything you've missed? Are you prepared for the next lesson? These assessments ensure that you build a solid foundation of knowledge, confidently and efficiently paving the way for swift progress and effective learning outcomes.","body":"Traditional educational institutions, such as colleges and universities, commonly use tests and assessments to measure knowledge. This approach is effective for gauging student performance, but it's not without drawbacks. In these settings, assessments after every lecture aren't feasible due to the time required for teachers to evaluate them. This often leads to students having a false sense of understanding, believing they've comprehended all aspects of a lecture when, in reality, small but crucial details might be missed. These 'knowledge gaps' can accumulate, making more complex topics difficult to grasp later on.\n\nAt Bondar Academy, we address this challenge by implementing self-assessments after every lecture. These are designed to cover key questions that ensure a thorough understanding of the material, essential for comfort and success in future lectures. The number of questions varies, ranging from 3-4 to 15-20, depending on the lecture's significance and the volume of critical information. With these self-assessments, students receive immediate feedback, helping them determine if they've fully understood the lecture or if they need to revisit certain parts or seek assistance from our instructors in the Slack Workspace.","tagList":["Self-Assessment","Test","Exam"],"createdAt":"2024-01-27T21:48:36.340Z","updatedAt":"2024-01-27T21:48:36.340Z","favorited":false,"favoritesCount":67,"author":{"username":"Artem Bondar","bio":null,"image":"https://storage.googleapis.com/bondar-academy-visuals/Android.png","following":false}},{"slug":"Practical-Implementation-of-Skills:-Homework-Assignments-with-Instructor-Supervision-1","title":"Practical Implementation of Skills: Homework Assignments with Instructor Supervision","description":"Knowledge or skills not reinforced through practical exercises can quickly fade, often faster than anticipated. Homework, particularly in tasks like writing your own code, is crucial for honing these skills and cementing your understanding. At Bondar Academy, we ensure this vital step by assigning homework, rigorously evaluating the outcomes, and providing valuable feedback to guide your learning journey.","body":"Homework assignments are a fundamental component of the educational methodology at Bondar Academy, especially in technical education where learning a new programming language or framework is involved. The key to mastering these skills lies in writing code; the more you write, the better you become. However, merely replicating code seen in lectures leads to minimal learning. Often, this approach leaves students unclear about why their code works the way it does, as they focus on copying rather than understanding.\n\nA homework assignment at Bondar Academy starts with a blank page, challenging students to apply all their knowledge to write the first line of code. This process is more demanding than it appears. As you write each line, understanding and reasoning grow, making your code meaningful and comprehensible. You learn to write code that makes sense to you, enhancing your understanding.\n\nIn completing these assignments, you engage the 'thinking' part of your brain, transforming theoretical knowledge into practical skills. Recognizing the crucial role of homework in learning, our instructors at Bondar Academy are always available to assist with any challenges. Just reach out on Slack, and you'll receive the guidance and support needed for successful completion. At Bondar Academy, we fully understand the importance of homework assignments for the best outcome, so our instructors are always here to assist if you have any difficulties with completing them. Just ask in Slack and you'll be guided and assisted.","tagList":["Homework","Assignments","Practice","Coding"],"createdAt":"2024-01-27T21:46:09.512Z","updatedAt":"2024-01-27T21:46:09.512Z","favorited":false,"favoritesCount":37,"author":{"username":"Artem Bondar","bio":null,"image":"https://storage.googleapis.com/bondar-academy-visuals/Android.png","following":false}}],"articlesCount":16}

02:10:20.241 [main] ERROR com.intuit.karate - classpath:conduitApp/feature/HomePage.feature:38
And match each response.articles ==
"""
{
        "slug": "#string",
        "title": "#string",
        "description": "#string",
        "body": "#string",
        "tagList": "#array",
        "createdAt": "#? timeValidator(_)",
        "updatedAt": "#? timeValidator(_)",
        "favorited": '#boolean',
        "favoritesCount": '#number',
        "author": {
            "username": "#string",
            "bio": "##string",
            "image": "#string",
            "following": '#boolean'
        }
"""
net.minidev.json.parser.ParseException: Unexpected End Of File position 467: null
classpath:conduitApp/feature/HomePage.feature:38
02:13:00.895 [main] INFO  com.intuit.karate.Runner - using system property 'karate.options': --tags @debug
02:13:01.110 [main] DEBUG com.intuit.karate.Suite - [config] classpath:karate-config.js
02:13:01.643 [main] INFO  com.intuit.karate - karate.env system property was: null 
02:13:01.646 [main] INFO  com.intuit.karate - >> lock acquired, begin callSingle: classpath:helpers/CreateToken.feature
02:13:01.843 [main] DEBUG com.intuit.karate - request:
1 > POST https://conduit-api.bondaracademy.com/api/users/login
1 > Content-Type: application/json; charset=UTF-8
1 > Content-Length: 65
1 > Host: conduit-api.bondaracademy.com
1 > Connection: Keep-Alive
1 > User-Agent: Apache-HttpClient/4.5.14 (Java/17.0.12)
1 > Accept-Encoding: gzip,deflate
{"user":{"email":"pruebakarate@test.com","password":"karate123"}}

02:13:02.750 [main] DEBUG com.intuit.karate - response time in milliseconds: 904
1 < 200
1 < x-powered-by: Express
1 < vary: Origin
1 < content-type: application/json; charset=utf-8
1 < etag: W/"13e-eVg/v2yiZDIZDLghCkGd7LSzDk4"
1 < x-cloud-trace-context: 5e9b0af9170edc5a08ca678d866816a4;o=1
1 < date: Wed, 13 Aug 2025 07:13:02 GMT
1 < server: Google Frontend
1 < Content-Length: 318
{"user":{"email":"pruebakarate@test.com","username":"Alvariytomyg","bio":null,"image":"https://conduit-api.bondaracademy.com/images/smiley-cyrus.jpeg","token":"eyJhbGciOiJIUzI1NiIsInR5cCI6IkpXVCJ9.eyJ1c2VyIjp7ImlkIjoxMzE4Nn0sImlhdCI6MTc1NTA2OTE4MiwiZXhwIjoxNzYwMjUzMTgyfQ.9NVWo4xG5hGmP5yV-W6G_F9i35tL4gwTBI_aJmAEEaM"}}

02:13:02.754 [main] INFO  com.intuit.karate - << lock released, cached callSingle: classpath:helpers/CreateToken.feature
02:13:02.757 [main] DEBUG com.intuit.karate - request:
1 > GET https://conduit-api.bondaracademy.com/api/tags
1 > Authorization: Token eyJhbGciOiJIUzI1NiIsInR5cCI6IkpXVCJ9.eyJ1c2VyIjp7ImlkIjoxMzE4Nn0sImlhdCI6MTc1NTA2OTE4MiwiZXhwIjoxNzYwMjUzMTgyfQ.9NVWo4xG5hGmP5yV-W6G_F9i35tL4gwTBI_aJmAEEaM
1 > Host: conduit-api.bondaracademy.com
1 > Connection: Keep-Alive
1 > User-Agent: Apache-HttpClient/4.5.14 (Java/17.0.12)
1 > Accept-Encoding: gzip,deflate


02:13:03.539 [main] DEBUG com.intuit.karate - response time in milliseconds: 780
1 < 200
1 < x-powered-by: Express
1 < vary: Origin
1 < content-type: application/json; charset=utf-8
1 < etag: W/"65-XAqp9RO5/GurIdusYmbGg8NPW48"
1 < x-cloud-trace-context: 394207c8c3a7dd7b8679c435b2c561da
1 < date: Wed, 13 Aug 2025 07:13:03 GMT
1 < server: Google Frontend
1 < Content-Length: 101
{"tags":["Test","Git","YouTube","Zoom","Blog","Bondar Academy","Enroll","Exam","Community","GitHub"]}

02:13:03.559 [main] INFO  com.intuit.karate - karate.env system property was: null 
02:13:03.569 [main] DEBUG com.intuit.karate - request:
1 > GET https://conduit-api.bondaracademy.com/api/articles?limt=10&offset=0
1 > Authorization: Token eyJhbGciOiJIUzI1NiIsInR5cCI6IkpXVCJ9.eyJ1c2VyIjp7ImlkIjoxMzE4Nn0sImlhdCI6MTc1NTA2OTE4MiwiZXhwIjoxNzYwMjUzMTgyfQ.9NVWo4xG5hGmP5yV-W6G_F9i35tL4gwTBI_aJmAEEaM
1 > Host: conduit-api.bondaracademy.com
1 > Connection: Keep-Alive
1 > User-Agent: Apache-HttpClient/4.5.14 (Java/17.0.12)
1 > Accept-Encoding: gzip,deflate


02:13:04.648 [main] DEBUG com.intuit.karate - response time in milliseconds: 1078
1 < 200
1 < x-powered-by: Express
1 < vary: Origin
1 < content-type: application/json; charset=utf-8
1 < etag: W/"28e1-8lgXoYOslxN9R6eEWs0gkt9L6LQ"
1 < x-cloud-trace-context: 4ad615f9b394c0bb148172d1913a7a75
1 < date: Wed, 13 Aug 2025 07:13:04 GMT
1 < server: Google Frontend
1 < Content-Length: 10465
{"articles":[{"slug":"Creando-Articulo13-13186","title":"Creando Articulo13","description":"es una prueba11","body":"practicando Karate11","tagList":[],"createdAt":"2025-08-13T02:43:35.040Z","updatedAt":"2025-08-13T02:43:35.040Z","favorited":false,"favoritesCount":0,"author":{"username":"Alvariytomyg","bio":null,"image":"https://conduit-api.bondaracademy.com/images/smiley-cyrus.jpeg","following":false}},{"slug":"Creando-Articulo12-13186","title":"Creando Articulo12","description":"es una prueba12","body":"practicando Karate12","tagList":[],"createdAt":"2025-08-13T02:02:35.692Z","updatedAt":"2025-08-13T02:02:35.692Z","favorited":false,"favoritesCount":0,"author":{"username":"Alvariytomyg","bio":null,"image":"https://conduit-api.bondaracademy.com/images/smiley-cyrus.jpeg","following":false}},{"slug":"Probando-Articulo9-13186","title":"Probando Articulo9","description":"es una prueba9","body":"practicando Karate9","tagList":[],"createdAt":"2025-06-25T21:57:45.735Z","updatedAt":"2025-06-25T21:57:45.735Z","favorited":false,"favoritesCount":0,"author":{"username":"Alvariytomyg","bio":null,"image":"https://conduit-api.bondaracademy.com/images/smiley-cyrus.jpeg","following":false}},{"slug":"Probando-Articulo8-13186","title":"Probando Articulo8","description":"es una prueba8","body":"practicando Karate8","tagList":[],"createdAt":"2025-05-26T01:08:04.570Z","updatedAt":"2025-05-26T01:08:04.570Z","favorited":false,"favoritesCount":0,"author":{"username":"Alvariytomyg","bio":null,"image":"https://conduit-api.bondaracademy.com/images/smiley-cyrus.jpeg","following":false}},{"slug":"Probando-Articulo7-13186","title":"Probando Articulo7","description":"es una prueba7","body":"practicando Karate6","tagList":[],"createdAt":"2025-05-26T00:30:47.752Z","updatedAt":"2025-05-26T00:30:47.752Z","favorited":false,"favoritesCount":0,"author":{"username":"Alvariytomyg","bio":null,"image":"https://conduit-api.bondaracademy.com/images/smiley-cyrus.jpeg","following":false}},{"slug":"Probando-Articulo6-13186","title":"Probando Articulo6","description":"es una prueba6","body":"practicando Karate6","tagList":[],"createdAt":"2025-05-26T00:27:03.581Z","updatedAt":"2025-05-26T00:27:03.581Z","favorited":false,"favoritesCount":0,"author":{"username":"Alvariytomyg","bio":null,"image":"https://conduit-api.bondaracademy.com/images/smiley-cyrus.jpeg","following":false}},{"slug":"Discover-Bondar-Academy:-Your-Gateway-to-Efficient-Learning-1","title":"Discover Bondar Academy: Your Gateway to Efficient Learning","description":"Discover Bondar Academy's unique place in the educational landscape, where value-focused and efficient learning approaches converge. Our goal is to rapidly enhance your professional technical skills, boosting your market competitiveness and paving the way for higher-paying job opportunities. The speed of your progress is in your hands – you set the pace, and we provide the solutions and support to help you achieve your desired outcomes.","body":"Bondar Academy is a leading platform for efficient education, designed to boost your technical skills and advance your career in Quality Assurance (QA). Our program features a balanced mix of pre-recorded lectures and live sessions, allowing each student to study at their own pace and at a time that suits them. \n\nOur instructors are readily available on our Slack Workspace for support. Whether it's a quick question or a more complex issue requiring a Zoom call or Slack Huddle for screen sharing and live discussion, we're here to assist. Additionally, each class comes with a comprehensive question bank for self-assessment. Following each lecture, you have the opportunity to validate your understanding and readiness to progress to the next topic. You set the pace, and we provide the solutions to ensure you achieve your desired outcomes.\n\nSignUp today: https://www.bondaracademy.com","tagList":["qa career","Bondar Academy","QA Skills","Value-Focused"],"createdAt":"2024-01-27T21:52:32.682Z","updatedAt":"2024-01-27T21:52:32.682Z","favorited":false,"favoritesCount":732,"author":{"username":"Artem Bondar","bio":null,"image":"https://storage.googleapis.com/bondar-academy-visuals/Android.png","following":false}},{"slug":"The-value-of-pre-recorded-video-classes.-The-most-efficient-approach-to-tranfer-the-knowledge-1","title":"The value of pre-recorded video classes. The most efficient approach to tranfer the knowledge","description":"As educational practices evolve, video tutorials have emerged as the most efficient method for imparting theoretical knowledge. At Bondar Academy, we prioritize expertly structured and crafted video tutorials, ensuring you learn quickly and effectively and advance your skills.","body":"At Bondar Academy, we prioritize the value of your time and the efficiency of your education, distinguishing our approach from traditional colleges and live boot camps. Forget long, tedious live lectures on a fixed schedule. With us, you learn at your convenience and pace through optimized, structured video lectures. \n\nWe understand your goal is rapid knowledge acquisition. Our pre-recorded and well-organized lectures are designed precisely for this, ensuring no slowdowns from group dynamics or unrelated instructor anecdotes. \n\nDive straight into the subject matter, learn efficiently, and if questions arise, our immediate support on the Slack Workspace is there to streamline your learning process and swiftly remove any roadblocks.","tagList":["Bondar Academy","Video Lectures","Tutorials"],"createdAt":"2024-01-27T21:50:38.825Z","updatedAt":"2024-01-27T21:50:38.825Z","favorited":false,"favoritesCount":258,"author":{"username":"Artem Bondar","bio":null,"image":"https://storage.googleapis.com/bondar-academy-visuals/Android.png","following":false}},{"slug":"Mastering-Knowledge-with-Self-Assessments:-Identifying-and-Bridging-Learning-Gaps-in-Education-1","title":"Mastering Knowledge with Self-Assessments: Identifying and Bridging Learning Gaps in Education","description":"Self-assessment is an essential tool for gauging your understanding of lecture material. It answers critical questions: Have you grasped everything correctly? Is there anything you've missed? Are you prepared for the next lesson? These assessments ensure that you build a solid foundation of knowledge, confidently and efficiently paving the way for swift progress and effective learning outcomes.","body":"Traditional educational institutions, such as colleges and universities, commonly use tests and assessments to measure knowledge. This approach is effective for gauging student performance, but it's not without drawbacks. In these settings, assessments after every lecture aren't feasible due to the time required for teachers to evaluate them. This often leads to students having a false sense of understanding, believing they've comprehended all aspects of a lecture when, in reality, small but crucial details might be missed. These 'knowledge gaps' can accumulate, making more complex topics difficult to grasp later on.\n\nAt Bondar Academy, we address this challenge by implementing self-assessments after every lecture. These are designed to cover key questions that ensure a thorough understanding of the material, essential for comfort and success in future lectures. The number of questions varies, ranging from 3-4 to 15-20, depending on the lecture's significance and the volume of critical information. With these self-assessments, students receive immediate feedback, helping them determine if they've fully understood the lecture or if they need to revisit certain parts or seek assistance from our instructors in the Slack Workspace.","tagList":["Self-Assessment","Test","Exam"],"createdAt":"2024-01-27T21:48:36.340Z","updatedAt":"2024-01-27T21:48:36.340Z","favorited":false,"favoritesCount":67,"author":{"username":"Artem Bondar","bio":null,"image":"https://storage.googleapis.com/bondar-academy-visuals/Android.png","following":false}},{"slug":"Practical-Implementation-of-Skills:-Homework-Assignments-with-Instructor-Supervision-1","title":"Practical Implementation of Skills: Homework Assignments with Instructor Supervision","description":"Knowledge or skills not reinforced through practical exercises can quickly fade, often faster than anticipated. Homework, particularly in tasks like writing your own code, is crucial for honing these skills and cementing your understanding. At Bondar Academy, we ensure this vital step by assigning homework, rigorously evaluating the outcomes, and providing valuable feedback to guide your learning journey.","body":"Homework assignments are a fundamental component of the educational methodology at Bondar Academy, especially in technical education where learning a new programming language or framework is involved. The key to mastering these skills lies in writing code; the more you write, the better you become. However, merely replicating code seen in lectures leads to minimal learning. Often, this approach leaves students unclear about why their code works the way it does, as they focus on copying rather than understanding.\n\nA homework assignment at Bondar Academy starts with a blank page, challenging students to apply all their knowledge to write the first line of code. This process is more demanding than it appears. As you write each line, understanding and reasoning grow, making your code meaningful and comprehensible. You learn to write code that makes sense to you, enhancing your understanding.\n\nIn completing these assignments, you engage the 'thinking' part of your brain, transforming theoretical knowledge into practical skills. Recognizing the crucial role of homework in learning, our instructors at Bondar Academy are always available to assist with any challenges. Just reach out on Slack, and you'll receive the guidance and support needed for successful completion. At Bondar Academy, we fully understand the importance of homework assignments for the best outcome, so our instructors are always here to assist if you have any difficulties with completing them. Just ask in Slack and you'll be guided and assisted.","tagList":["Homework","Assignments","Practice","Coding"],"createdAt":"2024-01-27T21:46:09.512Z","updatedAt":"2024-01-27T21:46:09.512Z","favorited":false,"favoritesCount":37,"author":{"username":"Artem Bondar","bio":null,"image":"https://storage.googleapis.com/bondar-academy-visuals/Android.png","following":false}}],"articlesCount":16}

02:26:45.922 [main] INFO  com.intuit.karate.Runner - using system property 'karate.options': --tags @debug
02:26:46.139 [main] DEBUG com.intuit.karate.Suite - [config] classpath:karate-config.js
02:26:46.680 [main] INFO  com.intuit.karate - karate.env system property was: null 
02:26:46.683 [main] INFO  com.intuit.karate - >> lock acquired, begin callSingle: classpath:helpers/CreateToken.feature
02:26:46.887 [main] DEBUG com.intuit.karate - request:
1 > POST https://conduit-api.bondaracademy.com/api/users/login
1 > Content-Type: application/json; charset=UTF-8
1 > Content-Length: 65
1 > Host: conduit-api.bondaracademy.com
1 > Connection: Keep-Alive
1 > User-Agent: Apache-HttpClient/4.5.14 (Java/17.0.12)
1 > Accept-Encoding: gzip,deflate
{"user":{"email":"pruebakarate@test.com","password":"karate123"}}

02:26:48.054 [main] DEBUG com.intuit.karate - response time in milliseconds: 1165
1 < 200
1 < x-powered-by: Express
1 < vary: Origin
1 < content-type: application/json; charset=utf-8
1 < etag: W/"13e-4EIqC66eFJ0kR9WM7svZpyf4nIw"
1 < x-cloud-trace-context: 74ec561a71ca87be5ac38f7e1892c973;o=1
1 < date: Wed, 13 Aug 2025 07:26:47 GMT
1 < server: Google Frontend
1 < Content-Length: 318
{"user":{"email":"pruebakarate@test.com","username":"Alvariytomyg","bio":null,"image":"https://conduit-api.bondaracademy.com/images/smiley-cyrus.jpeg","token":"eyJhbGciOiJIUzI1NiIsInR5cCI6IkpXVCJ9.eyJ1c2VyIjp7ImlkIjoxMzE4Nn0sImlhdCI6MTc1NTA3MDAwNywiZXhwIjoxNzYwMjU0MDA3fQ.KoYNcKXh_FCe2edinDBFizxYYxvquKQjUyruOZGVat4"}}

02:26:48.057 [main] INFO  com.intuit.karate - << lock released, cached callSingle: classpath:helpers/CreateToken.feature
02:26:48.061 [main] DEBUG com.intuit.karate - request:
1 > GET https://conduit-api.bondaracademy.com/api/tags
1 > Authorization: Token eyJhbGciOiJIUzI1NiIsInR5cCI6IkpXVCJ9.eyJ1c2VyIjp7ImlkIjoxMzE4Nn0sImlhdCI6MTc1NTA3MDAwNywiZXhwIjoxNzYwMjU0MDA3fQ.KoYNcKXh_FCe2edinDBFizxYYxvquKQjUyruOZGVat4
1 > Host: conduit-api.bondaracademy.com
1 > Connection: Keep-Alive
1 > User-Agent: Apache-HttpClient/4.5.14 (Java/17.0.12)
1 > Accept-Encoding: gzip,deflate


02:26:48.785 [main] DEBUG com.intuit.karate - response time in milliseconds: 723
1 < 200
1 < x-powered-by: Express
1 < vary: Origin
1 < content-type: application/json; charset=utf-8
1 < etag: W/"65-XAqp9RO5/GurIdusYmbGg8NPW48"
1 < x-cloud-trace-context: ca20c682e8f6280ef6c2434b88da4b44
1 < date: Wed, 13 Aug 2025 07:26:48 GMT
1 < server: Google Frontend
1 < Content-Length: 101
{"tags":["Test","Git","YouTube","Zoom","Blog","Bondar Academy","Enroll","Exam","Community","GitHub"]}

02:26:48.806 [main] INFO  com.intuit.karate - karate.env system property was: null 
02:26:48.816 [main] DEBUG com.intuit.karate - request:
1 > GET https://conduit-api.bondaracademy.com/api/articles?limt=10&offset=0
1 > Authorization: Token eyJhbGciOiJIUzI1NiIsInR5cCI6IkpXVCJ9.eyJ1c2VyIjp7ImlkIjoxMzE4Nn0sImlhdCI6MTc1NTA3MDAwNywiZXhwIjoxNzYwMjU0MDA3fQ.KoYNcKXh_FCe2edinDBFizxYYxvquKQjUyruOZGVat4
1 > Host: conduit-api.bondaracademy.com
1 > Connection: Keep-Alive
1 > User-Agent: Apache-HttpClient/4.5.14 (Java/17.0.12)
1 > Accept-Encoding: gzip,deflate


02:26:49.884 [main] DEBUG com.intuit.karate - response time in milliseconds: 1067
1 < 200
1 < x-powered-by: Express
1 < vary: Origin
1 < content-type: application/json; charset=utf-8
1 < etag: W/"28e1-8lgXoYOslxN9R6eEWs0gkt9L6LQ"
1 < x-cloud-trace-context: 463f7f87aa5523afccd9c01cc8a57633
1 < date: Wed, 13 Aug 2025 07:26:49 GMT
1 < server: Google Frontend
1 < Content-Length: 10465
{"articles":[{"slug":"Creando-Articulo13-13186","title":"Creando Articulo13","description":"es una prueba11","body":"practicando Karate11","tagList":[],"createdAt":"2025-08-13T02:43:35.040Z","updatedAt":"2025-08-13T02:43:35.040Z","favorited":false,"favoritesCount":0,"author":{"username":"Alvariytomyg","bio":null,"image":"https://conduit-api.bondaracademy.com/images/smiley-cyrus.jpeg","following":false}},{"slug":"Creando-Articulo12-13186","title":"Creando Articulo12","description":"es una prueba12","body":"practicando Karate12","tagList":[],"createdAt":"2025-08-13T02:02:35.692Z","updatedAt":"2025-08-13T02:02:35.692Z","favorited":false,"favoritesCount":0,"author":{"username":"Alvariytomyg","bio":null,"image":"https://conduit-api.bondaracademy.com/images/smiley-cyrus.jpeg","following":false}},{"slug":"Probando-Articulo9-13186","title":"Probando Articulo9","description":"es una prueba9","body":"practicando Karate9","tagList":[],"createdAt":"2025-06-25T21:57:45.735Z","updatedAt":"2025-06-25T21:57:45.735Z","favorited":false,"favoritesCount":0,"author":{"username":"Alvariytomyg","bio":null,"image":"https://conduit-api.bondaracademy.com/images/smiley-cyrus.jpeg","following":false}},{"slug":"Probando-Articulo8-13186","title":"Probando Articulo8","description":"es una prueba8","body":"practicando Karate8","tagList":[],"createdAt":"2025-05-26T01:08:04.570Z","updatedAt":"2025-05-26T01:08:04.570Z","favorited":false,"favoritesCount":0,"author":{"username":"Alvariytomyg","bio":null,"image":"https://conduit-api.bondaracademy.com/images/smiley-cyrus.jpeg","following":false}},{"slug":"Probando-Articulo7-13186","title":"Probando Articulo7","description":"es una prueba7","body":"practicando Karate6","tagList":[],"createdAt":"2025-05-26T00:30:47.752Z","updatedAt":"2025-05-26T00:30:47.752Z","favorited":false,"favoritesCount":0,"author":{"username":"Alvariytomyg","bio":null,"image":"https://conduit-api.bondaracademy.com/images/smiley-cyrus.jpeg","following":false}},{"slug":"Probando-Articulo6-13186","title":"Probando Articulo6","description":"es una prueba6","body":"practicando Karate6","tagList":[],"createdAt":"2025-05-26T00:27:03.581Z","updatedAt":"2025-05-26T00:27:03.581Z","favorited":false,"favoritesCount":0,"author":{"username":"Alvariytomyg","bio":null,"image":"https://conduit-api.bondaracademy.com/images/smiley-cyrus.jpeg","following":false}},{"slug":"Discover-Bondar-Academy:-Your-Gateway-to-Efficient-Learning-1","title":"Discover Bondar Academy: Your Gateway to Efficient Learning","description":"Discover Bondar Academy's unique place in the educational landscape, where value-focused and efficient learning approaches converge. Our goal is to rapidly enhance your professional technical skills, boosting your market competitiveness and paving the way for higher-paying job opportunities. The speed of your progress is in your hands – you set the pace, and we provide the solutions and support to help you achieve your desired outcomes.","body":"Bondar Academy is a leading platform for efficient education, designed to boost your technical skills and advance your career in Quality Assurance (QA). Our program features a balanced mix of pre-recorded lectures and live sessions, allowing each student to study at their own pace and at a time that suits them. \n\nOur instructors are readily available on our Slack Workspace for support. Whether it's a quick question or a more complex issue requiring a Zoom call or Slack Huddle for screen sharing and live discussion, we're here to assist. Additionally, each class comes with a comprehensive question bank for self-assessment. Following each lecture, you have the opportunity to validate your understanding and readiness to progress to the next topic. You set the pace, and we provide the solutions to ensure you achieve your desired outcomes.\n\nSignUp today: https://www.bondaracademy.com","tagList":["qa career","Bondar Academy","QA Skills","Value-Focused"],"createdAt":"2024-01-27T21:52:32.682Z","updatedAt":"2024-01-27T21:52:32.682Z","favorited":false,"favoritesCount":732,"author":{"username":"Artem Bondar","bio":null,"image":"https://storage.googleapis.com/bondar-academy-visuals/Android.png","following":false}},{"slug":"The-value-of-pre-recorded-video-classes.-The-most-efficient-approach-to-tranfer-the-knowledge-1","title":"The value of pre-recorded video classes. The most efficient approach to tranfer the knowledge","description":"As educational practices evolve, video tutorials have emerged as the most efficient method for imparting theoretical knowledge. At Bondar Academy, we prioritize expertly structured and crafted video tutorials, ensuring you learn quickly and effectively and advance your skills.","body":"At Bondar Academy, we prioritize the value of your time and the efficiency of your education, distinguishing our approach from traditional colleges and live boot camps. Forget long, tedious live lectures on a fixed schedule. With us, you learn at your convenience and pace through optimized, structured video lectures. \n\nWe understand your goal is rapid knowledge acquisition. Our pre-recorded and well-organized lectures are designed precisely for this, ensuring no slowdowns from group dynamics or unrelated instructor anecdotes. \n\nDive straight into the subject matter, learn efficiently, and if questions arise, our immediate support on the Slack Workspace is there to streamline your learning process and swiftly remove any roadblocks.","tagList":["Bondar Academy","Video Lectures","Tutorials"],"createdAt":"2024-01-27T21:50:38.825Z","updatedAt":"2024-01-27T21:50:38.825Z","favorited":false,"favoritesCount":258,"author":{"username":"Artem Bondar","bio":null,"image":"https://storage.googleapis.com/bondar-academy-visuals/Android.png","following":false}},{"slug":"Mastering-Knowledge-with-Self-Assessments:-Identifying-and-Bridging-Learning-Gaps-in-Education-1","title":"Mastering Knowledge with Self-Assessments: Identifying and Bridging Learning Gaps in Education","description":"Self-assessment is an essential tool for gauging your understanding of lecture material. It answers critical questions: Have you grasped everything correctly? Is there anything you've missed? Are you prepared for the next lesson? These assessments ensure that you build a solid foundation of knowledge, confidently and efficiently paving the way for swift progress and effective learning outcomes.","body":"Traditional educational institutions, such as colleges and universities, commonly use tests and assessments to measure knowledge. This approach is effective for gauging student performance, but it's not without drawbacks. In these settings, assessments after every lecture aren't feasible due to the time required for teachers to evaluate them. This often leads to students having a false sense of understanding, believing they've comprehended all aspects of a lecture when, in reality, small but crucial details might be missed. These 'knowledge gaps' can accumulate, making more complex topics difficult to grasp later on.\n\nAt Bondar Academy, we address this challenge by implementing self-assessments after every lecture. These are designed to cover key questions that ensure a thorough understanding of the material, essential for comfort and success in future lectures. The number of questions varies, ranging from 3-4 to 15-20, depending on the lecture's significance and the volume of critical information. With these self-assessments, students receive immediate feedback, helping them determine if they've fully understood the lecture or if they need to revisit certain parts or seek assistance from our instructors in the Slack Workspace.","tagList":["Self-Assessment","Test","Exam"],"createdAt":"2024-01-27T21:48:36.340Z","updatedAt":"2024-01-27T21:48:36.340Z","favorited":false,"favoritesCount":67,"author":{"username":"Artem Bondar","bio":null,"image":"https://storage.googleapis.com/bondar-academy-visuals/Android.png","following":false}},{"slug":"Practical-Implementation-of-Skills:-Homework-Assignments-with-Instructor-Supervision-1","title":"Practical Implementation of Skills: Homework Assignments with Instructor Supervision","description":"Knowledge or skills not reinforced through practical exercises can quickly fade, often faster than anticipated. Homework, particularly in tasks like writing your own code, is crucial for honing these skills and cementing your understanding. At Bondar Academy, we ensure this vital step by assigning homework, rigorously evaluating the outcomes, and providing valuable feedback to guide your learning journey.","body":"Homework assignments are a fundamental component of the educational methodology at Bondar Academy, especially in technical education where learning a new programming language or framework is involved. The key to mastering these skills lies in writing code; the more you write, the better you become. However, merely replicating code seen in lectures leads to minimal learning. Often, this approach leaves students unclear about why their code works the way it does, as they focus on copying rather than understanding.\n\nA homework assignment at Bondar Academy starts with a blank page, challenging students to apply all their knowledge to write the first line of code. This process is more demanding than it appears. As you write each line, understanding and reasoning grow, making your code meaningful and comprehensible. You learn to write code that makes sense to you, enhancing your understanding.\n\nIn completing these assignments, you engage the 'thinking' part of your brain, transforming theoretical knowledge into practical skills. Recognizing the crucial role of homework in learning, our instructors at Bondar Academy are always available to assist with any challenges. Just reach out on Slack, and you'll receive the guidance and support needed for successful completion. At Bondar Academy, we fully understand the importance of homework assignments for the best outcome, so our instructors are always here to assist if you have any difficulties with completing them. Just ask in Slack and you'll be guided and assisted.","tagList":["Homework","Assignments","Practice","Coding"],"createdAt":"2024-01-27T21:46:09.512Z","updatedAt":"2024-01-27T21:46:09.512Z","favorited":false,"favoritesCount":37,"author":{"username":"Artem Bondar","bio":null,"image":"https://storage.googleapis.com/bondar-academy-visuals/Android.png","following":false}}],"articlesCount":16}

02:26:50.235 [main] INFO  com.intuit.karate - karate.env system property was: null 
02:26:50.255 [main] ERROR com.intuit.karate - classpath:conduitApp/feature/SignUp.feature:4
* def dataGenerator = Java.type('helpers/DataGenerator')
js failed:
>>>>
01: Java.type('helpers/DataGenerator')
<<<<
org.graalvm.polyglot.PolyglotException: TypeError: Access to host class helpers/DataGenerator is not allowed or does not exist.
- <js>.:program(Unnamed:1)

classpath:conduitApp/feature/SignUp.feature:4
02:27:25.144 [main] INFO  com.intuit.karate.Runner - using system property 'karate.options': --tags @debug
02:27:25.353 [main] DEBUG com.intuit.karate.Suite - [config] classpath:karate-config.js
02:27:25.879 [main] INFO  com.intuit.karate - karate.env system property was: null 
02:27:25.882 [main] INFO  com.intuit.karate - >> lock acquired, begin callSingle: classpath:helpers/CreateToken.feature
02:27:26.076 [main] DEBUG com.intuit.karate - request:
1 > POST https://conduit-api.bondaracademy.com/api/users/login
1 > Content-Type: application/json; charset=UTF-8
1 > Content-Length: 65
1 > Host: conduit-api.bondaracademy.com
1 > Connection: Keep-Alive
1 > User-Agent: Apache-HttpClient/4.5.14 (Java/17.0.12)
1 > Accept-Encoding: gzip,deflate
{"user":{"email":"pruebakarate@test.com","password":"karate123"}}

02:27:26.923 [main] DEBUG com.intuit.karate - response time in milliseconds: 845
1 < 200
1 < x-powered-by: Express
1 < vary: Origin
1 < content-type: application/json; charset=utf-8
1 < etag: W/"13e-xVyep7lvsmN3Y86txVrXh4uREmA"
1 < x-cloud-trace-context: 20585785a1d77a090aeee4214fa142a2
1 < date: Wed, 13 Aug 2025 07:27:26 GMT
1 < server: Google Frontend
1 < Content-Length: 318
{"user":{"email":"pruebakarate@test.com","username":"Alvariytomyg","bio":null,"image":"https://conduit-api.bondaracademy.com/images/smiley-cyrus.jpeg","token":"eyJhbGciOiJIUzI1NiIsInR5cCI6IkpXVCJ9.eyJ1c2VyIjp7ImlkIjoxMzE4Nn0sImlhdCI6MTc1NTA3MDA0NiwiZXhwIjoxNzYwMjU0MDQ2fQ.ul4nRPd6Biv6oEcpJYHvOdT_oMtu7Upc1G0igpPSIsg"}}

02:27:26.929 [main] INFO  com.intuit.karate - << lock released, cached callSingle: classpath:helpers/CreateToken.feature
02:27:26.934 [main] DEBUG com.intuit.karate - request:
1 > GET https://conduit-api.bondaracademy.com/api/tags
1 > Authorization: Token eyJhbGciOiJIUzI1NiIsInR5cCI6IkpXVCJ9.eyJ1c2VyIjp7ImlkIjoxMzE4Nn0sImlhdCI6MTc1NTA3MDA0NiwiZXhwIjoxNzYwMjU0MDQ2fQ.ul4nRPd6Biv6oEcpJYHvOdT_oMtu7Upc1G0igpPSIsg
1 > Host: conduit-api.bondaracademy.com
1 > Connection: Keep-Alive
1 > User-Agent: Apache-HttpClient/4.5.14 (Java/17.0.12)
1 > Accept-Encoding: gzip,deflate


02:27:27.681 [main] DEBUG com.intuit.karate - response time in milliseconds: 746
1 < 200
1 < x-powered-by: Express
1 < vary: Origin
1 < content-type: application/json; charset=utf-8
1 < etag: W/"65-XAqp9RO5/GurIdusYmbGg8NPW48"
1 < x-cloud-trace-context: b034a18d2b62a9f206198450b4ab10f8
1 < date: Wed, 13 Aug 2025 07:27:27 GMT
1 < server: Google Frontend
1 < Content-Length: 101
{"tags":["Test","Git","YouTube","Zoom","Blog","Bondar Academy","Enroll","Exam","Community","GitHub"]}

02:27:27.703 [main] INFO  com.intuit.karate - karate.env system property was: null 
02:27:27.712 [main] DEBUG com.intuit.karate - request:
1 > GET https://conduit-api.bondaracademy.com/api/articles?limt=10&offset=0
1 > Authorization: Token eyJhbGciOiJIUzI1NiIsInR5cCI6IkpXVCJ9.eyJ1c2VyIjp7ImlkIjoxMzE4Nn0sImlhdCI6MTc1NTA3MDA0NiwiZXhwIjoxNzYwMjU0MDQ2fQ.ul4nRPd6Biv6oEcpJYHvOdT_oMtu7Upc1G0igpPSIsg
1 > Host: conduit-api.bondaracademy.com
1 > Connection: Keep-Alive
1 > User-Agent: Apache-HttpClient/4.5.14 (Java/17.0.12)
1 > Accept-Encoding: gzip,deflate


02:27:28.564 [main] DEBUG com.intuit.karate - response time in milliseconds: 849
1 < 200
1 < x-powered-by: Express
1 < vary: Origin
1 < content-type: application/json; charset=utf-8
1 < etag: W/"28e1-8lgXoYOslxN9R6eEWs0gkt9L6LQ"
1 < x-cloud-trace-context: a6f1b4fb6342afda291033b0a8f921b5
1 < date: Wed, 13 Aug 2025 07:27:28 GMT
1 < server: Google Frontend
1 < Content-Length: 10465
{"articles":[{"slug":"Creando-Articulo13-13186","title":"Creando Articulo13","description":"es una prueba11","body":"practicando Karate11","tagList":[],"createdAt":"2025-08-13T02:43:35.040Z","updatedAt":"2025-08-13T02:43:35.040Z","favorited":false,"favoritesCount":0,"author":{"username":"Alvariytomyg","bio":null,"image":"https://conduit-api.bondaracademy.com/images/smiley-cyrus.jpeg","following":false}},{"slug":"Creando-Articulo12-13186","title":"Creando Articulo12","description":"es una prueba12","body":"practicando Karate12","tagList":[],"createdAt":"2025-08-13T02:02:35.692Z","updatedAt":"2025-08-13T02:02:35.692Z","favorited":false,"favoritesCount":0,"author":{"username":"Alvariytomyg","bio":null,"image":"https://conduit-api.bondaracademy.com/images/smiley-cyrus.jpeg","following":false}},{"slug":"Probando-Articulo9-13186","title":"Probando Articulo9","description":"es una prueba9","body":"practicando Karate9","tagList":[],"createdAt":"2025-06-25T21:57:45.735Z","updatedAt":"2025-06-25T21:57:45.735Z","favorited":false,"favoritesCount":0,"author":{"username":"Alvariytomyg","bio":null,"image":"https://conduit-api.bondaracademy.com/images/smiley-cyrus.jpeg","following":false}},{"slug":"Probando-Articulo8-13186","title":"Probando Articulo8","description":"es una prueba8","body":"practicando Karate8","tagList":[],"createdAt":"2025-05-26T01:08:04.570Z","updatedAt":"2025-05-26T01:08:04.570Z","favorited":false,"favoritesCount":0,"author":{"username":"Alvariytomyg","bio":null,"image":"https://conduit-api.bondaracademy.com/images/smiley-cyrus.jpeg","following":false}},{"slug":"Probando-Articulo7-13186","title":"Probando Articulo7","description":"es una prueba7","body":"practicando Karate6","tagList":[],"createdAt":"2025-05-26T00:30:47.752Z","updatedAt":"2025-05-26T00:30:47.752Z","favorited":false,"favoritesCount":0,"author":{"username":"Alvariytomyg","bio":null,"image":"https://conduit-api.bondaracademy.com/images/smiley-cyrus.jpeg","following":false}},{"slug":"Probando-Articulo6-13186","title":"Probando Articulo6","description":"es una prueba6","body":"practicando Karate6","tagList":[],"createdAt":"2025-05-26T00:27:03.581Z","updatedAt":"2025-05-26T00:27:03.581Z","favorited":false,"favoritesCount":0,"author":{"username":"Alvariytomyg","bio":null,"image":"https://conduit-api.bondaracademy.com/images/smiley-cyrus.jpeg","following":false}},{"slug":"Discover-Bondar-Academy:-Your-Gateway-to-Efficient-Learning-1","title":"Discover Bondar Academy: Your Gateway to Efficient Learning","description":"Discover Bondar Academy's unique place in the educational landscape, where value-focused and efficient learning approaches converge. Our goal is to rapidly enhance your professional technical skills, boosting your market competitiveness and paving the way for higher-paying job opportunities. The speed of your progress is in your hands – you set the pace, and we provide the solutions and support to help you achieve your desired outcomes.","body":"Bondar Academy is a leading platform for efficient education, designed to boost your technical skills and advance your career in Quality Assurance (QA). Our program features a balanced mix of pre-recorded lectures and live sessions, allowing each student to study at their own pace and at a time that suits them. \n\nOur instructors are readily available on our Slack Workspace for support. Whether it's a quick question or a more complex issue requiring a Zoom call or Slack Huddle for screen sharing and live discussion, we're here to assist. Additionally, each class comes with a comprehensive question bank for self-assessment. Following each lecture, you have the opportunity to validate your understanding and readiness to progress to the next topic. You set the pace, and we provide the solutions to ensure you achieve your desired outcomes.\n\nSignUp today: https://www.bondaracademy.com","tagList":["qa career","Bondar Academy","QA Skills","Value-Focused"],"createdAt":"2024-01-27T21:52:32.682Z","updatedAt":"2024-01-27T21:52:32.682Z","favorited":false,"favoritesCount":732,"author":{"username":"Artem Bondar","bio":null,"image":"https://storage.googleapis.com/bondar-academy-visuals/Android.png","following":false}},{"slug":"The-value-of-pre-recorded-video-classes.-The-most-efficient-approach-to-tranfer-the-knowledge-1","title":"The value of pre-recorded video classes. The most efficient approach to tranfer the knowledge","description":"As educational practices evolve, video tutorials have emerged as the most efficient method for imparting theoretical knowledge. At Bondar Academy, we prioritize expertly structured and crafted video tutorials, ensuring you learn quickly and effectively and advance your skills.","body":"At Bondar Academy, we prioritize the value of your time and the efficiency of your education, distinguishing our approach from traditional colleges and live boot camps. Forget long, tedious live lectures on a fixed schedule. With us, you learn at your convenience and pace through optimized, structured video lectures. \n\nWe understand your goal is rapid knowledge acquisition. Our pre-recorded and well-organized lectures are designed precisely for this, ensuring no slowdowns from group dynamics or unrelated instructor anecdotes. \n\nDive straight into the subject matter, learn efficiently, and if questions arise, our immediate support on the Slack Workspace is there to streamline your learning process and swiftly remove any roadblocks.","tagList":["Bondar Academy","Video Lectures","Tutorials"],"createdAt":"2024-01-27T21:50:38.825Z","updatedAt":"2024-01-27T21:50:38.825Z","favorited":false,"favoritesCount":258,"author":{"username":"Artem Bondar","bio":null,"image":"https://storage.googleapis.com/bondar-academy-visuals/Android.png","following":false}},{"slug":"Mastering-Knowledge-with-Self-Assessments:-Identifying-and-Bridging-Learning-Gaps-in-Education-1","title":"Mastering Knowledge with Self-Assessments: Identifying and Bridging Learning Gaps in Education","description":"Self-assessment is an essential tool for gauging your understanding of lecture material. It answers critical questions: Have you grasped everything correctly? Is there anything you've missed? Are you prepared for the next lesson? These assessments ensure that you build a solid foundation of knowledge, confidently and efficiently paving the way for swift progress and effective learning outcomes.","body":"Traditional educational institutions, such as colleges and universities, commonly use tests and assessments to measure knowledge. This approach is effective for gauging student performance, but it's not without drawbacks. In these settings, assessments after every lecture aren't feasible due to the time required for teachers to evaluate them. This often leads to students having a false sense of understanding, believing they've comprehended all aspects of a lecture when, in reality, small but crucial details might be missed. These 'knowledge gaps' can accumulate, making more complex topics difficult to grasp later on.\n\nAt Bondar Academy, we address this challenge by implementing self-assessments after every lecture. These are designed to cover key questions that ensure a thorough understanding of the material, essential for comfort and success in future lectures. The number of questions varies, ranging from 3-4 to 15-20, depending on the lecture's significance and the volume of critical information. With these self-assessments, students receive immediate feedback, helping them determine if they've fully understood the lecture or if they need to revisit certain parts or seek assistance from our instructors in the Slack Workspace.","tagList":["Self-Assessment","Test","Exam"],"createdAt":"2024-01-27T21:48:36.340Z","updatedAt":"2024-01-27T21:48:36.340Z","favorited":false,"favoritesCount":67,"author":{"username":"Artem Bondar","bio":null,"image":"https://storage.googleapis.com/bondar-academy-visuals/Android.png","following":false}},{"slug":"Practical-Implementation-of-Skills:-Homework-Assignments-with-Instructor-Supervision-1","title":"Practical Implementation of Skills: Homework Assignments with Instructor Supervision","description":"Knowledge or skills not reinforced through practical exercises can quickly fade, often faster than anticipated. Homework, particularly in tasks like writing your own code, is crucial for honing these skills and cementing your understanding. At Bondar Academy, we ensure this vital step by assigning homework, rigorously evaluating the outcomes, and providing valuable feedback to guide your learning journey.","body":"Homework assignments are a fundamental component of the educational methodology at Bondar Academy, especially in technical education where learning a new programming language or framework is involved. The key to mastering these skills lies in writing code; the more you write, the better you become. However, merely replicating code seen in lectures leads to minimal learning. Often, this approach leaves students unclear about why their code works the way it does, as they focus on copying rather than understanding.\n\nA homework assignment at Bondar Academy starts with a blank page, challenging students to apply all their knowledge to write the first line of code. This process is more demanding than it appears. As you write each line, understanding and reasoning grow, making your code meaningful and comprehensible. You learn to write code that makes sense to you, enhancing your understanding.\n\nIn completing these assignments, you engage the 'thinking' part of your brain, transforming theoretical knowledge into practical skills. Recognizing the crucial role of homework in learning, our instructors at Bondar Academy are always available to assist with any challenges. Just reach out on Slack, and you'll receive the guidance and support needed for successful completion. At Bondar Academy, we fully understand the importance of homework assignments for the best outcome, so our instructors are always here to assist if you have any difficulties with completing them. Just ask in Slack and you'll be guided and assisted.","tagList":["Homework","Assignments","Practice","Coding"],"createdAt":"2024-01-27T21:46:09.512Z","updatedAt":"2024-01-27T21:46:09.512Z","favorited":false,"favoritesCount":37,"author":{"username":"Artem Bondar","bio":null,"image":"https://storage.googleapis.com/bondar-academy-visuals/Android.png","following":false}}],"articlesCount":16}

02:27:28.902 [main] INFO  com.intuit.karate - karate.env system property was: null 
02:27:29.055 [main] ERROR com.intuit.karate - classpath:conduitApp/feature/SignUp.feature:11
* def randomUsername = dataGenerator.getRandomUsername()
js failed:
>>>>
01: dataGenerator.getRandomUsername()
<<<<
org.graalvm.polyglot.PolyglotException: TypeError: invokeMember (getRandomUsername) on helpers.DataGenerator failed due to: Unknown identifier: getRandomUsername
- <js>.:program(Unnamed:1)

classpath:conduitApp/feature/SignUp.feature:11
02:28:49.722 [main] INFO  com.intuit.karate.Runner - using system property 'karate.options': --tags @debug
02:28:49.930 [main] DEBUG com.intuit.karate.Suite - [config] classpath:karate-config.js
02:28:50.461 [main] INFO  com.intuit.karate - karate.env system property was: null 
02:28:50.464 [main] INFO  com.intuit.karate - >> lock acquired, begin callSingle: classpath:helpers/CreateToken.feature
02:28:50.661 [main] DEBUG com.intuit.karate - request:
1 > POST https://conduit-api.bondaracademy.com/api/users/login
1 > Content-Type: application/json; charset=UTF-8
1 > Content-Length: 65
1 > Host: conduit-api.bondaracademy.com
1 > Connection: Keep-Alive
1 > User-Agent: Apache-HttpClient/4.5.14 (Java/17.0.12)
1 > Accept-Encoding: gzip,deflate
{"user":{"email":"pruebakarate@test.com","password":"karate123"}}

02:28:51.513 [main] DEBUG com.intuit.karate - response time in milliseconds: 849
1 < 200
1 < x-powered-by: Express
1 < vary: Origin
1 < content-type: application/json; charset=utf-8
1 < etag: W/"13e-cOMkdBhHxBNOWrj5eJ7LnJoveWM"
1 < x-cloud-trace-context: c27dfe81fdb53151f00414a3996512b5
1 < date: Wed, 13 Aug 2025 07:28:51 GMT
1 < server: Google Frontend
1 < Content-Length: 318
{"user":{"email":"pruebakarate@test.com","username":"Alvariytomyg","bio":null,"image":"https://conduit-api.bondaracademy.com/images/smiley-cyrus.jpeg","token":"eyJhbGciOiJIUzI1NiIsInR5cCI6IkpXVCJ9.eyJ1c2VyIjp7ImlkIjoxMzE4Nn0sImlhdCI6MTc1NTA3MDEzMSwiZXhwIjoxNzYwMjU0MTMxfQ.tHIi14Owdi3a4o-5cD9SCvFSts5fZYn-ddTTIUhPZao"}}

02:28:51.517 [main] INFO  com.intuit.karate - << lock released, cached callSingle: classpath:helpers/CreateToken.feature
02:28:51.522 [main] DEBUG com.intuit.karate - request:
1 > GET https://conduit-api.bondaracademy.com/api/tags
1 > Authorization: Token eyJhbGciOiJIUzI1NiIsInR5cCI6IkpXVCJ9.eyJ1c2VyIjp7ImlkIjoxMzE4Nn0sImlhdCI6MTc1NTA3MDEzMSwiZXhwIjoxNzYwMjU0MTMxfQ.tHIi14Owdi3a4o-5cD9SCvFSts5fZYn-ddTTIUhPZao
1 > Host: conduit-api.bondaracademy.com
1 > Connection: Keep-Alive
1 > User-Agent: Apache-HttpClient/4.5.14 (Java/17.0.12)
1 > Accept-Encoding: gzip,deflate


02:28:52.269 [main] DEBUG com.intuit.karate - response time in milliseconds: 746
1 < 200
1 < x-powered-by: Express
1 < vary: Origin
1 < content-type: application/json; charset=utf-8
1 < etag: W/"65-XAqp9RO5/GurIdusYmbGg8NPW48"
1 < x-cloud-trace-context: 1877b1728c1a9e9e1ef41b071b263365
1 < date: Wed, 13 Aug 2025 07:28:52 GMT
1 < server: Google Frontend
1 < Content-Length: 101
{"tags":["Test","Git","YouTube","Zoom","Blog","Bondar Academy","Enroll","Exam","Community","GitHub"]}

02:28:52.292 [main] INFO  com.intuit.karate - karate.env system property was: null 
02:28:52.302 [main] DEBUG com.intuit.karate - request:
1 > GET https://conduit-api.bondaracademy.com/api/articles?limt=10&offset=0
1 > Authorization: Token eyJhbGciOiJIUzI1NiIsInR5cCI6IkpXVCJ9.eyJ1c2VyIjp7ImlkIjoxMzE4Nn0sImlhdCI6MTc1NTA3MDEzMSwiZXhwIjoxNzYwMjU0MTMxfQ.tHIi14Owdi3a4o-5cD9SCvFSts5fZYn-ddTTIUhPZao
1 > Host: conduit-api.bondaracademy.com
1 > Connection: Keep-Alive
1 > User-Agent: Apache-HttpClient/4.5.14 (Java/17.0.12)
1 > Accept-Encoding: gzip,deflate


02:28:53.145 [main] DEBUG com.intuit.karate - response time in milliseconds: 842
1 < 200
1 < x-powered-by: Express
1 < vary: Origin
1 < content-type: application/json; charset=utf-8
1 < etag: W/"28e1-8lgXoYOslxN9R6eEWs0gkt9L6LQ"
1 < x-cloud-trace-context: f0fe129d06e17f95053539f99ebfa987
1 < date: Wed, 13 Aug 2025 07:28:52 GMT
1 < server: Google Frontend
1 < Content-Length: 10465
{"articles":[{"slug":"Creando-Articulo13-13186","title":"Creando Articulo13","description":"es una prueba11","body":"practicando Karate11","tagList":[],"createdAt":"2025-08-13T02:43:35.040Z","updatedAt":"2025-08-13T02:43:35.040Z","favorited":false,"favoritesCount":0,"author":{"username":"Alvariytomyg","bio":null,"image":"https://conduit-api.bondaracademy.com/images/smiley-cyrus.jpeg","following":false}},{"slug":"Creando-Articulo12-13186","title":"Creando Articulo12","description":"es una prueba12","body":"practicando Karate12","tagList":[],"createdAt":"2025-08-13T02:02:35.692Z","updatedAt":"2025-08-13T02:02:35.692Z","favorited":false,"favoritesCount":0,"author":{"username":"Alvariytomyg","bio":null,"image":"https://conduit-api.bondaracademy.com/images/smiley-cyrus.jpeg","following":false}},{"slug":"Probando-Articulo9-13186","title":"Probando Articulo9","description":"es una prueba9","body":"practicando Karate9","tagList":[],"createdAt":"2025-06-25T21:57:45.735Z","updatedAt":"2025-06-25T21:57:45.735Z","favorited":false,"favoritesCount":0,"author":{"username":"Alvariytomyg","bio":null,"image":"https://conduit-api.bondaracademy.com/images/smiley-cyrus.jpeg","following":false}},{"slug":"Probando-Articulo8-13186","title":"Probando Articulo8","description":"es una prueba8","body":"practicando Karate8","tagList":[],"createdAt":"2025-05-26T01:08:04.570Z","updatedAt":"2025-05-26T01:08:04.570Z","favorited":false,"favoritesCount":0,"author":{"username":"Alvariytomyg","bio":null,"image":"https://conduit-api.bondaracademy.com/images/smiley-cyrus.jpeg","following":false}},{"slug":"Probando-Articulo7-13186","title":"Probando Articulo7","description":"es una prueba7","body":"practicando Karate6","tagList":[],"createdAt":"2025-05-26T00:30:47.752Z","updatedAt":"2025-05-26T00:30:47.752Z","favorited":false,"favoritesCount":0,"author":{"username":"Alvariytomyg","bio":null,"image":"https://conduit-api.bondaracademy.com/images/smiley-cyrus.jpeg","following":false}},{"slug":"Probando-Articulo6-13186","title":"Probando Articulo6","description":"es una prueba6","body":"practicando Karate6","tagList":[],"createdAt":"2025-05-26T00:27:03.581Z","updatedAt":"2025-05-26T00:27:03.581Z","favorited":false,"favoritesCount":0,"author":{"username":"Alvariytomyg","bio":null,"image":"https://conduit-api.bondaracademy.com/images/smiley-cyrus.jpeg","following":false}},{"slug":"Discover-Bondar-Academy:-Your-Gateway-to-Efficient-Learning-1","title":"Discover Bondar Academy: Your Gateway to Efficient Learning","description":"Discover Bondar Academy's unique place in the educational landscape, where value-focused and efficient learning approaches converge. Our goal is to rapidly enhance your professional technical skills, boosting your market competitiveness and paving the way for higher-paying job opportunities. The speed of your progress is in your hands – you set the pace, and we provide the solutions and support to help you achieve your desired outcomes.","body":"Bondar Academy is a leading platform for efficient education, designed to boost your technical skills and advance your career in Quality Assurance (QA). Our program features a balanced mix of pre-recorded lectures and live sessions, allowing each student to study at their own pace and at a time that suits them. \n\nOur instructors are readily available on our Slack Workspace for support. Whether it's a quick question or a more complex issue requiring a Zoom call or Slack Huddle for screen sharing and live discussion, we're here to assist. Additionally, each class comes with a comprehensive question bank for self-assessment. Following each lecture, you have the opportunity to validate your understanding and readiness to progress to the next topic. You set the pace, and we provide the solutions to ensure you achieve your desired outcomes.\n\nSignUp today: https://www.bondaracademy.com","tagList":["qa career","Bondar Academy","QA Skills","Value-Focused"],"createdAt":"2024-01-27T21:52:32.682Z","updatedAt":"2024-01-27T21:52:32.682Z","favorited":false,"favoritesCount":732,"author":{"username":"Artem Bondar","bio":null,"image":"https://storage.googleapis.com/bondar-academy-visuals/Android.png","following":false}},{"slug":"The-value-of-pre-recorded-video-classes.-The-most-efficient-approach-to-tranfer-the-knowledge-1","title":"The value of pre-recorded video classes. The most efficient approach to tranfer the knowledge","description":"As educational practices evolve, video tutorials have emerged as the most efficient method for imparting theoretical knowledge. At Bondar Academy, we prioritize expertly structured and crafted video tutorials, ensuring you learn quickly and effectively and advance your skills.","body":"At Bondar Academy, we prioritize the value of your time and the efficiency of your education, distinguishing our approach from traditional colleges and live boot camps. Forget long, tedious live lectures on a fixed schedule. With us, you learn at your convenience and pace through optimized, structured video lectures. \n\nWe understand your goal is rapid knowledge acquisition. Our pre-recorded and well-organized lectures are designed precisely for this, ensuring no slowdowns from group dynamics or unrelated instructor anecdotes. \n\nDive straight into the subject matter, learn efficiently, and if questions arise, our immediate support on the Slack Workspace is there to streamline your learning process and swiftly remove any roadblocks.","tagList":["Bondar Academy","Video Lectures","Tutorials"],"createdAt":"2024-01-27T21:50:38.825Z","updatedAt":"2024-01-27T21:50:38.825Z","favorited":false,"favoritesCount":258,"author":{"username":"Artem Bondar","bio":null,"image":"https://storage.googleapis.com/bondar-academy-visuals/Android.png","following":false}},{"slug":"Mastering-Knowledge-with-Self-Assessments:-Identifying-and-Bridging-Learning-Gaps-in-Education-1","title":"Mastering Knowledge with Self-Assessments: Identifying and Bridging Learning Gaps in Education","description":"Self-assessment is an essential tool for gauging your understanding of lecture material. It answers critical questions: Have you grasped everything correctly? Is there anything you've missed? Are you prepared for the next lesson? These assessments ensure that you build a solid foundation of knowledge, confidently and efficiently paving the way for swift progress and effective learning outcomes.","body":"Traditional educational institutions, such as colleges and universities, commonly use tests and assessments to measure knowledge. This approach is effective for gauging student performance, but it's not without drawbacks. In these settings, assessments after every lecture aren't feasible due to the time required for teachers to evaluate them. This often leads to students having a false sense of understanding, believing they've comprehended all aspects of a lecture when, in reality, small but crucial details might be missed. These 'knowledge gaps' can accumulate, making more complex topics difficult to grasp later on.\n\nAt Bondar Academy, we address this challenge by implementing self-assessments after every lecture. These are designed to cover key questions that ensure a thorough understanding of the material, essential for comfort and success in future lectures. The number of questions varies, ranging from 3-4 to 15-20, depending on the lecture's significance and the volume of critical information. With these self-assessments, students receive immediate feedback, helping them determine if they've fully understood the lecture or if they need to revisit certain parts or seek assistance from our instructors in the Slack Workspace.","tagList":["Self-Assessment","Test","Exam"],"createdAt":"2024-01-27T21:48:36.340Z","updatedAt":"2024-01-27T21:48:36.340Z","favorited":false,"favoritesCount":67,"author":{"username":"Artem Bondar","bio":null,"image":"https://storage.googleapis.com/bondar-academy-visuals/Android.png","following":false}},{"slug":"Practical-Implementation-of-Skills:-Homework-Assignments-with-Instructor-Supervision-1","title":"Practical Implementation of Skills: Homework Assignments with Instructor Supervision","description":"Knowledge or skills not reinforced through practical exercises can quickly fade, often faster than anticipated. Homework, particularly in tasks like writing your own code, is crucial for honing these skills and cementing your understanding. At Bondar Academy, we ensure this vital step by assigning homework, rigorously evaluating the outcomes, and providing valuable feedback to guide your learning journey.","body":"Homework assignments are a fundamental component of the educational methodology at Bondar Academy, especially in technical education where learning a new programming language or framework is involved. The key to mastering these skills lies in writing code; the more you write, the better you become. However, merely replicating code seen in lectures leads to minimal learning. Often, this approach leaves students unclear about why their code works the way it does, as they focus on copying rather than understanding.\n\nA homework assignment at Bondar Academy starts with a blank page, challenging students to apply all their knowledge to write the first line of code. This process is more demanding than it appears. As you write each line, understanding and reasoning grow, making your code meaningful and comprehensible. You learn to write code that makes sense to you, enhancing your understanding.\n\nIn completing these assignments, you engage the 'thinking' part of your brain, transforming theoretical knowledge into practical skills. Recognizing the crucial role of homework in learning, our instructors at Bondar Academy are always available to assist with any challenges. Just reach out on Slack, and you'll receive the guidance and support needed for successful completion. At Bondar Academy, we fully understand the importance of homework assignments for the best outcome, so our instructors are always here to assist if you have any difficulties with completing them. Just ask in Slack and you'll be guided and assisted.","tagList":["Homework","Assignments","Practice","Coding"],"createdAt":"2024-01-27T21:46:09.512Z","updatedAt":"2024-01-27T21:46:09.512Z","favorited":false,"favoritesCount":37,"author":{"username":"Artem Bondar","bio":null,"image":"https://storage.googleapis.com/bondar-academy-visuals/Android.png","following":false}}],"articlesCount":16}

02:28:53.497 [main] INFO  com.intuit.karate - karate.env system property was: null 
02:28:53.646 [main] DEBUG com.intuit.karate - request:
1 > POST https://conduit-api.bondaracademy.com/api/users
1 > Authorization: Token eyJhbGciOiJIUzI1NiIsInR5cCI6IkpXVCJ9.eyJ1c2VyIjp7ImlkIjoxMzE4Nn0sImlhdCI6MTc1NTA3MDEzMSwiZXhwIjoxNzYwMjU0MTMxfQ.tHIi14Owdi3a4o-5cD9SCvFSts5fZYn-ddTTIUhPZao
1 > Content-Type: application/json; charset=UTF-8
1 > Content-Length: 89
1 > Host: conduit-api.bondaracademy.com
1 > Connection: Keep-Alive
1 > User-Agent: Apache-HttpClient/4.5.14 (Java/17.0.12)
1 > Accept-Encoding: gzip,deflate
{"user":{"email":"carmelo82@test.com","password":"12345alv","username":"kaylee.gerlach"}}

02:28:54.441 [main] DEBUG com.intuit.karate - response time in milliseconds: 795
1 < 201
1 < x-powered-by: Express
1 < vary: Origin
1 < content-type: application/json; charset=utf-8
1 < etag: W/"148-WWxPOV71I+WIruLS11OGxdA99YQ"
1 < x-cloud-trace-context: 8e6c07ba656900199f80774142f98436
1 < date: Wed, 13 Aug 2025 07:28:54 GMT
1 < server: Google Frontend
1 < Content-Length: 328
{"user":{"id":31823,"email":"carmelo82@test.com","username":"kaylee.gerlach","bio":null,"image":"https://conduit-api.bondaracademy.com/images/smiley-cyrus.jpeg","token":"eyJhbGciOiJIUzI1NiIsInR5cCI6IkpXVCJ9.eyJ1c2VyIjp7ImlkIjozMTgyM30sImlhdCI6MTc1NTA3MDEzNCwiZXhwIjoxNzYwMjU0MTM0fQ.rSLg5lYYxKzm_F66VqWKoBeTQFLNMiZGsAjoI5mSP4g"}}

02:36:18.543 [main] INFO  com.intuit.karate.Runner - using system property 'karate.options': --tags @debug
02:36:18.772 [main] DEBUG com.intuit.karate.Suite - [config] classpath:karate-config.js
02:36:19.308 [main] INFO  com.intuit.karate - karate.env system property was: null 
02:36:19.311 [main] INFO  com.intuit.karate - >> lock acquired, begin callSingle: classpath:helpers/CreateToken.feature
02:36:19.516 [main] DEBUG com.intuit.karate - request:
1 > POST https://conduit-api.bondaracademy.com/api/users/login
1 > Content-Type: application/json; charset=UTF-8
1 > Content-Length: 65
1 > Host: conduit-api.bondaracademy.com
1 > Connection: Keep-Alive
1 > User-Agent: Apache-HttpClient/4.5.14 (Java/17.0.12)
1 > Accept-Encoding: gzip,deflate
{"user":{"email":"pruebakarate@test.com","password":"karate123"}}

02:36:20.404 [main] DEBUG com.intuit.karate - response time in milliseconds: 885
1 < 200
1 < x-powered-by: Express
1 < vary: Origin
1 < content-type: application/json; charset=utf-8
1 < etag: W/"13e-nl2aWCYxV3BzVa64Vv8OYypeVUQ"
1 < x-cloud-trace-context: 8285961c6dbb9d64e90a45ec2ac0f098;o=1
1 < date: Wed, 13 Aug 2025 07:36:20 GMT
1 < server: Google Frontend
1 < Content-Length: 318
{"user":{"email":"pruebakarate@test.com","username":"Alvariytomyg","bio":null,"image":"https://conduit-api.bondaracademy.com/images/smiley-cyrus.jpeg","token":"eyJhbGciOiJIUzI1NiIsInR5cCI6IkpXVCJ9.eyJ1c2VyIjp7ImlkIjoxMzE4Nn0sImlhdCI6MTc1NTA3MDU4MCwiZXhwIjoxNzYwMjU0NTgwfQ.ua5yqTR1iv8_fzhh0m28_p7B0Wlk6qHICA2u0DldfKg"}}

02:36:20.408 [main] INFO  com.intuit.karate - << lock released, cached callSingle: classpath:helpers/CreateToken.feature
02:36:20.412 [main] DEBUG com.intuit.karate - request:
1 > GET https://conduit-api.bondaracademy.com/api/tags
1 > Authorization: Token eyJhbGciOiJIUzI1NiIsInR5cCI6IkpXVCJ9.eyJ1c2VyIjp7ImlkIjoxMzE4Nn0sImlhdCI6MTc1NTA3MDU4MCwiZXhwIjoxNzYwMjU0NTgwfQ.ua5yqTR1iv8_fzhh0m28_p7B0Wlk6qHICA2u0DldfKg
1 > Host: conduit-api.bondaracademy.com
1 > Connection: Keep-Alive
1 > User-Agent: Apache-HttpClient/4.5.14 (Java/17.0.12)
1 > Accept-Encoding: gzip,deflate


02:36:21.373 [main] DEBUG com.intuit.karate - response time in milliseconds: 959
1 < 200
1 < x-powered-by: Express
1 < vary: Origin
1 < content-type: application/json; charset=utf-8
1 < etag: W/"65-XAqp9RO5/GurIdusYmbGg8NPW48"
1 < x-cloud-trace-context: 399fa14311a12cf4d1bf9c41fabb5def
1 < date: Wed, 13 Aug 2025 07:36:21 GMT
1 < server: Google Frontend
1 < Content-Length: 101
{"tags":["Test","Git","YouTube","Zoom","Blog","Bondar Academy","Enroll","Exam","Community","GitHub"]}

02:36:21.390 [main] INFO  com.intuit.karate - karate.env system property was: null 
02:36:21.400 [main] DEBUG com.intuit.karate - request:
1 > GET https://conduit-api.bondaracademy.com/api/articles?limt=10&offset=0
1 > Authorization: Token eyJhbGciOiJIUzI1NiIsInR5cCI6IkpXVCJ9.eyJ1c2VyIjp7ImlkIjoxMzE4Nn0sImlhdCI6MTc1NTA3MDU4MCwiZXhwIjoxNzYwMjU0NTgwfQ.ua5yqTR1iv8_fzhh0m28_p7B0Wlk6qHICA2u0DldfKg
1 > Host: conduit-api.bondaracademy.com
1 > Connection: Keep-Alive
1 > User-Agent: Apache-HttpClient/4.5.14 (Java/17.0.12)
1 > Accept-Encoding: gzip,deflate


02:36:22.695 [main] DEBUG com.intuit.karate - response time in milliseconds: 1293
1 < 200
1 < x-powered-by: Express
1 < vary: Origin
1 < content-type: application/json; charset=utf-8
1 < etag: W/"28e1-8lgXoYOslxN9R6eEWs0gkt9L6LQ"
1 < x-cloud-trace-context: 6e513f49cc54a1f4a9cb8f7fdd8eef8a
1 < date: Wed, 13 Aug 2025 07:36:22 GMT
1 < server: Google Frontend
1 < Content-Length: 10465
{"articles":[{"slug":"Creando-Articulo13-13186","title":"Creando Articulo13","description":"es una prueba11","body":"practicando Karate11","tagList":[],"createdAt":"2025-08-13T02:43:35.040Z","updatedAt":"2025-08-13T02:43:35.040Z","favorited":false,"favoritesCount":0,"author":{"username":"Alvariytomyg","bio":null,"image":"https://conduit-api.bondaracademy.com/images/smiley-cyrus.jpeg","following":false}},{"slug":"Creando-Articulo12-13186","title":"Creando Articulo12","description":"es una prueba12","body":"practicando Karate12","tagList":[],"createdAt":"2025-08-13T02:02:35.692Z","updatedAt":"2025-08-13T02:02:35.692Z","favorited":false,"favoritesCount":0,"author":{"username":"Alvariytomyg","bio":null,"image":"https://conduit-api.bondaracademy.com/images/smiley-cyrus.jpeg","following":false}},{"slug":"Probando-Articulo9-13186","title":"Probando Articulo9","description":"es una prueba9","body":"practicando Karate9","tagList":[],"createdAt":"2025-06-25T21:57:45.735Z","updatedAt":"2025-06-25T21:57:45.735Z","favorited":false,"favoritesCount":0,"author":{"username":"Alvariytomyg","bio":null,"image":"https://conduit-api.bondaracademy.com/images/smiley-cyrus.jpeg","following":false}},{"slug":"Probando-Articulo8-13186","title":"Probando Articulo8","description":"es una prueba8","body":"practicando Karate8","tagList":[],"createdAt":"2025-05-26T01:08:04.570Z","updatedAt":"2025-05-26T01:08:04.570Z","favorited":false,"favoritesCount":0,"author":{"username":"Alvariytomyg","bio":null,"image":"https://conduit-api.bondaracademy.com/images/smiley-cyrus.jpeg","following":false}},{"slug":"Probando-Articulo7-13186","title":"Probando Articulo7","description":"es una prueba7","body":"practicando Karate6","tagList":[],"createdAt":"2025-05-26T00:30:47.752Z","updatedAt":"2025-05-26T00:30:47.752Z","favorited":false,"favoritesCount":0,"author":{"username":"Alvariytomyg","bio":null,"image":"https://conduit-api.bondaracademy.com/images/smiley-cyrus.jpeg","following":false}},{"slug":"Probando-Articulo6-13186","title":"Probando Articulo6","description":"es una prueba6","body":"practicando Karate6","tagList":[],"createdAt":"2025-05-26T00:27:03.581Z","updatedAt":"2025-05-26T00:27:03.581Z","favorited":false,"favoritesCount":0,"author":{"username":"Alvariytomyg","bio":null,"image":"https://conduit-api.bondaracademy.com/images/smiley-cyrus.jpeg","following":false}},{"slug":"Discover-Bondar-Academy:-Your-Gateway-to-Efficient-Learning-1","title":"Discover Bondar Academy: Your Gateway to Efficient Learning","description":"Discover Bondar Academy's unique place in the educational landscape, where value-focused and efficient learning approaches converge. Our goal is to rapidly enhance your professional technical skills, boosting your market competitiveness and paving the way for higher-paying job opportunities. The speed of your progress is in your hands – you set the pace, and we provide the solutions and support to help you achieve your desired outcomes.","body":"Bondar Academy is a leading platform for efficient education, designed to boost your technical skills and advance your career in Quality Assurance (QA). Our program features a balanced mix of pre-recorded lectures and live sessions, allowing each student to study at their own pace and at a time that suits them. \n\nOur instructors are readily available on our Slack Workspace for support. Whether it's a quick question or a more complex issue requiring a Zoom call or Slack Huddle for screen sharing and live discussion, we're here to assist. Additionally, each class comes with a comprehensive question bank for self-assessment. Following each lecture, you have the opportunity to validate your understanding and readiness to progress to the next topic. You set the pace, and we provide the solutions to ensure you achieve your desired outcomes.\n\nSignUp today: https://www.bondaracademy.com","tagList":["qa career","Bondar Academy","QA Skills","Value-Focused"],"createdAt":"2024-01-27T21:52:32.682Z","updatedAt":"2024-01-27T21:52:32.682Z","favorited":false,"favoritesCount":732,"author":{"username":"Artem Bondar","bio":null,"image":"https://storage.googleapis.com/bondar-academy-visuals/Android.png","following":false}},{"slug":"The-value-of-pre-recorded-video-classes.-The-most-efficient-approach-to-tranfer-the-knowledge-1","title":"The value of pre-recorded video classes. The most efficient approach to tranfer the knowledge","description":"As educational practices evolve, video tutorials have emerged as the most efficient method for imparting theoretical knowledge. At Bondar Academy, we prioritize expertly structured and crafted video tutorials, ensuring you learn quickly and effectively and advance your skills.","body":"At Bondar Academy, we prioritize the value of your time and the efficiency of your education, distinguishing our approach from traditional colleges and live boot camps. Forget long, tedious live lectures on a fixed schedule. With us, you learn at your convenience and pace through optimized, structured video lectures. \n\nWe understand your goal is rapid knowledge acquisition. Our pre-recorded and well-organized lectures are designed precisely for this, ensuring no slowdowns from group dynamics or unrelated instructor anecdotes. \n\nDive straight into the subject matter, learn efficiently, and if questions arise, our immediate support on the Slack Workspace is there to streamline your learning process and swiftly remove any roadblocks.","tagList":["Bondar Academy","Video Lectures","Tutorials"],"createdAt":"2024-01-27T21:50:38.825Z","updatedAt":"2024-01-27T21:50:38.825Z","favorited":false,"favoritesCount":258,"author":{"username":"Artem Bondar","bio":null,"image":"https://storage.googleapis.com/bondar-academy-visuals/Android.png","following":false}},{"slug":"Mastering-Knowledge-with-Self-Assessments:-Identifying-and-Bridging-Learning-Gaps-in-Education-1","title":"Mastering Knowledge with Self-Assessments: Identifying and Bridging Learning Gaps in Education","description":"Self-assessment is an essential tool for gauging your understanding of lecture material. It answers critical questions: Have you grasped everything correctly? Is there anything you've missed? Are you prepared for the next lesson? These assessments ensure that you build a solid foundation of knowledge, confidently and efficiently paving the way for swift progress and effective learning outcomes.","body":"Traditional educational institutions, such as colleges and universities, commonly use tests and assessments to measure knowledge. This approach is effective for gauging student performance, but it's not without drawbacks. In these settings, assessments after every lecture aren't feasible due to the time required for teachers to evaluate them. This often leads to students having a false sense of understanding, believing they've comprehended all aspects of a lecture when, in reality, small but crucial details might be missed. These 'knowledge gaps' can accumulate, making more complex topics difficult to grasp later on.\n\nAt Bondar Academy, we address this challenge by implementing self-assessments after every lecture. These are designed to cover key questions that ensure a thorough understanding of the material, essential for comfort and success in future lectures. The number of questions varies, ranging from 3-4 to 15-20, depending on the lecture's significance and the volume of critical information. With these self-assessments, students receive immediate feedback, helping them determine if they've fully understood the lecture or if they need to revisit certain parts or seek assistance from our instructors in the Slack Workspace.","tagList":["Self-Assessment","Test","Exam"],"createdAt":"2024-01-27T21:48:36.340Z","updatedAt":"2024-01-27T21:48:36.340Z","favorited":false,"favoritesCount":67,"author":{"username":"Artem Bondar","bio":null,"image":"https://storage.googleapis.com/bondar-academy-visuals/Android.png","following":false}},{"slug":"Practical-Implementation-of-Skills:-Homework-Assignments-with-Instructor-Supervision-1","title":"Practical Implementation of Skills: Homework Assignments with Instructor Supervision","description":"Knowledge or skills not reinforced through practical exercises can quickly fade, often faster than anticipated. Homework, particularly in tasks like writing your own code, is crucial for honing these skills and cementing your understanding. At Bondar Academy, we ensure this vital step by assigning homework, rigorously evaluating the outcomes, and providing valuable feedback to guide your learning journey.","body":"Homework assignments are a fundamental component of the educational methodology at Bondar Academy, especially in technical education where learning a new programming language or framework is involved. The key to mastering these skills lies in writing code; the more you write, the better you become. However, merely replicating code seen in lectures leads to minimal learning. Often, this approach leaves students unclear about why their code works the way it does, as they focus on copying rather than understanding.\n\nA homework assignment at Bondar Academy starts with a blank page, challenging students to apply all their knowledge to write the first line of code. This process is more demanding than it appears. As you write each line, understanding and reasoning grow, making your code meaningful and comprehensible. You learn to write code that makes sense to you, enhancing your understanding.\n\nIn completing these assignments, you engage the 'thinking' part of your brain, transforming theoretical knowledge into practical skills. Recognizing the crucial role of homework in learning, our instructors at Bondar Academy are always available to assist with any challenges. Just reach out on Slack, and you'll receive the guidance and support needed for successful completion. At Bondar Academy, we fully understand the importance of homework assignments for the best outcome, so our instructors are always here to assist if you have any difficulties with completing them. Just ask in Slack and you'll be guided and assisted.","tagList":["Homework","Assignments","Practice","Coding"],"createdAt":"2024-01-27T21:46:09.512Z","updatedAt":"2024-01-27T21:46:09.512Z","favorited":false,"favoritesCount":37,"author":{"username":"Artem Bondar","bio":null,"image":"https://storage.googleapis.com/bondar-academy-visuals/Android.png","following":false}}],"articlesCount":16}

02:36:23.028 [main] INFO  com.intuit.karate - karate.env system property was: null 
02:36:23.183 [main] DEBUG com.intuit.karate - request:
1 > POST https://conduit-api.bondaracademy.com/api/users
1 > Authorization: Token eyJhbGciOiJIUzI1NiIsInR5cCI6IkpXVCJ9.eyJ1c2VyIjp7ImlkIjoxMzE4Nn0sImlhdCI6MTc1NTA3MDU4MCwiZXhwIjoxNzYwMjU0NTgwfQ.ua5yqTR1iv8_fzhh0m28_p7B0Wlk6qHICA2u0DldfKg
1 > Content-Type: application/json; charset=UTF-8
1 > Content-Length: 85
1 > Host: conduit-api.bondaracademy.com
1 > Connection: Keep-Alive
1 > User-Agent: Apache-HttpClient/4.5.14 (Java/17.0.12)
1 > Accept-Encoding: gzip,deflate
{"user":{"email":"penney86@test.com","password":"12345alv","username":"olivia.howe"}}

02:36:23.986 [main] DEBUG com.intuit.karate - response time in milliseconds: 803
1 < 201
1 < x-powered-by: Express
1 < vary: Origin
1 < content-type: application/json; charset=utf-8
1 < etag: W/"144-H55hABTNnBWqRPU3ay7cGHgNJAw"
1 < x-cloud-trace-context: 88eec25f8f91730eba2193d2e0b58102
1 < date: Wed, 13 Aug 2025 07:36:23 GMT
1 < server: Google Frontend
1 < Content-Length: 324
{"user":{"id":31828,"email":"penney86@test.com","username":"olivia.howe","bio":null,"image":"https://conduit-api.bondaracademy.com/images/smiley-cyrus.jpeg","token":"eyJhbGciOiJIUzI1NiIsInR5cCI6IkpXVCJ9.eyJ1c2VyIjp7ImlkIjozMTgyOH0sImlhdCI6MTc1NTA3MDU4MywiZXhwIjoxNzYwMjU0NTgzfQ.Jvz1DGUtiK4TQDz1QQopUpYyMikwxzZsyp4A9tsMM2U"}}

02:36:23.992 [main] ERROR com.intuit.karate - classpath:conduitApp/feature/SignUp.feature:26
And match reponse ==
"""
{
    "user": {
        "id": '#number',
        "email": #(randomEmail),
        "username": #(randomUsername),
        "bio": null,
        "image": null,
        "token": "#string"
    }
}
"""
js failed:
>>>>
01: reponse
<<<<
org.graalvm.polyglot.PolyglotException: ReferenceError: "reponse" is not defined
- <js>.:program(Unnamed:1)

classpath:conduitApp/feature/SignUp.feature:26
02:36:43.604 [main] INFO  com.intuit.karate.Runner - using system property 'karate.options': --tags @debug
02:36:43.815 [main] DEBUG com.intuit.karate.Suite - [config] classpath:karate-config.js
02:36:44.362 [main] INFO  com.intuit.karate - karate.env system property was: null 
02:36:44.365 [main] INFO  com.intuit.karate - >> lock acquired, begin callSingle: classpath:helpers/CreateToken.feature
02:36:44.562 [main] DEBUG com.intuit.karate - request:
1 > POST https://conduit-api.bondaracademy.com/api/users/login
1 > Content-Type: application/json; charset=UTF-8
1 > Content-Length: 65
1 > Host: conduit-api.bondaracademy.com
1 > Connection: Keep-Alive
1 > User-Agent: Apache-HttpClient/4.5.14 (Java/17.0.12)
1 > Accept-Encoding: gzip,deflate
{"user":{"email":"pruebakarate@test.com","password":"karate123"}}

02:36:45.429 [main] DEBUG com.intuit.karate - response time in milliseconds: 865
1 < 200
1 < x-powered-by: Express
1 < vary: Origin
1 < content-type: application/json; charset=utf-8
1 < etag: W/"13e-TrUTL/0YOkP89M+yGeFagchK6PY"
1 < x-cloud-trace-context: 39794e086755c66bdd80658f2d0470f0;o=1
1 < date: Wed, 13 Aug 2025 07:36:45 GMT
1 < server: Google Frontend
1 < Content-Length: 318
{"user":{"email":"pruebakarate@test.com","username":"Alvariytomyg","bio":null,"image":"https://conduit-api.bondaracademy.com/images/smiley-cyrus.jpeg","token":"eyJhbGciOiJIUzI1NiIsInR5cCI6IkpXVCJ9.eyJ1c2VyIjp7ImlkIjoxMzE4Nn0sImlhdCI6MTc1NTA3MDYwNSwiZXhwIjoxNzYwMjU0NjA1fQ.zy4jUKkklq9mAUvHLQXJEelty5rvfJ1hCKumwA0oab0"}}

02:36:45.432 [main] INFO  com.intuit.karate - << lock released, cached callSingle: classpath:helpers/CreateToken.feature
02:36:45.437 [main] DEBUG com.intuit.karate - request:
1 > GET https://conduit-api.bondaracademy.com/api/tags
1 > Authorization: Token eyJhbGciOiJIUzI1NiIsInR5cCI6IkpXVCJ9.eyJ1c2VyIjp7ImlkIjoxMzE4Nn0sImlhdCI6MTc1NTA3MDYwNSwiZXhwIjoxNzYwMjU0NjA1fQ.zy4jUKkklq9mAUvHLQXJEelty5rvfJ1hCKumwA0oab0
1 > Host: conduit-api.bondaracademy.com
1 > Connection: Keep-Alive
1 > User-Agent: Apache-HttpClient/4.5.14 (Java/17.0.12)
1 > Accept-Encoding: gzip,deflate


02:36:46.166 [main] DEBUG com.intuit.karate - response time in milliseconds: 729
1 < 200
1 < x-powered-by: Express
1 < vary: Origin
1 < content-type: application/json; charset=utf-8
1 < etag: W/"65-XAqp9RO5/GurIdusYmbGg8NPW48"
1 < x-cloud-trace-context: b03fd2431148b40e5962133af6be89f8
1 < date: Wed, 13 Aug 2025 07:36:46 GMT
1 < server: Google Frontend
1 < Content-Length: 101
{"tags":["Test","Git","YouTube","Zoom","Blog","Bondar Academy","Enroll","Exam","Community","GitHub"]}

02:36:46.185 [main] INFO  com.intuit.karate - karate.env system property was: null 
02:36:46.195 [main] DEBUG com.intuit.karate - request:
1 > GET https://conduit-api.bondaracademy.com/api/articles?limt=10&offset=0
1 > Authorization: Token eyJhbGciOiJIUzI1NiIsInR5cCI6IkpXVCJ9.eyJ1c2VyIjp7ImlkIjoxMzE4Nn0sImlhdCI6MTc1NTA3MDYwNSwiZXhwIjoxNzYwMjU0NjA1fQ.zy4jUKkklq9mAUvHLQXJEelty5rvfJ1hCKumwA0oab0
1 > Host: conduit-api.bondaracademy.com
1 > Connection: Keep-Alive
1 > User-Agent: Apache-HttpClient/4.5.14 (Java/17.0.12)
1 > Accept-Encoding: gzip,deflate


02:36:46.882 [main] DEBUG com.intuit.karate - response time in milliseconds: 687
1 < 200
1 < x-powered-by: Express
1 < vary: Origin
1 < content-type: application/json; charset=utf-8
1 < etag: W/"28e1-8lgXoYOslxN9R6eEWs0gkt9L6LQ"
1 < x-cloud-trace-context: c386f5f229ad97e565b052460563b4e3
1 < date: Wed, 13 Aug 2025 07:36:46 GMT
1 < server: Google Frontend
1 < Content-Length: 10465
{"articles":[{"slug":"Creando-Articulo13-13186","title":"Creando Articulo13","description":"es una prueba11","body":"practicando Karate11","tagList":[],"createdAt":"2025-08-13T02:43:35.040Z","updatedAt":"2025-08-13T02:43:35.040Z","favorited":false,"favoritesCount":0,"author":{"username":"Alvariytomyg","bio":null,"image":"https://conduit-api.bondaracademy.com/images/smiley-cyrus.jpeg","following":false}},{"slug":"Creando-Articulo12-13186","title":"Creando Articulo12","description":"es una prueba12","body":"practicando Karate12","tagList":[],"createdAt":"2025-08-13T02:02:35.692Z","updatedAt":"2025-08-13T02:02:35.692Z","favorited":false,"favoritesCount":0,"author":{"username":"Alvariytomyg","bio":null,"image":"https://conduit-api.bondaracademy.com/images/smiley-cyrus.jpeg","following":false}},{"slug":"Probando-Articulo9-13186","title":"Probando Articulo9","description":"es una prueba9","body":"practicando Karate9","tagList":[],"createdAt":"2025-06-25T21:57:45.735Z","updatedAt":"2025-06-25T21:57:45.735Z","favorited":false,"favoritesCount":0,"author":{"username":"Alvariytomyg","bio":null,"image":"https://conduit-api.bondaracademy.com/images/smiley-cyrus.jpeg","following":false}},{"slug":"Probando-Articulo8-13186","title":"Probando Articulo8","description":"es una prueba8","body":"practicando Karate8","tagList":[],"createdAt":"2025-05-26T01:08:04.570Z","updatedAt":"2025-05-26T01:08:04.570Z","favorited":false,"favoritesCount":0,"author":{"username":"Alvariytomyg","bio":null,"image":"https://conduit-api.bondaracademy.com/images/smiley-cyrus.jpeg","following":false}},{"slug":"Probando-Articulo7-13186","title":"Probando Articulo7","description":"es una prueba7","body":"practicando Karate6","tagList":[],"createdAt":"2025-05-26T00:30:47.752Z","updatedAt":"2025-05-26T00:30:47.752Z","favorited":false,"favoritesCount":0,"author":{"username":"Alvariytomyg","bio":null,"image":"https://conduit-api.bondaracademy.com/images/smiley-cyrus.jpeg","following":false}},{"slug":"Probando-Articulo6-13186","title":"Probando Articulo6","description":"es una prueba6","body":"practicando Karate6","tagList":[],"createdAt":"2025-05-26T00:27:03.581Z","updatedAt":"2025-05-26T00:27:03.581Z","favorited":false,"favoritesCount":0,"author":{"username":"Alvariytomyg","bio":null,"image":"https://conduit-api.bondaracademy.com/images/smiley-cyrus.jpeg","following":false}},{"slug":"Discover-Bondar-Academy:-Your-Gateway-to-Efficient-Learning-1","title":"Discover Bondar Academy: Your Gateway to Efficient Learning","description":"Discover Bondar Academy's unique place in the educational landscape, where value-focused and efficient learning approaches converge. Our goal is to rapidly enhance your professional technical skills, boosting your market competitiveness and paving the way for higher-paying job opportunities. The speed of your progress is in your hands – you set the pace, and we provide the solutions and support to help you achieve your desired outcomes.","body":"Bondar Academy is a leading platform for efficient education, designed to boost your technical skills and advance your career in Quality Assurance (QA). Our program features a balanced mix of pre-recorded lectures and live sessions, allowing each student to study at their own pace and at a time that suits them. \n\nOur instructors are readily available on our Slack Workspace for support. Whether it's a quick question or a more complex issue requiring a Zoom call or Slack Huddle for screen sharing and live discussion, we're here to assist. Additionally, each class comes with a comprehensive question bank for self-assessment. Following each lecture, you have the opportunity to validate your understanding and readiness to progress to the next topic. You set the pace, and we provide the solutions to ensure you achieve your desired outcomes.\n\nSignUp today: https://www.bondaracademy.com","tagList":["qa career","Bondar Academy","QA Skills","Value-Focused"],"createdAt":"2024-01-27T21:52:32.682Z","updatedAt":"2024-01-27T21:52:32.682Z","favorited":false,"favoritesCount":732,"author":{"username":"Artem Bondar","bio":null,"image":"https://storage.googleapis.com/bondar-academy-visuals/Android.png","following":false}},{"slug":"The-value-of-pre-recorded-video-classes.-The-most-efficient-approach-to-tranfer-the-knowledge-1","title":"The value of pre-recorded video classes. The most efficient approach to tranfer the knowledge","description":"As educational practices evolve, video tutorials have emerged as the most efficient method for imparting theoretical knowledge. At Bondar Academy, we prioritize expertly structured and crafted video tutorials, ensuring you learn quickly and effectively and advance your skills.","body":"At Bondar Academy, we prioritize the value of your time and the efficiency of your education, distinguishing our approach from traditional colleges and live boot camps. Forget long, tedious live lectures on a fixed schedule. With us, you learn at your convenience and pace through optimized, structured video lectures. \n\nWe understand your goal is rapid knowledge acquisition. Our pre-recorded and well-organized lectures are designed precisely for this, ensuring no slowdowns from group dynamics or unrelated instructor anecdotes. \n\nDive straight into the subject matter, learn efficiently, and if questions arise, our immediate support on the Slack Workspace is there to streamline your learning process and swiftly remove any roadblocks.","tagList":["Bondar Academy","Video Lectures","Tutorials"],"createdAt":"2024-01-27T21:50:38.825Z","updatedAt":"2024-01-27T21:50:38.825Z","favorited":false,"favoritesCount":258,"author":{"username":"Artem Bondar","bio":null,"image":"https://storage.googleapis.com/bondar-academy-visuals/Android.png","following":false}},{"slug":"Mastering-Knowledge-with-Self-Assessments:-Identifying-and-Bridging-Learning-Gaps-in-Education-1","title":"Mastering Knowledge with Self-Assessments: Identifying and Bridging Learning Gaps in Education","description":"Self-assessment is an essential tool for gauging your understanding of lecture material. It answers critical questions: Have you grasped everything correctly? Is there anything you've missed? Are you prepared for the next lesson? These assessments ensure that you build a solid foundation of knowledge, confidently and efficiently paving the way for swift progress and effective learning outcomes.","body":"Traditional educational institutions, such as colleges and universities, commonly use tests and assessments to measure knowledge. This approach is effective for gauging student performance, but it's not without drawbacks. In these settings, assessments after every lecture aren't feasible due to the time required for teachers to evaluate them. This often leads to students having a false sense of understanding, believing they've comprehended all aspects of a lecture when, in reality, small but crucial details might be missed. These 'knowledge gaps' can accumulate, making more complex topics difficult to grasp later on.\n\nAt Bondar Academy, we address this challenge by implementing self-assessments after every lecture. These are designed to cover key questions that ensure a thorough understanding of the material, essential for comfort and success in future lectures. The number of questions varies, ranging from 3-4 to 15-20, depending on the lecture's significance and the volume of critical information. With these self-assessments, students receive immediate feedback, helping them determine if they've fully understood the lecture or if they need to revisit certain parts or seek assistance from our instructors in the Slack Workspace.","tagList":["Self-Assessment","Test","Exam"],"createdAt":"2024-01-27T21:48:36.340Z","updatedAt":"2024-01-27T21:48:36.340Z","favorited":false,"favoritesCount":67,"author":{"username":"Artem Bondar","bio":null,"image":"https://storage.googleapis.com/bondar-academy-visuals/Android.png","following":false}},{"slug":"Practical-Implementation-of-Skills:-Homework-Assignments-with-Instructor-Supervision-1","title":"Practical Implementation of Skills: Homework Assignments with Instructor Supervision","description":"Knowledge or skills not reinforced through practical exercises can quickly fade, often faster than anticipated. Homework, particularly in tasks like writing your own code, is crucial for honing these skills and cementing your understanding. At Bondar Academy, we ensure this vital step by assigning homework, rigorously evaluating the outcomes, and providing valuable feedback to guide your learning journey.","body":"Homework assignments are a fundamental component of the educational methodology at Bondar Academy, especially in technical education where learning a new programming language or framework is involved. The key to mastering these skills lies in writing code; the more you write, the better you become. However, merely replicating code seen in lectures leads to minimal learning. Often, this approach leaves students unclear about why their code works the way it does, as they focus on copying rather than understanding.\n\nA homework assignment at Bondar Academy starts with a blank page, challenging students to apply all their knowledge to write the first line of code. This process is more demanding than it appears. As you write each line, understanding and reasoning grow, making your code meaningful and comprehensible. You learn to write code that makes sense to you, enhancing your understanding.\n\nIn completing these assignments, you engage the 'thinking' part of your brain, transforming theoretical knowledge into practical skills. Recognizing the crucial role of homework in learning, our instructors at Bondar Academy are always available to assist with any challenges. Just reach out on Slack, and you'll receive the guidance and support needed for successful completion. At Bondar Academy, we fully understand the importance of homework assignments for the best outcome, so our instructors are always here to assist if you have any difficulties with completing them. Just ask in Slack and you'll be guided and assisted.","tagList":["Homework","Assignments","Practice","Coding"],"createdAt":"2024-01-27T21:46:09.512Z","updatedAt":"2024-01-27T21:46:09.512Z","favorited":false,"favoritesCount":37,"author":{"username":"Artem Bondar","bio":null,"image":"https://storage.googleapis.com/bondar-academy-visuals/Android.png","following":false}}],"articlesCount":16}

02:36:47.230 [main] INFO  com.intuit.karate - karate.env system property was: null 
02:36:47.378 [main] DEBUG com.intuit.karate - request:
1 > POST https://conduit-api.bondaracademy.com/api/users
1 > Authorization: Token eyJhbGciOiJIUzI1NiIsInR5cCI6IkpXVCJ9.eyJ1c2VyIjp7ImlkIjoxMzE4Nn0sImlhdCI6MTc1NTA3MDYwNSwiZXhwIjoxNzYwMjU0NjA1fQ.zy4jUKkklq9mAUvHLQXJEelty5rvfJ1hCKumwA0oab0
1 > Content-Type: application/json; charset=UTF-8
1 > Content-Length: 84
1 > Host: conduit-api.bondaracademy.com
1 > Connection: Keep-Alive
1 > User-Agent: Apache-HttpClient/4.5.14 (Java/17.0.12)
1 > Accept-Encoding: gzip,deflate
{"user":{"email":"chester0@test.com","password":"12345alv","username":"caleb.kris"}}

02:36:48.184 [main] DEBUG com.intuit.karate - response time in milliseconds: 805
1 < 201
1 < x-powered-by: Express
1 < vary: Origin
1 < content-type: application/json; charset=utf-8
1 < etag: W/"143-rOhFdyi0dzFAXjglK4tY1VjKfc8"
1 < x-cloud-trace-context: f59f9efd4505d6e34d080b170b1534e0
1 < date: Wed, 13 Aug 2025 07:36:48 GMT
1 < server: Google Frontend
1 < Content-Length: 323
{"user":{"id":31829,"email":"chester0@test.com","username":"caleb.kris","bio":null,"image":"https://conduit-api.bondaracademy.com/images/smiley-cyrus.jpeg","token":"eyJhbGciOiJIUzI1NiIsInR5cCI6IkpXVCJ9.eyJ1c2VyIjp7ImlkIjozMTgyOX0sImlhdCI6MTc1NTA3MDYwOCwiZXhwIjoxNzYwMjU0NjA4fQ.Ygq7rkyAOO-v2eG3d-XS4HKH8y_vmowRG_B-6yi3bdE"}}

02:36:48.191 [main] ERROR com.intuit.karate - classpath:conduitApp/feature/SignUp.feature:26
And match reponse ==
"""
{
    "user": {
        "id": "#number",
        "email": #(randomEmail),
        "username": #(randomUsername),
        "bio": null,
        "image": null,
        "token": "#string"
    }
}
"""
js failed:
>>>>
01: reponse
<<<<
org.graalvm.polyglot.PolyglotException: ReferenceError: "reponse" is not defined
- <js>.:program(Unnamed:1)

classpath:conduitApp/feature/SignUp.feature:26
02:37:14.761 [main] INFO  com.intuit.karate.Runner - using system property 'karate.options': --tags @debug
02:37:14.969 [main] DEBUG com.intuit.karate.Suite - [config] classpath:karate-config.js
02:37:15.492 [main] INFO  com.intuit.karate - karate.env system property was: null 
02:37:15.495 [main] INFO  com.intuit.karate - >> lock acquired, begin callSingle: classpath:helpers/CreateToken.feature
02:37:15.700 [main] DEBUG com.intuit.karate - request:
1 > POST https://conduit-api.bondaracademy.com/api/users/login
1 > Content-Type: application/json; charset=UTF-8
1 > Content-Length: 65
1 > Host: conduit-api.bondaracademy.com
1 > Connection: Keep-Alive
1 > User-Agent: Apache-HttpClient/4.5.14 (Java/17.0.12)
1 > Accept-Encoding: gzip,deflate
{"user":{"email":"pruebakarate@test.com","password":"karate123"}}

02:37:16.661 [main] DEBUG com.intuit.karate - response time in milliseconds: 958
1 < 200
1 < x-powered-by: Express
1 < vary: Origin
1 < content-type: application/json; charset=utf-8
1 < etag: W/"13e-GUJsZBLRVzij8kEzAv4MMqNIetg"
1 < x-cloud-trace-context: 7369e0a8232ceae70c04410b203e3f8b;o=1
1 < date: Wed, 13 Aug 2025 07:37:16 GMT
1 < server: Google Frontend
1 < Content-Length: 318
{"user":{"email":"pruebakarate@test.com","username":"Alvariytomyg","bio":null,"image":"https://conduit-api.bondaracademy.com/images/smiley-cyrus.jpeg","token":"eyJhbGciOiJIUzI1NiIsInR5cCI6IkpXVCJ9.eyJ1c2VyIjp7ImlkIjoxMzE4Nn0sImlhdCI6MTc1NTA3MDYzNiwiZXhwIjoxNzYwMjU0NjM2fQ.PJqKaljW4lrdAr6rfnqtr_UBXTRJ-mG92HFgMfM87Ao"}}

02:37:16.665 [main] INFO  com.intuit.karate - << lock released, cached callSingle: classpath:helpers/CreateToken.feature
02:37:16.669 [main] DEBUG com.intuit.karate - request:
1 > GET https://conduit-api.bondaracademy.com/api/tags
1 > Authorization: Token eyJhbGciOiJIUzI1NiIsInR5cCI6IkpXVCJ9.eyJ1c2VyIjp7ImlkIjoxMzE4Nn0sImlhdCI6MTc1NTA3MDYzNiwiZXhwIjoxNzYwMjU0NjM2fQ.PJqKaljW4lrdAr6rfnqtr_UBXTRJ-mG92HFgMfM87Ao
1 > Host: conduit-api.bondaracademy.com
1 > Connection: Keep-Alive
1 > User-Agent: Apache-HttpClient/4.5.14 (Java/17.0.12)
1 > Accept-Encoding: gzip,deflate


02:37:17.433 [main] DEBUG com.intuit.karate - response time in milliseconds: 762
1 < 200
1 < x-powered-by: Express
1 < vary: Origin
1 < content-type: application/json; charset=utf-8
1 < etag: W/"65-XAqp9RO5/GurIdusYmbGg8NPW48"
1 < x-cloud-trace-context: 8c29094f09ed2c2634d6461cf863f212
1 < date: Wed, 13 Aug 2025 07:37:17 GMT
1 < server: Google Frontend
1 < Content-Length: 101
{"tags":["Test","Git","YouTube","Zoom","Blog","Bondar Academy","Enroll","Exam","Community","GitHub"]}

02:37:17.450 [main] INFO  com.intuit.karate - karate.env system property was: null 
02:37:17.459 [main] DEBUG com.intuit.karate - request:
1 > GET https://conduit-api.bondaracademy.com/api/articles?limt=10&offset=0
1 > Authorization: Token eyJhbGciOiJIUzI1NiIsInR5cCI6IkpXVCJ9.eyJ1c2VyIjp7ImlkIjoxMzE4Nn0sImlhdCI6MTc1NTA3MDYzNiwiZXhwIjoxNzYwMjU0NjM2fQ.PJqKaljW4lrdAr6rfnqtr_UBXTRJ-mG92HFgMfM87Ao
1 > Host: conduit-api.bondaracademy.com
1 > Connection: Keep-Alive
1 > User-Agent: Apache-HttpClient/4.5.14 (Java/17.0.12)
1 > Accept-Encoding: gzip,deflate


02:37:18.152 [main] DEBUG com.intuit.karate - response time in milliseconds: 692
1 < 200
1 < x-powered-by: Express
1 < vary: Origin
1 < content-type: application/json; charset=utf-8
1 < etag: W/"28e1-8lgXoYOslxN9R6eEWs0gkt9L6LQ"
1 < x-cloud-trace-context: ef3b7d9df55afa982f4c1a926e3e22d3
1 < date: Wed, 13 Aug 2025 07:37:18 GMT
1 < server: Google Frontend
1 < Content-Length: 10465
{"articles":[{"slug":"Creando-Articulo13-13186","title":"Creando Articulo13","description":"es una prueba11","body":"practicando Karate11","tagList":[],"createdAt":"2025-08-13T02:43:35.040Z","updatedAt":"2025-08-13T02:43:35.040Z","favorited":false,"favoritesCount":0,"author":{"username":"Alvariytomyg","bio":null,"image":"https://conduit-api.bondaracademy.com/images/smiley-cyrus.jpeg","following":false}},{"slug":"Creando-Articulo12-13186","title":"Creando Articulo12","description":"es una prueba12","body":"practicando Karate12","tagList":[],"createdAt":"2025-08-13T02:02:35.692Z","updatedAt":"2025-08-13T02:02:35.692Z","favorited":false,"favoritesCount":0,"author":{"username":"Alvariytomyg","bio":null,"image":"https://conduit-api.bondaracademy.com/images/smiley-cyrus.jpeg","following":false}},{"slug":"Probando-Articulo9-13186","title":"Probando Articulo9","description":"es una prueba9","body":"practicando Karate9","tagList":[],"createdAt":"2025-06-25T21:57:45.735Z","updatedAt":"2025-06-25T21:57:45.735Z","favorited":false,"favoritesCount":0,"author":{"username":"Alvariytomyg","bio":null,"image":"https://conduit-api.bondaracademy.com/images/smiley-cyrus.jpeg","following":false}},{"slug":"Probando-Articulo8-13186","title":"Probando Articulo8","description":"es una prueba8","body":"practicando Karate8","tagList":[],"createdAt":"2025-05-26T01:08:04.570Z","updatedAt":"2025-05-26T01:08:04.570Z","favorited":false,"favoritesCount":0,"author":{"username":"Alvariytomyg","bio":null,"image":"https://conduit-api.bondaracademy.com/images/smiley-cyrus.jpeg","following":false}},{"slug":"Probando-Articulo7-13186","title":"Probando Articulo7","description":"es una prueba7","body":"practicando Karate6","tagList":[],"createdAt":"2025-05-26T00:30:47.752Z","updatedAt":"2025-05-26T00:30:47.752Z","favorited":false,"favoritesCount":0,"author":{"username":"Alvariytomyg","bio":null,"image":"https://conduit-api.bondaracademy.com/images/smiley-cyrus.jpeg","following":false}},{"slug":"Probando-Articulo6-13186","title":"Probando Articulo6","description":"es una prueba6","body":"practicando Karate6","tagList":[],"createdAt":"2025-05-26T00:27:03.581Z","updatedAt":"2025-05-26T00:27:03.581Z","favorited":false,"favoritesCount":0,"author":{"username":"Alvariytomyg","bio":null,"image":"https://conduit-api.bondaracademy.com/images/smiley-cyrus.jpeg","following":false}},{"slug":"Discover-Bondar-Academy:-Your-Gateway-to-Efficient-Learning-1","title":"Discover Bondar Academy: Your Gateway to Efficient Learning","description":"Discover Bondar Academy's unique place in the educational landscape, where value-focused and efficient learning approaches converge. Our goal is to rapidly enhance your professional technical skills, boosting your market competitiveness and paving the way for higher-paying job opportunities. The speed of your progress is in your hands – you set the pace, and we provide the solutions and support to help you achieve your desired outcomes.","body":"Bondar Academy is a leading platform for efficient education, designed to boost your technical skills and advance your career in Quality Assurance (QA). Our program features a balanced mix of pre-recorded lectures and live sessions, allowing each student to study at their own pace and at a time that suits them. \n\nOur instructors are readily available on our Slack Workspace for support. Whether it's a quick question or a more complex issue requiring a Zoom call or Slack Huddle for screen sharing and live discussion, we're here to assist. Additionally, each class comes with a comprehensive question bank for self-assessment. Following each lecture, you have the opportunity to validate your understanding and readiness to progress to the next topic. You set the pace, and we provide the solutions to ensure you achieve your desired outcomes.\n\nSignUp today: https://www.bondaracademy.com","tagList":["qa career","Bondar Academy","QA Skills","Value-Focused"],"createdAt":"2024-01-27T21:52:32.682Z","updatedAt":"2024-01-27T21:52:32.682Z","favorited":false,"favoritesCount":732,"author":{"username":"Artem Bondar","bio":null,"image":"https://storage.googleapis.com/bondar-academy-visuals/Android.png","following":false}},{"slug":"The-value-of-pre-recorded-video-classes.-The-most-efficient-approach-to-tranfer-the-knowledge-1","title":"The value of pre-recorded video classes. The most efficient approach to tranfer the knowledge","description":"As educational practices evolve, video tutorials have emerged as the most efficient method for imparting theoretical knowledge. At Bondar Academy, we prioritize expertly structured and crafted video tutorials, ensuring you learn quickly and effectively and advance your skills.","body":"At Bondar Academy, we prioritize the value of your time and the efficiency of your education, distinguishing our approach from traditional colleges and live boot camps. Forget long, tedious live lectures on a fixed schedule. With us, you learn at your convenience and pace through optimized, structured video lectures. \n\nWe understand your goal is rapid knowledge acquisition. Our pre-recorded and well-organized lectures are designed precisely for this, ensuring no slowdowns from group dynamics or unrelated instructor anecdotes. \n\nDive straight into the subject matter, learn efficiently, and if questions arise, our immediate support on the Slack Workspace is there to streamline your learning process and swiftly remove any roadblocks.","tagList":["Bondar Academy","Video Lectures","Tutorials"],"createdAt":"2024-01-27T21:50:38.825Z","updatedAt":"2024-01-27T21:50:38.825Z","favorited":false,"favoritesCount":258,"author":{"username":"Artem Bondar","bio":null,"image":"https://storage.googleapis.com/bondar-academy-visuals/Android.png","following":false}},{"slug":"Mastering-Knowledge-with-Self-Assessments:-Identifying-and-Bridging-Learning-Gaps-in-Education-1","title":"Mastering Knowledge with Self-Assessments: Identifying and Bridging Learning Gaps in Education","description":"Self-assessment is an essential tool for gauging your understanding of lecture material. It answers critical questions: Have you grasped everything correctly? Is there anything you've missed? Are you prepared for the next lesson? These assessments ensure that you build a solid foundation of knowledge, confidently and efficiently paving the way for swift progress and effective learning outcomes.","body":"Traditional educational institutions, such as colleges and universities, commonly use tests and assessments to measure knowledge. This approach is effective for gauging student performance, but it's not without drawbacks. In these settings, assessments after every lecture aren't feasible due to the time required for teachers to evaluate them. This often leads to students having a false sense of understanding, believing they've comprehended all aspects of a lecture when, in reality, small but crucial details might be missed. These 'knowledge gaps' can accumulate, making more complex topics difficult to grasp later on.\n\nAt Bondar Academy, we address this challenge by implementing self-assessments after every lecture. These are designed to cover key questions that ensure a thorough understanding of the material, essential for comfort and success in future lectures. The number of questions varies, ranging from 3-4 to 15-20, depending on the lecture's significance and the volume of critical information. With these self-assessments, students receive immediate feedback, helping them determine if they've fully understood the lecture or if they need to revisit certain parts or seek assistance from our instructors in the Slack Workspace.","tagList":["Self-Assessment","Test","Exam"],"createdAt":"2024-01-27T21:48:36.340Z","updatedAt":"2024-01-27T21:48:36.340Z","favorited":false,"favoritesCount":67,"author":{"username":"Artem Bondar","bio":null,"image":"https://storage.googleapis.com/bondar-academy-visuals/Android.png","following":false}},{"slug":"Practical-Implementation-of-Skills:-Homework-Assignments-with-Instructor-Supervision-1","title":"Practical Implementation of Skills: Homework Assignments with Instructor Supervision","description":"Knowledge or skills not reinforced through practical exercises can quickly fade, often faster than anticipated. Homework, particularly in tasks like writing your own code, is crucial for honing these skills and cementing your understanding. At Bondar Academy, we ensure this vital step by assigning homework, rigorously evaluating the outcomes, and providing valuable feedback to guide your learning journey.","body":"Homework assignments are a fundamental component of the educational methodology at Bondar Academy, especially in technical education where learning a new programming language or framework is involved. The key to mastering these skills lies in writing code; the more you write, the better you become. However, merely replicating code seen in lectures leads to minimal learning. Often, this approach leaves students unclear about why their code works the way it does, as they focus on copying rather than understanding.\n\nA homework assignment at Bondar Academy starts with a blank page, challenging students to apply all their knowledge to write the first line of code. This process is more demanding than it appears. As you write each line, understanding and reasoning grow, making your code meaningful and comprehensible. You learn to write code that makes sense to you, enhancing your understanding.\n\nIn completing these assignments, you engage the 'thinking' part of your brain, transforming theoretical knowledge into practical skills. Recognizing the crucial role of homework in learning, our instructors at Bondar Academy are always available to assist with any challenges. Just reach out on Slack, and you'll receive the guidance and support needed for successful completion. At Bondar Academy, we fully understand the importance of homework assignments for the best outcome, so our instructors are always here to assist if you have any difficulties with completing them. Just ask in Slack and you'll be guided and assisted.","tagList":["Homework","Assignments","Practice","Coding"],"createdAt":"2024-01-27T21:46:09.512Z","updatedAt":"2024-01-27T21:46:09.512Z","favorited":false,"favoritesCount":37,"author":{"username":"Artem Bondar","bio":null,"image":"https://storage.googleapis.com/bondar-academy-visuals/Android.png","following":false}}],"articlesCount":16}

02:37:18.500 [main] INFO  com.intuit.karate - karate.env system property was: null 
02:37:18.667 [main] DEBUG com.intuit.karate - request:
1 > POST https://conduit-api.bondaracademy.com/api/users
1 > Authorization: Token eyJhbGciOiJIUzI1NiIsInR5cCI6IkpXVCJ9.eyJ1c2VyIjp7ImlkIjoxMzE4Nn0sImlhdCI6MTc1NTA3MDYzNiwiZXhwIjoxNzYwMjU0NjM2fQ.PJqKaljW4lrdAr6rfnqtr_UBXTRJ-mG92HFgMfM87Ao
1 > Content-Type: application/json; charset=UTF-8
1 > Content-Length: 84
1 > Host: conduit-api.bondaracademy.com
1 > Connection: Keep-Alive
1 > User-Agent: Apache-HttpClient/4.5.14 (Java/17.0.12)
1 > Accept-Encoding: gzip,deflate
{"user":{"email":"dario50@test.com","password":"12345alv","username":"martin.lowe"}}

02:37:19.458 [main] DEBUG com.intuit.karate - response time in milliseconds: 789
1 < 201
1 < x-powered-by: Express
1 < vary: Origin
1 < content-type: application/json; charset=utf-8
1 < etag: W/"143-k0myW2GcR0lc7/zpyqQtl5gqLTg"
1 < x-cloud-trace-context: 01611952546cc95693faddc70b9d2dd4
1 < date: Wed, 13 Aug 2025 07:37:19 GMT
1 < server: Google Frontend
1 < Content-Length: 323
{"user":{"id":31830,"email":"dario50@test.com","username":"martin.lowe","bio":null,"image":"https://conduit-api.bondaracademy.com/images/smiley-cyrus.jpeg","token":"eyJhbGciOiJIUzI1NiIsInR5cCI6IkpXVCJ9.eyJ1c2VyIjp7ImlkIjozMTgzMH0sImlhdCI6MTc1NTA3MDYzOSwiZXhwIjoxNzYwMjU0NjM5fQ.sdhQGRM1wbB5BTxLklZJgfd96uUKIurOGO_rD8MwtUU"}}

02:37:19.464 [main] ERROR com.intuit.karate - classpath:conduitApp/feature/SignUp.feature:26
And match response ==
"""
{
    "user": {
        "id": "#number",
        "email": #(randomEmail),
        "username": #(randomUsername),
        "bio": null,
        "image": null,
        "token": "#string"
    }
}
"""
match failed: EQUALS
  $ | not equal | match failed for name: 'user' (MAP:MAP)
  {"user":{"id":31830,"email":"dario50@test.com","username":"martin.lowe","bio":null,"image":"https://conduit-api.bondaracademy.com/images/smiley-cyrus.jpeg","token":"eyJhbGciOiJIUzI1NiIsInR5cCI6IkpXVCJ9.eyJ1c2VyIjp7ImlkIjozMTgzMH0sImlhdCI6MTc1NTA3MDYzOSwiZXhwIjoxNzYwMjU0NjM5fQ.sdhQGRM1wbB5BTxLklZJgfd96uUKIurOGO_rD8MwtUU"}}
  {"user":{"id":"#number","email":"dario50@test.com","username":"martin.lowe","bio":null,"image":null,"token":"#string"}}

    $.user | not equal | match failed for name: 'image' (MAP:MAP)
    {"id":31830,"email":"dario50@test.com","username":"martin.lowe","bio":null,"image":"https://conduit-api.bondaracademy.com/images/smiley-cyrus.jpeg","token":"eyJhbGciOiJIUzI1NiIsInR5cCI6IkpXVCJ9.eyJ1c2VyIjp7ImlkIjozMTgzMH0sImlhdCI6MTc1NTA3MDYzOSwiZXhwIjoxNzYwMjU0NjM5fQ.sdhQGRM1wbB5BTxLklZJgfd96uUKIurOGO_rD8MwtUU"}
    {"id":"#number","email":"dario50@test.com","username":"martin.lowe","bio":null,"image":null,"token":"#string"}

      $.user.image | data types don't match (STRING:NULL)
      'https://conduit-api.bondaracademy.com/images/smiley-cyrus.jpeg'
      null

classpath:conduitApp/feature/SignUp.feature:26
02:38:52.906 [main] INFO  com.intuit.karate.Runner - using system property 'karate.options': --tags @debug
02:38:53.113 [main] DEBUG com.intuit.karate.Suite - [config] classpath:karate-config.js
02:38:53.638 [main] INFO  com.intuit.karate - karate.env system property was: null 
02:38:53.641 [main] INFO  com.intuit.karate - >> lock acquired, begin callSingle: classpath:helpers/CreateToken.feature
02:38:53.833 [main] DEBUG com.intuit.karate - request:
1 > POST https://conduit-api.bondaracademy.com/api/users/login
1 > Content-Type: application/json; charset=UTF-8
1 > Content-Length: 65
1 > Host: conduit-api.bondaracademy.com
1 > Connection: Keep-Alive
1 > User-Agent: Apache-HttpClient/4.5.14 (Java/17.0.12)
1 > Accept-Encoding: gzip,deflate
{"user":{"email":"pruebakarate@test.com","password":"karate123"}}

02:38:54.754 [main] DEBUG com.intuit.karate - response time in milliseconds: 917
1 < 200
1 < x-powered-by: Express
1 < vary: Origin
1 < content-type: application/json; charset=utf-8
1 < etag: W/"13e-0t96Gu2yhGy389Bdm1co6koypcw"
1 < x-cloud-trace-context: 343ff2a217e70646a9895a68fabddcf9;o=1
1 < date: Wed, 13 Aug 2025 07:38:54 GMT
1 < server: Google Frontend
1 < Content-Length: 318
{"user":{"email":"pruebakarate@test.com","username":"Alvariytomyg","bio":null,"image":"https://conduit-api.bondaracademy.com/images/smiley-cyrus.jpeg","token":"eyJhbGciOiJIUzI1NiIsInR5cCI6IkpXVCJ9.eyJ1c2VyIjp7ImlkIjoxMzE4Nn0sImlhdCI6MTc1NTA3MDczNCwiZXhwIjoxNzYwMjU0NzM0fQ.ITxSzz8Rmmcf804N91nFpstGnA-vaPVHZWTsdkguU1U"}}

02:38:54.760 [main] INFO  com.intuit.karate - << lock released, cached callSingle: classpath:helpers/CreateToken.feature
02:38:54.765 [main] DEBUG com.intuit.karate - request:
1 > GET https://conduit-api.bondaracademy.com/api/tags
1 > Authorization: Token eyJhbGciOiJIUzI1NiIsInR5cCI6IkpXVCJ9.eyJ1c2VyIjp7ImlkIjoxMzE4Nn0sImlhdCI6MTc1NTA3MDczNCwiZXhwIjoxNzYwMjU0NzM0fQ.ITxSzz8Rmmcf804N91nFpstGnA-vaPVHZWTsdkguU1U
1 > Host: conduit-api.bondaracademy.com
1 > Connection: Keep-Alive
1 > User-Agent: Apache-HttpClient/4.5.14 (Java/17.0.12)
1 > Accept-Encoding: gzip,deflate


02:38:55.592 [main] DEBUG com.intuit.karate - response time in milliseconds: 826
1 < 200
1 < x-powered-by: Express
1 < vary: Origin
1 < content-type: application/json; charset=utf-8
1 < etag: W/"65-XAqp9RO5/GurIdusYmbGg8NPW48"
1 < x-cloud-trace-context: 6156379c5fd628a6c37f790c682c1f80
1 < date: Wed, 13 Aug 2025 07:38:55 GMT
1 < server: Google Frontend
1 < Content-Length: 101
{"tags":["Test","Git","YouTube","Zoom","Blog","Bondar Academy","Enroll","Exam","Community","GitHub"]}

02:38:55.616 [main] INFO  com.intuit.karate - karate.env system property was: null 
02:38:55.626 [main] DEBUG com.intuit.karate - request:
1 > GET https://conduit-api.bondaracademy.com/api/articles?limt=10&offset=0
1 > Authorization: Token eyJhbGciOiJIUzI1NiIsInR5cCI6IkpXVCJ9.eyJ1c2VyIjp7ImlkIjoxMzE4Nn0sImlhdCI6MTc1NTA3MDczNCwiZXhwIjoxNzYwMjU0NzM0fQ.ITxSzz8Rmmcf804N91nFpstGnA-vaPVHZWTsdkguU1U
1 > Host: conduit-api.bondaracademy.com
1 > Connection: Keep-Alive
1 > User-Agent: Apache-HttpClient/4.5.14 (Java/17.0.12)
1 > Accept-Encoding: gzip,deflate


02:38:56.495 [main] DEBUG com.intuit.karate - response time in milliseconds: 865
1 < 200
1 < x-powered-by: Express
1 < vary: Origin
1 < content-type: application/json; charset=utf-8
1 < etag: W/"28e1-8lgXoYOslxN9R6eEWs0gkt9L6LQ"
1 < x-cloud-trace-context: f11f8a8c2a2ded93aff5b76963f31016
1 < date: Wed, 13 Aug 2025 07:38:56 GMT
1 < server: Google Frontend
1 < Content-Length: 10465
{"articles":[{"slug":"Creando-Articulo13-13186","title":"Creando Articulo13","description":"es una prueba11","body":"practicando Karate11","tagList":[],"createdAt":"2025-08-13T02:43:35.040Z","updatedAt":"2025-08-13T02:43:35.040Z","favorited":false,"favoritesCount":0,"author":{"username":"Alvariytomyg","bio":null,"image":"https://conduit-api.bondaracademy.com/images/smiley-cyrus.jpeg","following":false}},{"slug":"Creando-Articulo12-13186","title":"Creando Articulo12","description":"es una prueba12","body":"practicando Karate12","tagList":[],"createdAt":"2025-08-13T02:02:35.692Z","updatedAt":"2025-08-13T02:02:35.692Z","favorited":false,"favoritesCount":0,"author":{"username":"Alvariytomyg","bio":null,"image":"https://conduit-api.bondaracademy.com/images/smiley-cyrus.jpeg","following":false}},{"slug":"Probando-Articulo9-13186","title":"Probando Articulo9","description":"es una prueba9","body":"practicando Karate9","tagList":[],"createdAt":"2025-06-25T21:57:45.735Z","updatedAt":"2025-06-25T21:57:45.735Z","favorited":false,"favoritesCount":0,"author":{"username":"Alvariytomyg","bio":null,"image":"https://conduit-api.bondaracademy.com/images/smiley-cyrus.jpeg","following":false}},{"slug":"Probando-Articulo8-13186","title":"Probando Articulo8","description":"es una prueba8","body":"practicando Karate8","tagList":[],"createdAt":"2025-05-26T01:08:04.570Z","updatedAt":"2025-05-26T01:08:04.570Z","favorited":false,"favoritesCount":0,"author":{"username":"Alvariytomyg","bio":null,"image":"https://conduit-api.bondaracademy.com/images/smiley-cyrus.jpeg","following":false}},{"slug":"Probando-Articulo7-13186","title":"Probando Articulo7","description":"es una prueba7","body":"practicando Karate6","tagList":[],"createdAt":"2025-05-26T00:30:47.752Z","updatedAt":"2025-05-26T00:30:47.752Z","favorited":false,"favoritesCount":0,"author":{"username":"Alvariytomyg","bio":null,"image":"https://conduit-api.bondaracademy.com/images/smiley-cyrus.jpeg","following":false}},{"slug":"Probando-Articulo6-13186","title":"Probando Articulo6","description":"es una prueba6","body":"practicando Karate6","tagList":[],"createdAt":"2025-05-26T00:27:03.581Z","updatedAt":"2025-05-26T00:27:03.581Z","favorited":false,"favoritesCount":0,"author":{"username":"Alvariytomyg","bio":null,"image":"https://conduit-api.bondaracademy.com/images/smiley-cyrus.jpeg","following":false}},{"slug":"Discover-Bondar-Academy:-Your-Gateway-to-Efficient-Learning-1","title":"Discover Bondar Academy: Your Gateway to Efficient Learning","description":"Discover Bondar Academy's unique place in the educational landscape, where value-focused and efficient learning approaches converge. Our goal is to rapidly enhance your professional technical skills, boosting your market competitiveness and paving the way for higher-paying job opportunities. The speed of your progress is in your hands – you set the pace, and we provide the solutions and support to help you achieve your desired outcomes.","body":"Bondar Academy is a leading platform for efficient education, designed to boost your technical skills and advance your career in Quality Assurance (QA). Our program features a balanced mix of pre-recorded lectures and live sessions, allowing each student to study at their own pace and at a time that suits them. \n\nOur instructors are readily available on our Slack Workspace for support. Whether it's a quick question or a more complex issue requiring a Zoom call or Slack Huddle for screen sharing and live discussion, we're here to assist. Additionally, each class comes with a comprehensive question bank for self-assessment. Following each lecture, you have the opportunity to validate your understanding and readiness to progress to the next topic. You set the pace, and we provide the solutions to ensure you achieve your desired outcomes.\n\nSignUp today: https://www.bondaracademy.com","tagList":["qa career","Bondar Academy","QA Skills","Value-Focused"],"createdAt":"2024-01-27T21:52:32.682Z","updatedAt":"2024-01-27T21:52:32.682Z","favorited":false,"favoritesCount":732,"author":{"username":"Artem Bondar","bio":null,"image":"https://storage.googleapis.com/bondar-academy-visuals/Android.png","following":false}},{"slug":"The-value-of-pre-recorded-video-classes.-The-most-efficient-approach-to-tranfer-the-knowledge-1","title":"The value of pre-recorded video classes. The most efficient approach to tranfer the knowledge","description":"As educational practices evolve, video tutorials have emerged as the most efficient method for imparting theoretical knowledge. At Bondar Academy, we prioritize expertly structured and crafted video tutorials, ensuring you learn quickly and effectively and advance your skills.","body":"At Bondar Academy, we prioritize the value of your time and the efficiency of your education, distinguishing our approach from traditional colleges and live boot camps. Forget long, tedious live lectures on a fixed schedule. With us, you learn at your convenience and pace through optimized, structured video lectures. \n\nWe understand your goal is rapid knowledge acquisition. Our pre-recorded and well-organized lectures are designed precisely for this, ensuring no slowdowns from group dynamics or unrelated instructor anecdotes. \n\nDive straight into the subject matter, learn efficiently, and if questions arise, our immediate support on the Slack Workspace is there to streamline your learning process and swiftly remove any roadblocks.","tagList":["Bondar Academy","Video Lectures","Tutorials"],"createdAt":"2024-01-27T21:50:38.825Z","updatedAt":"2024-01-27T21:50:38.825Z","favorited":false,"favoritesCount":258,"author":{"username":"Artem Bondar","bio":null,"image":"https://storage.googleapis.com/bondar-academy-visuals/Android.png","following":false}},{"slug":"Mastering-Knowledge-with-Self-Assessments:-Identifying-and-Bridging-Learning-Gaps-in-Education-1","title":"Mastering Knowledge with Self-Assessments: Identifying and Bridging Learning Gaps in Education","description":"Self-assessment is an essential tool for gauging your understanding of lecture material. It answers critical questions: Have you grasped everything correctly? Is there anything you've missed? Are you prepared for the next lesson? These assessments ensure that you build a solid foundation of knowledge, confidently and efficiently paving the way for swift progress and effective learning outcomes.","body":"Traditional educational institutions, such as colleges and universities, commonly use tests and assessments to measure knowledge. This approach is effective for gauging student performance, but it's not without drawbacks. In these settings, assessments after every lecture aren't feasible due to the time required for teachers to evaluate them. This often leads to students having a false sense of understanding, believing they've comprehended all aspects of a lecture when, in reality, small but crucial details might be missed. These 'knowledge gaps' can accumulate, making more complex topics difficult to grasp later on.\n\nAt Bondar Academy, we address this challenge by implementing self-assessments after every lecture. These are designed to cover key questions that ensure a thorough understanding of the material, essential for comfort and success in future lectures. The number of questions varies, ranging from 3-4 to 15-20, depending on the lecture's significance and the volume of critical information. With these self-assessments, students receive immediate feedback, helping them determine if they've fully understood the lecture or if they need to revisit certain parts or seek assistance from our instructors in the Slack Workspace.","tagList":["Self-Assessment","Test","Exam"],"createdAt":"2024-01-27T21:48:36.340Z","updatedAt":"2024-01-27T21:48:36.340Z","favorited":false,"favoritesCount":67,"author":{"username":"Artem Bondar","bio":null,"image":"https://storage.googleapis.com/bondar-academy-visuals/Android.png","following":false}},{"slug":"Practical-Implementation-of-Skills:-Homework-Assignments-with-Instructor-Supervision-1","title":"Practical Implementation of Skills: Homework Assignments with Instructor Supervision","description":"Knowledge or skills not reinforced through practical exercises can quickly fade, often faster than anticipated. Homework, particularly in tasks like writing your own code, is crucial for honing these skills and cementing your understanding. At Bondar Academy, we ensure this vital step by assigning homework, rigorously evaluating the outcomes, and providing valuable feedback to guide your learning journey.","body":"Homework assignments are a fundamental component of the educational methodology at Bondar Academy, especially in technical education where learning a new programming language or framework is involved. The key to mastering these skills lies in writing code; the more you write, the better you become. However, merely replicating code seen in lectures leads to minimal learning. Often, this approach leaves students unclear about why their code works the way it does, as they focus on copying rather than understanding.\n\nA homework assignment at Bondar Academy starts with a blank page, challenging students to apply all their knowledge to write the first line of code. This process is more demanding than it appears. As you write each line, understanding and reasoning grow, making your code meaningful and comprehensible. You learn to write code that makes sense to you, enhancing your understanding.\n\nIn completing these assignments, you engage the 'thinking' part of your brain, transforming theoretical knowledge into practical skills. Recognizing the crucial role of homework in learning, our instructors at Bondar Academy are always available to assist with any challenges. Just reach out on Slack, and you'll receive the guidance and support needed for successful completion. At Bondar Academy, we fully understand the importance of homework assignments for the best outcome, so our instructors are always here to assist if you have any difficulties with completing them. Just ask in Slack and you'll be guided and assisted.","tagList":["Homework","Assignments","Practice","Coding"],"createdAt":"2024-01-27T21:46:09.512Z","updatedAt":"2024-01-27T21:46:09.512Z","favorited":false,"favoritesCount":37,"author":{"username":"Artem Bondar","bio":null,"image":"https://storage.googleapis.com/bondar-academy-visuals/Android.png","following":false}}],"articlesCount":16}

02:38:56.849 [main] INFO  com.intuit.karate - karate.env system property was: null 
02:38:57.004 [main] DEBUG com.intuit.karate - request:
1 > POST https://conduit-api.bondaracademy.com/api/users
1 > Authorization: Token eyJhbGciOiJIUzI1NiIsInR5cCI6IkpXVCJ9.eyJ1c2VyIjp7ImlkIjoxMzE4Nn0sImlhdCI6MTc1NTA3MDczNCwiZXhwIjoxNzYwMjU0NzM0fQ.ITxSzz8Rmmcf804N91nFpstGnA-vaPVHZWTsdkguU1U
1 > Content-Type: application/json; charset=UTF-8
1 > Content-Length: 83
1 > Host: conduit-api.bondaracademy.com
1 > Connection: Keep-Alive
1 > User-Agent: Apache-HttpClient/4.5.14 (Java/17.0.12)
1 > Accept-Encoding: gzip,deflate
{"user":{"email":"moira11@test.com","password":"12345alv","username":"jonas.feil"}}

02:38:57.795 [main] DEBUG com.intuit.karate - response time in milliseconds: 790
1 < 201
1 < x-powered-by: Express
1 < vary: Origin
1 < content-type: application/json; charset=utf-8
1 < etag: W/"142-NiDj0wQ8KmrvRrfFCQaGRIDjKNM"
1 < x-cloud-trace-context: 92aafebf35a8ec8e8e8ef063713d3109
1 < date: Wed, 13 Aug 2025 07:38:57 GMT
1 < server: Google Frontend
1 < Content-Length: 322
{"user":{"id":31832,"email":"moira11@test.com","username":"jonas.feil","bio":null,"image":"https://conduit-api.bondaracademy.com/images/smiley-cyrus.jpeg","token":"eyJhbGciOiJIUzI1NiIsInR5cCI6IkpXVCJ9.eyJ1c2VyIjp7ImlkIjozMTgzMn0sImlhdCI6MTc1NTA3MDczNywiZXhwIjoxNzYwMjU0NzM3fQ.JXBynF-qIUSFdMbettOGSuOGDePBX_l7PfWDANDU6wc"}}

02:55:46.382 [main] INFO  com.intuit.karate.Runner - using system property 'karate.options': --tags @debug
02:55:46.595 [main] DEBUG com.intuit.karate.Suite - [config] classpath:karate-config.js
02:55:47.131 [main] INFO  com.intuit.karate - karate.env system property was: null 
02:55:47.134 [main] INFO  com.intuit.karate - >> lock acquired, begin callSingle: classpath:helpers/CreateToken.feature
02:55:47.336 [main] DEBUG com.intuit.karate - request:
1 > POST https://conduit-api.bondaracademy.com/api/users/login
1 > Content-Type: application/json; charset=UTF-8
1 > Content-Length: 65
1 > Host: conduit-api.bondaracademy.com
1 > Connection: Keep-Alive
1 > User-Agent: Apache-HttpClient/4.5.14 (Java/17.0.12)
1 > Accept-Encoding: gzip,deflate
{"user":{"email":"pruebakarate@test.com","password":"karate123"}}

02:55:48.373 [main] DEBUG com.intuit.karate - response time in milliseconds: 1034
1 < 200
1 < x-powered-by: Express
1 < vary: Origin
1 < content-type: application/json; charset=utf-8
1 < etag: W/"13e-UzpuQNlWcwRkVzGlyzOedLLeIcA"
1 < x-cloud-trace-context: d144fb514fd5abc80f0b013dc6fbabca;o=1
1 < date: Wed, 13 Aug 2025 07:55:48 GMT
1 < server: Google Frontend
1 < Content-Length: 318
{"user":{"email":"pruebakarate@test.com","username":"Alvariytomyg","bio":null,"image":"https://conduit-api.bondaracademy.com/images/smiley-cyrus.jpeg","token":"eyJhbGciOiJIUzI1NiIsInR5cCI6IkpXVCJ9.eyJ1c2VyIjp7ImlkIjoxMzE4Nn0sImlhdCI6MTc1NTA3MTc0OCwiZXhwIjoxNzYwMjU1NzQ4fQ.h1u7G7bPgUCGC-H8XfZF-C3du_NRxuMqbBfYv9blJNk"}}

02:55:48.378 [main] INFO  com.intuit.karate - << lock released, cached callSingle: classpath:helpers/CreateToken.feature
02:55:48.385 [main] DEBUG com.intuit.karate - request:
1 > POST https://conduit-api.bondaracademy.com/api/articles
1 > Authorization: Token eyJhbGciOiJIUzI1NiIsInR5cCI6IkpXVCJ9.eyJ1c2VyIjp7ImlkIjoxMzE4Nn0sImlhdCI6MTc1NTA3MTc0OCwiZXhwIjoxNzYwMjU1NzQ4fQ.h1u7G7bPgUCGC-H8XfZF-C3du_NRxuMqbBfYv9blJNk
1 > Content-Type: application/json; charset=UTF-8
1 > Content-Length: 117
1 > Host: conduit-api.bondaracademy.com
1 > Connection: Keep-Alive
1 > User-Agent: Apache-HttpClient/4.5.14 (Java/17.0.12)
1 > Accept-Encoding: gzip,deflate
{"article":{"title":"Creando Articulo80","description":"es una prueba80","body":"practicando Karate80","tagList":[]}}

02:55:49.180 [main] DEBUG com.intuit.karate - response time in milliseconds: 794
1 < 201
1 < x-powered-by: Express
1 < vary: Origin
1 < content-type: application/json; charset=utf-8
1 < etag: W/"195-CZDbhw88nvFyORPmb6SkRt/G3Ps"
1 < x-cloud-trace-context: cdcb29b72b9d1a530f3c656891090a63
1 < date: Wed, 13 Aug 2025 07:55:49 GMT
1 < server: Google Frontend
1 < Content-Length: 405
{"article":{"slug":"Creando-Articulo80-13186","title":"Creando Articulo80","description":"es una prueba80","body":"practicando Karate80","tagList":[],"createdAt":"2025-08-13T07:55:49.010Z","updatedAt":"2025-08-13T07:55:49.010Z","favorited":false,"favoritesCount":0,"author":{"username":"Alvariytomyg","bio":null,"image":"https://conduit-api.bondaracademy.com/images/smiley-cyrus.jpeg","following":false}}}

02:55:49.192 [main] ERROR com.intuit.karate - classpath:conduitApp/feature/Articles.feature:13
And match response.article.title == 'Creando Articulo13'
match failed: EQUALS
  $ | not equal (STRING:STRING)
  'Creando Articulo80'
  'Creando Articulo13'

classpath:conduitApp/feature/Articles.feature:13
02:55:49.525 [main] INFO  com.intuit.karate - karate.env system property was: null 
02:55:49.527 [main] DEBUG com.intuit.karate - request:
1 > GET https://conduit-api.bondaracademy.com/api/tags
1 > Authorization: Token eyJhbGciOiJIUzI1NiIsInR5cCI6IkpXVCJ9.eyJ1c2VyIjp7ImlkIjoxMzE4Nn0sImlhdCI6MTc1NTA3MTc0OCwiZXhwIjoxNzYwMjU1NzQ4fQ.h1u7G7bPgUCGC-H8XfZF-C3du_NRxuMqbBfYv9blJNk
1 > Host: conduit-api.bondaracademy.com
1 > Connection: Keep-Alive
1 > User-Agent: Apache-HttpClient/4.5.14 (Java/17.0.12)
1 > Accept-Encoding: gzip,deflate


02:55:50.270 [main] DEBUG com.intuit.karate - response time in milliseconds: 743
1 < 200
1 < x-powered-by: Express
1 < vary: Origin
1 < content-type: application/json; charset=utf-8
1 < etag: W/"65-XAqp9RO5/GurIdusYmbGg8NPW48"
1 < x-cloud-trace-context: 94d1a89c2b65f70a29b878afec3c9fd6
1 < date: Wed, 13 Aug 2025 07:55:50 GMT
1 < server: Google Frontend
1 < Content-Length: 101
{"tags":["Test","Git","YouTube","Zoom","Blog","Bondar Academy","Enroll","Exam","Community","GitHub"]}

02:55:50.281 [main] INFO  com.intuit.karate - karate.env system property was: null 
02:55:50.293 [main] DEBUG com.intuit.karate - request:
1 > GET https://conduit-api.bondaracademy.com/api/articles?limt=10&offset=0
1 > Authorization: Token eyJhbGciOiJIUzI1NiIsInR5cCI6IkpXVCJ9.eyJ1c2VyIjp7ImlkIjoxMzE4Nn0sImlhdCI6MTc1NTA3MTc0OCwiZXhwIjoxNzYwMjU1NzQ4fQ.h1u7G7bPgUCGC-H8XfZF-C3du_NRxuMqbBfYv9blJNk
1 > Host: conduit-api.bondaracademy.com
1 > Connection: Keep-Alive
1 > User-Agent: Apache-HttpClient/4.5.14 (Java/17.0.12)
1 > Accept-Encoding: gzip,deflate


02:55:51.223 [main] DEBUG com.intuit.karate - response time in milliseconds: 929
1 < 200
1 < x-powered-by: Express
1 < vary: Origin
1 < content-type: application/json; charset=utf-8
1 < etag: W/"19bc-xkiupqLU3rKtTveu0newG9WE3xE"
1 < x-cloud-trace-context: eb5cddd473ce4b2f5f877a9c98ccdcd1
1 < date: Wed, 13 Aug 2025 07:55:51 GMT
1 < server: Google Frontend
1 < Content-Length: 6588
{"articles":[{"slug":"Creando-Articulo80-13186","title":"Creando Articulo80","description":"es una prueba80","body":"practicando Karate80","tagList":[],"createdAt":"2025-08-13T07:55:49.010Z","updatedAt":"2025-08-13T07:55:49.010Z","favorited":false,"favoritesCount":0,"author":{"username":"Alvariytomyg","bio":null,"image":"https://conduit-api.bondaracademy.com/images/smiley-cyrus.jpeg","following":false}},{"slug":"Creando-Articulo14-13186","title":"Creando Articulo14","description":"es una prueba14","body":"practicando Karate14","tagList":[],"createdAt":"2025-08-13T07:43:46.793Z","updatedAt":"2025-08-13T07:43:46.793Z","favorited":false,"favoritesCount":0,"author":{"username":"Alvariytomyg","bio":null,"image":"https://conduit-api.bondaracademy.com/images/smiley-cyrus.jpeg","following":false}},{"slug":"Creando-Articulo13-13186","title":"Creando Articulo13","description":"es una prueba11","body":"practicando Karate11","tagList":[],"createdAt":"2025-08-13T02:43:35.040Z","updatedAt":"2025-08-13T02:43:35.040Z","favorited":false,"favoritesCount":0,"author":{"username":"Alvariytomyg","bio":null,"image":"https://conduit-api.bondaracademy.com/images/smiley-cyrus.jpeg","following":false}},{"slug":"Creando-Articulo12-13186","title":"Creando Articulo12","description":"es una prueba12","body":"practicando Karate12","tagList":[],"createdAt":"2025-08-13T02:02:35.692Z","updatedAt":"2025-08-13T02:02:35.692Z","favorited":false,"favoritesCount":0,"author":{"username":"Alvariytomyg","bio":null,"image":"https://conduit-api.bondaracademy.com/images/smiley-cyrus.jpeg","following":false}},{"slug":"Probando-Articulo9-13186","title":"Probando Articulo9","description":"es una prueba9","body":"practicando Karate9","tagList":[],"createdAt":"2025-06-25T21:57:45.735Z","updatedAt":"2025-06-25T21:57:45.735Z","favorited":false,"favoritesCount":0,"author":{"username":"Alvariytomyg","bio":null,"image":"https://conduit-api.bondaracademy.com/images/smiley-cyrus.jpeg","following":false}},{"slug":"Probando-Articulo8-13186","title":"Probando Articulo8","description":"es una prueba8","body":"practicando Karate8","tagList":[],"createdAt":"2025-05-26T01:08:04.570Z","updatedAt":"2025-05-26T01:08:04.570Z","favorited":false,"favoritesCount":0,"author":{"username":"Alvariytomyg","bio":null,"image":"https://conduit-api.bondaracademy.com/images/smiley-cyrus.jpeg","following":false}},{"slug":"Probando-Articulo7-13186","title":"Probando Articulo7","description":"es una prueba7","body":"practicando Karate6","tagList":[],"createdAt":"2025-05-26T00:30:47.752Z","updatedAt":"2025-05-26T00:30:47.752Z","favorited":false,"favoritesCount":0,"author":{"username":"Alvariytomyg","bio":null,"image":"https://conduit-api.bondaracademy.com/images/smiley-cyrus.jpeg","following":false}},{"slug":"Probando-Articulo6-13186","title":"Probando Articulo6","description":"es una prueba6","body":"practicando Karate6","tagList":[],"createdAt":"2025-05-26T00:27:03.581Z","updatedAt":"2025-05-26T00:27:03.581Z","favorited":false,"favoritesCount":0,"author":{"username":"Alvariytomyg","bio":null,"image":"https://conduit-api.bondaracademy.com/images/smiley-cyrus.jpeg","following":false}},{"slug":"Discover-Bondar-Academy:-Your-Gateway-to-Efficient-Learning-1","title":"Discover Bondar Academy: Your Gateway to Efficient Learning","description":"Discover Bondar Academy's unique place in the educational landscape, where value-focused and efficient learning approaches converge. Our goal is to rapidly enhance your professional technical skills, boosting your market competitiveness and paving the way for higher-paying job opportunities. The speed of your progress is in your hands – you set the pace, and we provide the solutions and support to help you achieve your desired outcomes.","body":"Bondar Academy is a leading platform for efficient education, designed to boost your technical skills and advance your career in Quality Assurance (QA). Our program features a balanced mix of pre-recorded lectures and live sessions, allowing each student to study at their own pace and at a time that suits them. \n\nOur instructors are readily available on our Slack Workspace for support. Whether it's a quick question or a more complex issue requiring a Zoom call or Slack Huddle for screen sharing and live discussion, we're here to assist. Additionally, each class comes with a comprehensive question bank for self-assessment. Following each lecture, you have the opportunity to validate your understanding and readiness to progress to the next topic. You set the pace, and we provide the solutions to ensure you achieve your desired outcomes.\n\nSignUp today: https://www.bondaracademy.com","tagList":["qa career","Bondar Academy","QA Skills","Value-Focused"],"createdAt":"2024-01-27T21:52:32.682Z","updatedAt":"2024-01-27T21:52:32.682Z","favorited":false,"favoritesCount":732,"author":{"username":"Artem Bondar","bio":null,"image":"https://storage.googleapis.com/bondar-academy-visuals/Android.png","following":false}},{"slug":"The-value-of-pre-recorded-video-classes.-The-most-efficient-approach-to-tranfer-the-knowledge-1","title":"The value of pre-recorded video classes. The most efficient approach to tranfer the knowledge","description":"As educational practices evolve, video tutorials have emerged as the most efficient method for imparting theoretical knowledge. At Bondar Academy, we prioritize expertly structured and crafted video tutorials, ensuring you learn quickly and effectively and advance your skills.","body":"At Bondar Academy, we prioritize the value of your time and the efficiency of your education, distinguishing our approach from traditional colleges and live boot camps. Forget long, tedious live lectures on a fixed schedule. With us, you learn at your convenience and pace through optimized, structured video lectures. \n\nWe understand your goal is rapid knowledge acquisition. Our pre-recorded and well-organized lectures are designed precisely for this, ensuring no slowdowns from group dynamics or unrelated instructor anecdotes. \n\nDive straight into the subject matter, learn efficiently, and if questions arise, our immediate support on the Slack Workspace is there to streamline your learning process and swiftly remove any roadblocks.","tagList":["Bondar Academy","Video Lectures","Tutorials"],"createdAt":"2024-01-27T21:50:38.825Z","updatedAt":"2024-01-27T21:50:38.825Z","favorited":false,"favoritesCount":258,"author":{"username":"Artem Bondar","bio":null,"image":"https://storage.googleapis.com/bondar-academy-visuals/Android.png","following":false}}],"articlesCount":18}

02:55:51.228 [main] ERROR com.intuit.karate - classpath:conduitApp/feature/HomePage.feature:27
And match response.articlesCount == 16
match failed: EQUALS
  $ | not equal (NUMBER:NUMBER)
  18
  16

classpath:conduitApp/feature/HomePage.feature:27
02:56:46.681 [main] INFO  com.intuit.karate.Runner - using system property 'karate.options': --tags @debug
02:56:46.901 [main] DEBUG com.intuit.karate.Suite - [config] classpath:karate-config.js
02:56:47.454 [main] INFO  com.intuit.karate - karate.env system property was: null 
02:56:47.457 [main] INFO  com.intuit.karate - >> lock acquired, begin callSingle: classpath:helpers/CreateToken.feature
02:56:47.667 [main] DEBUG com.intuit.karate - request:
1 > POST https://conduit-api.bondaracademy.com/api/users/login
1 > Content-Type: application/json; charset=UTF-8
1 > Content-Length: 65
1 > Host: conduit-api.bondaracademy.com
1 > Connection: Keep-Alive
1 > User-Agent: Apache-HttpClient/4.5.14 (Java/17.0.12)
1 > Accept-Encoding: gzip,deflate
{"user":{"email":"pruebakarate@test.com","password":"karate123"}}

02:56:48.599 [main] DEBUG com.intuit.karate - response time in milliseconds: 929
1 < 200
1 < x-powered-by: Express
1 < vary: Origin
1 < content-type: application/json; charset=utf-8
1 < etag: W/"13e-uzj7JatuMwr+190hZZ6KW8brXeQ"
1 < x-cloud-trace-context: 5c63eec923b5a1958439f97ff10dadf5
1 < date: Wed, 13 Aug 2025 07:56:48 GMT
1 < server: Google Frontend
1 < Content-Length: 318
{"user":{"email":"pruebakarate@test.com","username":"Alvariytomyg","bio":null,"image":"https://conduit-api.bondaracademy.com/images/smiley-cyrus.jpeg","token":"eyJhbGciOiJIUzI1NiIsInR5cCI6IkpXVCJ9.eyJ1c2VyIjp7ImlkIjoxMzE4Nn0sImlhdCI6MTc1NTA3MTgwOCwiZXhwIjoxNzYwMjU1ODA4fQ.UBlk2cTyhaGuoNXiZqynQW8AlZSXSjkfLdDb9oO5Q9Q"}}

02:56:48.602 [main] INFO  com.intuit.karate - << lock released, cached callSingle: classpath:helpers/CreateToken.feature
02:56:48.610 [main] DEBUG com.intuit.karate - request:
1 > POST https://conduit-api.bondaracademy.com/api/articles
1 > Authorization: Token eyJhbGciOiJIUzI1NiIsInR5cCI6IkpXVCJ9.eyJ1c2VyIjp7ImlkIjoxMzE4Nn0sImlhdCI6MTc1NTA3MTgwOCwiZXhwIjoxNzYwMjU1ODA4fQ.UBlk2cTyhaGuoNXiZqynQW8AlZSXSjkfLdDb9oO5Q9Q
1 > Content-Type: application/json; charset=UTF-8
1 > Content-Length: 117
1 > Host: conduit-api.bondaracademy.com
1 > Connection: Keep-Alive
1 > User-Agent: Apache-HttpClient/4.5.14 (Java/17.0.12)
1 > Accept-Encoding: gzip,deflate
{"article":{"title":"Creando Articulo81","description":"es una prueba81","body":"practicando Karate81","tagList":[]}}

02:56:49.407 [main] DEBUG com.intuit.karate - response time in milliseconds: 797
1 < 201
1 < x-powered-by: Express
1 < vary: Origin
1 < content-type: application/json; charset=utf-8
1 < etag: W/"195-p4ISjfEo4O/ZxSr4WDSLajTsY+I"
1 < x-cloud-trace-context: 2b3dba7c3e94c90d14c201ab3e5b662a
1 < date: Wed, 13 Aug 2025 07:56:49 GMT
1 < server: Google Frontend
1 < Content-Length: 405
{"article":{"slug":"Creando-Articulo81-13186","title":"Creando Articulo81","description":"es una prueba81","body":"practicando Karate81","tagList":[],"createdAt":"2025-08-13T07:56:49.242Z","updatedAt":"2025-08-13T07:56:49.242Z","favorited":false,"favoritesCount":0,"author":{"username":"Alvariytomyg","bio":null,"image":"https://conduit-api.bondaracademy.com/images/smiley-cyrus.jpeg","following":false}}}

02:56:49.716 [main] INFO  com.intuit.karate - karate.env system property was: null 
02:56:49.718 [main] DEBUG com.intuit.karate - request:
1 > GET https://conduit-api.bondaracademy.com/api/tags
1 > Authorization: Token eyJhbGciOiJIUzI1NiIsInR5cCI6IkpXVCJ9.eyJ1c2VyIjp7ImlkIjoxMzE4Nn0sImlhdCI6MTc1NTA3MTgwOCwiZXhwIjoxNzYwMjU1ODA4fQ.UBlk2cTyhaGuoNXiZqynQW8AlZSXSjkfLdDb9oO5Q9Q
1 > Host: conduit-api.bondaracademy.com
1 > Connection: Keep-Alive
1 > User-Agent: Apache-HttpClient/4.5.14 (Java/17.0.12)
1 > Accept-Encoding: gzip,deflate


02:56:50.456 [main] DEBUG com.intuit.karate - response time in milliseconds: 736
1 < 200
1 < x-powered-by: Express
1 < vary: Origin
1 < content-type: application/json; charset=utf-8
1 < etag: W/"65-XAqp9RO5/GurIdusYmbGg8NPW48"
1 < x-cloud-trace-context: 1a15687b15ccd5931b39db6c65e65e0f
1 < date: Wed, 13 Aug 2025 07:56:50 GMT
1 < server: Google Frontend
1 < Content-Length: 101
{"tags":["Test","Git","YouTube","Zoom","Blog","Bondar Academy","Enroll","Exam","Community","GitHub"]}

02:56:50.471 [main] INFO  com.intuit.karate - karate.env system property was: null 
02:56:50.483 [main] DEBUG com.intuit.karate - request:
1 > GET https://conduit-api.bondaracademy.com/api/articles?limt=10&offset=0
1 > Authorization: Token eyJhbGciOiJIUzI1NiIsInR5cCI6IkpXVCJ9.eyJ1c2VyIjp7ImlkIjoxMzE4Nn0sImlhdCI6MTc1NTA3MTgwOCwiZXhwIjoxNzYwMjU1ODA4fQ.UBlk2cTyhaGuoNXiZqynQW8AlZSXSjkfLdDb9oO5Q9Q
1 > Host: conduit-api.bondaracademy.com
1 > Connection: Keep-Alive
1 > User-Agent: Apache-HttpClient/4.5.14 (Java/17.0.12)
1 > Accept-Encoding: gzip,deflate


02:56:51.367 [main] DEBUG com.intuit.karate - response time in milliseconds: 883
1 < 200
1 < x-powered-by: Express
1 < vary: Origin
1 < content-type: application/json; charset=utf-8
1 < etag: W/"151e-L6Os01A/6PpenMHkN1JUIqLt70U"
1 < x-cloud-trace-context: 1e407cbc0279763d5ca0c32aae2b069a
1 < date: Wed, 13 Aug 2025 07:56:51 GMT
1 < server: Google Frontend
1 < Content-Length: 5406
{"articles":[{"slug":"Creando-Articulo81-13186","title":"Creando Articulo81","description":"es una prueba81","body":"practicando Karate81","tagList":[],"createdAt":"2025-08-13T07:56:49.242Z","updatedAt":"2025-08-13T07:56:49.242Z","favorited":false,"favoritesCount":0,"author":{"username":"Alvariytomyg","bio":null,"image":"https://conduit-api.bondaracademy.com/images/smiley-cyrus.jpeg","following":false}},{"slug":"Creando-Articulo80-13186","title":"Creando Articulo80","description":"es una prueba80","body":"practicando Karate80","tagList":[],"createdAt":"2025-08-13T07:55:49.010Z","updatedAt":"2025-08-13T07:55:49.010Z","favorited":false,"favoritesCount":0,"author":{"username":"Alvariytomyg","bio":null,"image":"https://conduit-api.bondaracademy.com/images/smiley-cyrus.jpeg","following":false}},{"slug":"Creando-Articulo14-13186","title":"Creando Articulo14","description":"es una prueba14","body":"practicando Karate14","tagList":[],"createdAt":"2025-08-13T07:43:46.793Z","updatedAt":"2025-08-13T07:43:46.793Z","favorited":false,"favoritesCount":0,"author":{"username":"Alvariytomyg","bio":null,"image":"https://conduit-api.bondaracademy.com/images/smiley-cyrus.jpeg","following":false}},{"slug":"Creando-Articulo13-13186","title":"Creando Articulo13","description":"es una prueba11","body":"practicando Karate11","tagList":[],"createdAt":"2025-08-13T02:43:35.040Z","updatedAt":"2025-08-13T02:43:35.040Z","favorited":false,"favoritesCount":0,"author":{"username":"Alvariytomyg","bio":null,"image":"https://conduit-api.bondaracademy.com/images/smiley-cyrus.jpeg","following":false}},{"slug":"Creando-Articulo12-13186","title":"Creando Articulo12","description":"es una prueba12","body":"practicando Karate12","tagList":[],"createdAt":"2025-08-13T02:02:35.692Z","updatedAt":"2025-08-13T02:02:35.692Z","favorited":false,"favoritesCount":0,"author":{"username":"Alvariytomyg","bio":null,"image":"https://conduit-api.bondaracademy.com/images/smiley-cyrus.jpeg","following":false}},{"slug":"Probando-Articulo9-13186","title":"Probando Articulo9","description":"es una prueba9","body":"practicando Karate9","tagList":[],"createdAt":"2025-06-25T21:57:45.735Z","updatedAt":"2025-06-25T21:57:45.735Z","favorited":false,"favoritesCount":0,"author":{"username":"Alvariytomyg","bio":null,"image":"https://conduit-api.bondaracademy.com/images/smiley-cyrus.jpeg","following":false}},{"slug":"Probando-Articulo8-13186","title":"Probando Articulo8","description":"es una prueba8","body":"practicando Karate8","tagList":[],"createdAt":"2025-05-26T01:08:04.570Z","updatedAt":"2025-05-26T01:08:04.570Z","favorited":false,"favoritesCount":0,"author":{"username":"Alvariytomyg","bio":null,"image":"https://conduit-api.bondaracademy.com/images/smiley-cyrus.jpeg","following":false}},{"slug":"Probando-Articulo7-13186","title":"Probando Articulo7","description":"es una prueba7","body":"practicando Karate6","tagList":[],"createdAt":"2025-05-26T00:30:47.752Z","updatedAt":"2025-05-26T00:30:47.752Z","favorited":false,"favoritesCount":0,"author":{"username":"Alvariytomyg","bio":null,"image":"https://conduit-api.bondaracademy.com/images/smiley-cyrus.jpeg","following":false}},{"slug":"Probando-Articulo6-13186","title":"Probando Articulo6","description":"es una prueba6","body":"practicando Karate6","tagList":[],"createdAt":"2025-05-26T00:27:03.581Z","updatedAt":"2025-05-26T00:27:03.581Z","favorited":false,"favoritesCount":0,"author":{"username":"Alvariytomyg","bio":null,"image":"https://conduit-api.bondaracademy.com/images/smiley-cyrus.jpeg","following":false}},{"slug":"Discover-Bondar-Academy:-Your-Gateway-to-Efficient-Learning-1","title":"Discover Bondar Academy: Your Gateway to Efficient Learning","description":"Discover Bondar Academy's unique place in the educational landscape, where value-focused and efficient learning approaches converge. Our goal is to rapidly enhance your professional technical skills, boosting your market competitiveness and paving the way for higher-paying job opportunities. The speed of your progress is in your hands – you set the pace, and we provide the solutions and support to help you achieve your desired outcomes.","body":"Bondar Academy is a leading platform for efficient education, designed to boost your technical skills and advance your career in Quality Assurance (QA). Our program features a balanced mix of pre-recorded lectures and live sessions, allowing each student to study at their own pace and at a time that suits them. \n\nOur instructors are readily available on our Slack Workspace for support. Whether it's a quick question or a more complex issue requiring a Zoom call or Slack Huddle for screen sharing and live discussion, we're here to assist. Additionally, each class comes with a comprehensive question bank for self-assessment. Following each lecture, you have the opportunity to validate your understanding and readiness to progress to the next topic. You set the pace, and we provide the solutions to ensure you achieve your desired outcomes.\n\nSignUp today: https://www.bondaracademy.com","tagList":["qa career","Bondar Academy","QA Skills","Value-Focused"],"createdAt":"2024-01-27T21:52:32.682Z","updatedAt":"2024-01-27T21:52:32.682Z","favorited":false,"favoritesCount":732,"author":{"username":"Artem Bondar","bio":null,"image":"https://storage.googleapis.com/bondar-academy-visuals/Android.png","following":false}}],"articlesCount":19}

02:56:51.373 [main] ERROR com.intuit.karate - classpath:conduitApp/feature/HomePage.feature:27
And match response.articlesCount == 16
match failed: EQUALS
  $ | not equal (NUMBER:NUMBER)
  19
  16

classpath:conduitApp/feature/HomePage.feature:27
02:58:43.584 [main] INFO  com.intuit.karate.Runner - using system property 'karate.options': --tags @debug
02:58:43.802 [main] DEBUG com.intuit.karate.Suite - [config] classpath:karate-config.js
02:58:44.342 [main] INFO  com.intuit.karate - karate.env system property was: null 
02:58:44.345 [main] INFO  com.intuit.karate - >> lock acquired, begin callSingle: classpath:helpers/CreateToken.feature
02:58:44.543 [main] DEBUG com.intuit.karate - request:
1 > POST https://conduit-api.bondaracademy.com/api/users/login
1 > Content-Type: application/json; charset=UTF-8
1 > Content-Length: 65
1 > Host: conduit-api.bondaracademy.com
1 > Connection: Keep-Alive
1 > User-Agent: Apache-HttpClient/4.5.14 (Java/17.0.12)
1 > Accept-Encoding: gzip,deflate
{"user":{"email":"pruebakarate@test.com","password":"karate123"}}

02:58:45.399 [main] DEBUG com.intuit.karate - response time in milliseconds: 854
1 < 200
1 < x-powered-by: Express
1 < vary: Origin
1 < content-type: application/json; charset=utf-8
1 < etag: W/"13e-ULCMnycv5LsKkPcHCjxAh5Ku2rk"
1 < x-cloud-trace-context: d5fff3e20dc7c7a238f255825fd59eb8;o=1
1 < date: Wed, 13 Aug 2025 07:58:45 GMT
1 < server: Google Frontend
1 < Content-Length: 318
{"user":{"email":"pruebakarate@test.com","username":"Alvariytomyg","bio":null,"image":"https://conduit-api.bondaracademy.com/images/smiley-cyrus.jpeg","token":"eyJhbGciOiJIUzI1NiIsInR5cCI6IkpXVCJ9.eyJ1c2VyIjp7ImlkIjoxMzE4Nn0sImlhdCI6MTc1NTA3MTkyNSwiZXhwIjoxNzYwMjU1OTI1fQ.8WeC6Q6pOUABMAZU5P2qOCciIwHALoD6DDdrwghxdTs"}}

02:58:45.402 [main] INFO  com.intuit.karate - << lock released, cached callSingle: classpath:helpers/CreateToken.feature
02:58:45.410 [main] DEBUG com.intuit.karate - request:
1 > POST https://conduit-api.bondaracademy.com/api/articles
1 > Authorization: Token eyJhbGciOiJIUzI1NiIsInR5cCI6IkpXVCJ9.eyJ1c2VyIjp7ImlkIjoxMzE4Nn0sImlhdCI6MTc1NTA3MTkyNSwiZXhwIjoxNzYwMjU1OTI1fQ.8WeC6Q6pOUABMAZU5P2qOCciIwHALoD6DDdrwghxdTs
1 > Content-Type: application/json; charset=UTF-8
1 > Content-Length: 117
1 > Host: conduit-api.bondaracademy.com
1 > Connection: Keep-Alive
1 > User-Agent: Apache-HttpClient/4.5.14 (Java/17.0.12)
1 > Accept-Encoding: gzip,deflate
{"article":{"title":"Creando Articulo82","description":"es una prueba82","body":"practicando Karate82","tagList":[]}}

02:58:46.184 [main] DEBUG com.intuit.karate - response time in milliseconds: 773
1 < 201
1 < x-powered-by: Express
1 < vary: Origin
1 < content-type: application/json; charset=utf-8
1 < etag: W/"195-RVV6akV+zWx8dHq5GyczVCk6T5I"
1 < x-cloud-trace-context: 382645b00883afbe22f02d03cb12b61a
1 < date: Wed, 13 Aug 2025 07:58:46 GMT
1 < server: Google Frontend
1 < Content-Length: 405
{"article":{"slug":"Creando-Articulo82-13186","title":"Creando Articulo82","description":"es una prueba82","body":"practicando Karate82","tagList":[],"createdAt":"2025-08-13T07:58:46.019Z","updatedAt":"2025-08-13T07:58:46.019Z","favorited":false,"favoritesCount":0,"author":{"username":"Alvariytomyg","bio":null,"image":"https://conduit-api.bondaracademy.com/images/smiley-cyrus.jpeg","following":false}}}

02:58:46.194 [main] ERROR com.intuit.karate - classpath:conduitApp/feature/Articles.feature:13
And match response.article.title == 'Creando Articulo81'
match failed: EQUALS
  $ | not equal (STRING:STRING)
  'Creando Articulo82'
  'Creando Articulo81'

classpath:conduitApp/feature/Articles.feature:13
02:59:00.127 [main] INFO  com.intuit.karate.Runner - using system property 'karate.options': --tags @debug
02:59:00.347 [main] DEBUG com.intuit.karate.Suite - [config] classpath:karate-config.js
02:59:00.887 [main] INFO  com.intuit.karate - karate.env system property was: null 
02:59:00.890 [main] INFO  com.intuit.karate - >> lock acquired, begin callSingle: classpath:helpers/CreateToken.feature
02:59:01.086 [main] DEBUG com.intuit.karate - request:
1 > POST https://conduit-api.bondaracademy.com/api/users/login
1 > Content-Type: application/json; charset=UTF-8
1 > Content-Length: 65
1 > Host: conduit-api.bondaracademy.com
1 > Connection: Keep-Alive
1 > User-Agent: Apache-HttpClient/4.5.14 (Java/17.0.12)
1 > Accept-Encoding: gzip,deflate
{"user":{"email":"pruebakarate@test.com","password":"karate123"}}

02:59:01.948 [main] DEBUG com.intuit.karate - response time in milliseconds: 860
1 < 200
1 < x-powered-by: Express
1 < vary: Origin
1 < content-type: application/json; charset=utf-8
1 < etag: W/"13e-K1ABa4KWPt1H2f1GFgAX3Dppu7Q"
1 < x-cloud-trace-context: 8bba8c142a6a23e3c9efe6c63b31a852;o=1
1 < date: Wed, 13 Aug 2025 07:59:01 GMT
1 < server: Google Frontend
1 < Content-Length: 318
{"user":{"email":"pruebakarate@test.com","username":"Alvariytomyg","bio":null,"image":"https://conduit-api.bondaracademy.com/images/smiley-cyrus.jpeg","token":"eyJhbGciOiJIUzI1NiIsInR5cCI6IkpXVCJ9.eyJ1c2VyIjp7ImlkIjoxMzE4Nn0sImlhdCI6MTc1NTA3MTk0MSwiZXhwIjoxNzYwMjU1OTQxfQ.ctMG5iSoERduyeZPG2xBKyOLZhG22o13Ncbphj2jJNA"}}

02:59:01.953 [main] INFO  com.intuit.karate - << lock released, cached callSingle: classpath:helpers/CreateToken.feature
02:59:01.959 [main] DEBUG com.intuit.karate - request:
1 > POST https://conduit-api.bondaracademy.com/api/articles
1 > Authorization: Token eyJhbGciOiJIUzI1NiIsInR5cCI6IkpXVCJ9.eyJ1c2VyIjp7ImlkIjoxMzE4Nn0sImlhdCI6MTc1NTA3MTk0MSwiZXhwIjoxNzYwMjU1OTQxfQ.ctMG5iSoERduyeZPG2xBKyOLZhG22o13Ncbphj2jJNA
1 > Content-Type: application/json; charset=UTF-8
1 > Content-Length: 117
1 > Host: conduit-api.bondaracademy.com
1 > Connection: Keep-Alive
1 > User-Agent: Apache-HttpClient/4.5.14 (Java/17.0.12)
1 > Accept-Encoding: gzip,deflate
{"article":{"title":"Creando Articulo83","description":"es una prueba83","body":"practicando Karate83","tagList":[]}}

02:59:02.769 [main] DEBUG com.intuit.karate - response time in milliseconds: 808
1 < 201
1 < x-powered-by: Express
1 < vary: Origin
1 < content-type: application/json; charset=utf-8
1 < etag: W/"195-6D/Km0qngxakweJJLp4MJ8/H2A0"
1 < x-cloud-trace-context: e96408b9cbaf2fb4c74ba7367f5e05fe
1 < date: Wed, 13 Aug 2025 07:59:02 GMT
1 < server: Google Frontend
1 < Content-Length: 405
{"article":{"slug":"Creando-Articulo83-13186","title":"Creando Articulo83","description":"es una prueba83","body":"practicando Karate83","tagList":[],"createdAt":"2025-08-13T07:59:02.601Z","updatedAt":"2025-08-13T07:59:02.601Z","favorited":false,"favoritesCount":0,"author":{"username":"Alvariytomyg","bio":null,"image":"https://conduit-api.bondaracademy.com/images/smiley-cyrus.jpeg","following":false}}}

03:08:27.605 [main] INFO  com.intuit.karate.Runner - using system property 'karate.options': --tags @debug
03:08:27.822 [main] DEBUG com.intuit.karate.Suite - [config] classpath:karate-config.js
03:08:28.357 [main] INFO  com.intuit.karate - karate.env system property was: null 
03:08:28.361 [main] INFO  com.intuit.karate - >> lock acquired, begin callSingle: classpath:helpers/CreateToken.feature
03:08:28.571 [main] DEBUG com.intuit.karate - request:
1 > POST https://conduit-api.bondaracademy.com/api/users/login
1 > Content-Type: application/json; charset=UTF-8
1 > Content-Length: 65
1 > Host: conduit-api.bondaracademy.com
1 > Connection: Keep-Alive
1 > User-Agent: Apache-HttpClient/4.5.14 (Java/17.0.12)
1 > Accept-Encoding: gzip,deflate
{"user":{"email":"pruebakarate@test.com","password":"karate123"}}

03:08:29.594 [main] DEBUG com.intuit.karate - response time in milliseconds: 1022
1 < 200
1 < x-powered-by: Express
1 < vary: Origin
1 < content-type: application/json; charset=utf-8
1 < etag: W/"13e-UZlyeTF1W5GcF/zMI54E7Eumjvc"
1 < x-cloud-trace-context: 090b6201769e3314c69fa6ed83df9bff;o=1
1 < date: Wed, 13 Aug 2025 08:08:29 GMT
1 < server: Google Frontend
1 < Content-Length: 318
{"user":{"email":"pruebakarate@test.com","username":"Alvariytomyg","bio":null,"image":"https://conduit-api.bondaracademy.com/images/smiley-cyrus.jpeg","token":"eyJhbGciOiJIUzI1NiIsInR5cCI6IkpXVCJ9.eyJ1c2VyIjp7ImlkIjoxMzE4Nn0sImlhdCI6MTc1NTA3MjUwOSwiZXhwIjoxNzYwMjU2NTA5fQ.af7I-qma6O_YpNQrODnpNUyhcGDKZ20Ay4BQ73fWDHY"}}

03:08:29.598 [main] INFO  com.intuit.karate - << lock released, cached callSingle: classpath:helpers/CreateToken.feature
03:08:29.689 [main] DEBUG com.intuit.karate - request:
1 > POST https://conduit-api.bondaracademy.com/api/articles
1 > Authorization: Token eyJhbGciOiJIUzI1NiIsInR5cCI6IkpXVCJ9.eyJ1c2VyIjp7ImlkIjoxMzE4Nn0sImlhdCI6MTc1NTA3MjUwOSwiZXhwIjoxNzYwMjU2NTA5fQ.af7I-qma6O_YpNQrODnpNUyhcGDKZ20Ay4BQ73fWDHY
1 > Content-Type: application/json; charset=UTF-8
1 > Content-Length: 104
1 > Host: conduit-api.bondaracademy.com
1 > Connection: Keep-Alive
1 > User-Agent: Apache-HttpClient/4.5.14 (Java/17.0.12)
1 > Accept-Encoding: gzip,deflate
{"article":{"title":"Rymolf","description":"Ar Noy","body":"Nothing burns like the cold.","tagList":[]}}

03:08:30.484 [main] DEBUG com.intuit.karate - response time in milliseconds: 795
1 < 201
1 < x-powered-by: Express
1 < vary: Origin
1 < content-type: application/json; charset=utf-8
1 < etag: W/"17c-MYsBIoQF/YZmOOn1O6UMS4g9Q38"
1 < x-cloud-trace-context: c2e95a9795d96e850b0cd6323d33a976
1 < date: Wed, 13 Aug 2025 08:08:30 GMT
1 < server: Google Frontend
1 < Content-Length: 380
{"article":{"slug":"Rymolf-13186","title":"Rymolf","description":"Ar Noy","body":"Nothing burns like the cold.","tagList":[],"createdAt":"2025-08-13T08:08:30.309Z","updatedAt":"2025-08-13T08:08:30.309Z","favorited":false,"favoritesCount":0,"author":{"username":"Alvariytomyg","bio":null,"image":"https://conduit-api.bondaracademy.com/images/smiley-cyrus.jpeg","following":false}}}

03:08:49.760 [main] INFO  com.intuit.karate.Runner - using system property 'karate.options': --tags @debug
03:08:49.973 [main] DEBUG com.intuit.karate.Suite - [config] classpath:karate-config.js
03:08:50.514 [main] INFO  com.intuit.karate - karate.env system property was: null 
03:08:50.516 [main] INFO  com.intuit.karate - >> lock acquired, begin callSingle: classpath:helpers/CreateToken.feature
03:08:50.720 [main] DEBUG com.intuit.karate - request:
1 > POST https://conduit-api.bondaracademy.com/api/users/login
1 > Content-Type: application/json; charset=UTF-8
1 > Content-Length: 65
1 > Host: conduit-api.bondaracademy.com
1 > Connection: Keep-Alive
1 > User-Agent: Apache-HttpClient/4.5.14 (Java/17.0.12)
1 > Accept-Encoding: gzip,deflate
{"user":{"email":"pruebakarate@test.com","password":"karate123"}}

03:08:51.570 [main] DEBUG com.intuit.karate - response time in milliseconds: 848
1 < 200
1 < x-powered-by: Express
1 < vary: Origin
1 < content-type: application/json; charset=utf-8
1 < etag: W/"13e-Dr13Hd0oVWJSk7gz9XSQzB4yvrs"
1 < x-cloud-trace-context: 20ab09aef2b1e3c040a5d1d071d6f1d5;o=1
1 < date: Wed, 13 Aug 2025 08:08:51 GMT
1 < server: Google Frontend
1 < Content-Length: 318
{"user":{"email":"pruebakarate@test.com","username":"Alvariytomyg","bio":null,"image":"https://conduit-api.bondaracademy.com/images/smiley-cyrus.jpeg","token":"eyJhbGciOiJIUzI1NiIsInR5cCI6IkpXVCJ9.eyJ1c2VyIjp7ImlkIjoxMzE4Nn0sImlhdCI6MTc1NTA3MjUzMSwiZXhwIjoxNzYwMjU2NTMxfQ.BlFmvkmZ0PSHSKEY-oRtivsAJqiZtRAQylBbctG14cI"}}

03:08:51.574 [main] INFO  com.intuit.karate - << lock released, cached callSingle: classpath:helpers/CreateToken.feature
03:08:51.661 [main] DEBUG com.intuit.karate - request:
1 > POST https://conduit-api.bondaracademy.com/api/articles
1 > Authorization: Token eyJhbGciOiJIUzI1NiIsInR5cCI6IkpXVCJ9.eyJ1c2VyIjp7ImlkIjoxMzE4Nn0sImlhdCI6MTc1NTA3MjUzMSwiZXhwIjoxNzYwMjU2NTMxfQ.BlFmvkmZ0PSHSKEY-oRtivsAJqiZtRAQylBbctG14cI
1 > Content-Type: application/json; charset=UTF-8
1 > Content-Length: 131
1 > Host: conduit-api.bondaracademy.com
1 > Connection: Keep-Alive
1 > User-Agent: Apache-HttpClient/4.5.14 (Java/17.0.12)
1 > Accept-Encoding: gzip,deflate
{"article":{"title":"Jommo","description":"Ar Noy","body":"A lion doesn't concern itself with the opinion of sheep.","tagList":[]}}

03:08:52.448 [main] DEBUG com.intuit.karate - response time in milliseconds: 786
1 < 201
1 < x-powered-by: Express
1 < vary: Origin
1 < content-type: application/json; charset=utf-8
1 < etag: W/"196-t2rRUcTTh4QrcNKgHfoUzVJOp9E"
1 < x-cloud-trace-context: 37ad4080616e3edfba6e625c25efee9c
1 < date: Wed, 13 Aug 2025 08:08:52 GMT
1 < server: Google Frontend
1 < Content-Length: 406
{"article":{"slug":"Jommo-13186","title":"Jommo","description":"Ar Noy","body":"A lion doesn't concern itself with the opinion of sheep.","tagList":[],"createdAt":"2025-08-13T08:08:52.277Z","updatedAt":"2025-08-13T08:08:52.277Z","favorited":false,"favoritesCount":0,"author":{"username":"Alvariytomyg","bio":null,"image":"https://conduit-api.bondaracademy.com/images/smiley-cyrus.jpeg","following":false}}}

03:08:52.461 [main] INFO  com.intuit.karate - karate.env system property was: null 
03:08:52.484 [main] DEBUG com.intuit.karate - request:
1 > POST https://conduit-api.bondaracademy.com/api/articles
1 > Authorization: Token eyJhbGciOiJIUzI1NiIsInR5cCI6IkpXVCJ9.eyJ1c2VyIjp7ImlkIjoxMzE4Nn0sImlhdCI6MTc1NTA3MjUzMSwiZXhwIjoxNzYwMjU2NTMxfQ.BlFmvkmZ0PSHSKEY-oRtivsAJqiZtRAQylBbctG14cI
1 > Content-Type: application/json; charset=UTF-8
1 > Content-Length: 193
1 > Host: conduit-api.bondaracademy.com
1 > Connection: Keep-Alive
1 > User-Agent: Apache-HttpClient/4.5.14 (Java/17.0.12)
1 > Accept-Encoding: gzip,deflate
{"article":{"title":"Theo Wull","description":"Tyrosh","body":"Never forget who you are. The rest of the world won't. Wear it like an armor and it can never be used against you.","tagList":[]}}

03:08:53.278 [main] DEBUG com.intuit.karate - response time in milliseconds: 793
1 < 201
1 < x-powered-by: Express
1 < vary: Origin
1 < content-type: application/json; charset=utf-8
1 < etag: W/"1d8-UJr/KGqN9iGUoxSMXkgxp2PYyhg"
1 < x-cloud-trace-context: d14d96ecfd9551abb0e01f2e7456f915
1 < date: Wed, 13 Aug 2025 08:08:53 GMT
1 < server: Google Frontend
1 < Content-Length: 472
{"article":{"slug":"Theo-Wull-13186","title":"Theo Wull","description":"Tyrosh","body":"Never forget who you are. The rest of the world won't. Wear it like an armor and it can never be used against you.","tagList":[],"createdAt":"2025-08-13T08:08:53.100Z","updatedAt":"2025-08-13T08:08:53.100Z","favorited":false,"favoritesCount":0,"author":{"username":"Alvariytomyg","bio":null,"image":"https://conduit-api.bondaracademy.com/images/smiley-cyrus.jpeg","following":false}}}

03:08:53.284 [main] DEBUG com.intuit.karate - request:
2 > GET https://conduit-api.bondaracademy.com/api/articles?limt=10&offset=0
2 > Authorization: Token eyJhbGciOiJIUzI1NiIsInR5cCI6IkpXVCJ9.eyJ1c2VyIjp7ImlkIjoxMzE4Nn0sImlhdCI6MTc1NTA3MjUzMSwiZXhwIjoxNzYwMjU2NTMxfQ.BlFmvkmZ0PSHSKEY-oRtivsAJqiZtRAQylBbctG14cI
2 > Host: conduit-api.bondaracademy.com
2 > Connection: Keep-Alive
2 > User-Agent: Apache-HttpClient/4.5.14 (Java/17.0.12)
2 > Accept-Encoding: gzip,deflate


03:08:54.134 [main] DEBUG com.intuit.karate - response time in milliseconds: 848
2 < 200
2 < x-powered-by: Express
2 < vary: Origin
2 < content-type: application/json; charset=utf-8
2 < etag: W/"fb0-zYyguAaLRecPriXchEU1idHRgow"
2 < x-cloud-trace-context: 57cc9e9d5233c18452157fb83c953394
2 < date: Wed, 13 Aug 2025 08:08:54 GMT
2 < server: Google Frontend
2 < Content-Length: 4016
{"articles":[{"slug":"Theo-Wull-13186","title":"Theo Wull","description":"Tyrosh","body":"Never forget who you are. The rest of the world won't. Wear it like an armor and it can never be used against you.","tagList":[],"createdAt":"2025-08-13T08:08:53.100Z","updatedAt":"2025-08-13T08:08:53.100Z","favorited":false,"favoritesCount":0,"author":{"username":"Alvariytomyg","bio":null,"image":"https://conduit-api.bondaracademy.com/images/smiley-cyrus.jpeg","following":false}},{"slug":"Jommo-13186","title":"Jommo","description":"Ar Noy","body":"A lion doesn't concern itself with the opinion of sheep.","tagList":[],"createdAt":"2025-08-13T08:08:52.277Z","updatedAt":"2025-08-13T08:08:52.277Z","favorited":false,"favoritesCount":0,"author":{"username":"Alvariytomyg","bio":null,"image":"https://conduit-api.bondaracademy.com/images/smiley-cyrus.jpeg","following":false}},{"slug":"Rymolf-13186","title":"Rymolf","description":"Ar Noy","body":"Nothing burns like the cold.","tagList":[],"createdAt":"2025-08-13T08:08:30.309Z","updatedAt":"2025-08-13T08:08:30.309Z","favorited":false,"favoritesCount":0,"author":{"username":"Alvariytomyg","bio":null,"image":"https://conduit-api.bondaracademy.com/images/smiley-cyrus.jpeg","following":false}},{"slug":"Creando-Articulo83-13186","title":"Creando Articulo83","description":"es una prueba83","body":"practicando Karate83","tagList":[],"createdAt":"2025-08-13T07:59:02.601Z","updatedAt":"2025-08-13T07:59:02.601Z","favorited":false,"favoritesCount":0,"author":{"username":"Alvariytomyg","bio":null,"image":"https://conduit-api.bondaracademy.com/images/smiley-cyrus.jpeg","following":false}},{"slug":"Creando-Articulo82-13186","title":"Creando Articulo82","description":"es una prueba82","body":"practicando Karate82","tagList":[],"createdAt":"2025-08-13T07:58:46.019Z","updatedAt":"2025-08-13T07:58:46.019Z","favorited":false,"favoritesCount":0,"author":{"username":"Alvariytomyg","bio":null,"image":"https://conduit-api.bondaracademy.com/images/smiley-cyrus.jpeg","following":false}},{"slug":"Creando-Articulo81-13186","title":"Creando Articulo81","description":"es una prueba81","body":"practicando Karate81","tagList":[],"createdAt":"2025-08-13T07:56:49.242Z","updatedAt":"2025-08-13T07:56:49.242Z","favorited":false,"favoritesCount":0,"author":{"username":"Alvariytomyg","bio":null,"image":"https://conduit-api.bondaracademy.com/images/smiley-cyrus.jpeg","following":false}},{"slug":"Creando-Articulo80-13186","title":"Creando Articulo80","description":"es una prueba80","body":"practicando Karate80","tagList":[],"createdAt":"2025-08-13T07:55:49.010Z","updatedAt":"2025-08-13T07:55:49.010Z","favorited":false,"favoritesCount":0,"author":{"username":"Alvariytomyg","bio":null,"image":"https://conduit-api.bondaracademy.com/images/smiley-cyrus.jpeg","following":false}},{"slug":"Creando-Articulo14-13186","title":"Creando Articulo14","description":"es una prueba14","body":"practicando Karate14","tagList":[],"createdAt":"2025-08-13T07:43:46.793Z","updatedAt":"2025-08-13T07:43:46.793Z","favorited":false,"favoritesCount":0,"author":{"username":"Alvariytomyg","bio":null,"image":"https://conduit-api.bondaracademy.com/images/smiley-cyrus.jpeg","following":false}},{"slug":"Creando-Articulo13-13186","title":"Creando Articulo13","description":"es una prueba11","body":"practicando Karate11","tagList":[],"createdAt":"2025-08-13T02:43:35.040Z","updatedAt":"2025-08-13T02:43:35.040Z","favorited":false,"favoritesCount":0,"author":{"username":"Alvariytomyg","bio":null,"image":"https://conduit-api.bondaracademy.com/images/smiley-cyrus.jpeg","following":false}},{"slug":"Creando-Articulo12-13186","title":"Creando Articulo12","description":"es una prueba12","body":"practicando Karate12","tagList":[],"createdAt":"2025-08-13T02:02:35.692Z","updatedAt":"2025-08-13T02:02:35.692Z","favorited":false,"favoritesCount":0,"author":{"username":"Alvariytomyg","bio":null,"image":"https://conduit-api.bondaracademy.com/images/smiley-cyrus.jpeg","following":false}}],"articlesCount":24}

03:08:54.145 [main] DEBUG com.intuit.karate - request:
3 > DELETE https://conduit-api.bondaracademy.com/api/articles/Theo-Wull-13186
3 > Authorization: Token eyJhbGciOiJIUzI1NiIsInR5cCI6IkpXVCJ9.eyJ1c2VyIjp7ImlkIjoxMzE4Nn0sImlhdCI6MTc1NTA3MjUzMSwiZXhwIjoxNzYwMjU2NTMxfQ.BlFmvkmZ0PSHSKEY-oRtivsAJqiZtRAQylBbctG14cI
3 > Host: conduit-api.bondaracademy.com
3 > Connection: Keep-Alive
3 > User-Agent: Apache-HttpClient/4.5.14 (Java/17.0.12)
3 > Accept-Encoding: gzip,deflate


03:08:54.868 [main] DEBUG com.intuit.karate - response time in milliseconds: 723
3 < 204
3 < x-powered-by: Express
3 < vary: Origin
3 < etag: W/"a-bAsFyilMr4Ra1hIU5PyoyFRunpI"
3 < x-cloud-trace-context: 4a5bdfa01e8bda8c0b62e9e5e746e4b9
3 < date: Wed, 13 Aug 2025 08:08:54 GMT
3 < content-type: text/html
3 < server: Google Frontend


03:08:54.871 [main] DEBUG com.intuit.karate - request:
4 > GET https://conduit-api.bondaracademy.com/api/articles?limt=10&offset=0
4 > Authorization: Token eyJhbGciOiJIUzI1NiIsInR5cCI6IkpXVCJ9.eyJ1c2VyIjp7ImlkIjoxMzE4Nn0sImlhdCI6MTc1NTA3MjUzMSwiZXhwIjoxNzYwMjU2NTMxfQ.BlFmvkmZ0PSHSKEY-oRtivsAJqiZtRAQylBbctG14cI
4 > Host: conduit-api.bondaracademy.com
4 > Connection: Keep-Alive
4 > User-Agent: Apache-HttpClient/4.5.14 (Java/17.0.12)
4 > Accept-Encoding: gzip,deflate


03:08:55.832 [main] DEBUG com.intuit.karate - response time in milliseconds: 960
4 < 200
4 < x-powered-by: Express
4 < vary: Origin
4 < content-type: application/json; charset=utf-8
4 < etag: W/"f6b-WslcbX4oZ4i1zETs+cZSl4p1bsg"
4 < x-cloud-trace-context: 12cbe23a32206e0bfd0ce368b4db8eb3
4 < date: Wed, 13 Aug 2025 08:08:55 GMT
4 < server: Google Frontend
4 < Content-Length: 3947
{"articles":[{"slug":"Jommo-13186","title":"Jommo","description":"Ar Noy","body":"A lion doesn't concern itself with the opinion of sheep.","tagList":[],"createdAt":"2025-08-13T08:08:52.277Z","updatedAt":"2025-08-13T08:08:52.277Z","favorited":false,"favoritesCount":0,"author":{"username":"Alvariytomyg","bio":null,"image":"https://conduit-api.bondaracademy.com/images/smiley-cyrus.jpeg","following":false}},{"slug":"Rymolf-13186","title":"Rymolf","description":"Ar Noy","body":"Nothing burns like the cold.","tagList":[],"createdAt":"2025-08-13T08:08:30.309Z","updatedAt":"2025-08-13T08:08:30.309Z","favorited":false,"favoritesCount":0,"author":{"username":"Alvariytomyg","bio":null,"image":"https://conduit-api.bondaracademy.com/images/smiley-cyrus.jpeg","following":false}},{"slug":"Creando-Articulo83-13186","title":"Creando Articulo83","description":"es una prueba83","body":"practicando Karate83","tagList":[],"createdAt":"2025-08-13T07:59:02.601Z","updatedAt":"2025-08-13T07:59:02.601Z","favorited":false,"favoritesCount":0,"author":{"username":"Alvariytomyg","bio":null,"image":"https://conduit-api.bondaracademy.com/images/smiley-cyrus.jpeg","following":false}},{"slug":"Creando-Articulo82-13186","title":"Creando Articulo82","description":"es una prueba82","body":"practicando Karate82","tagList":[],"createdAt":"2025-08-13T07:58:46.019Z","updatedAt":"2025-08-13T07:58:46.019Z","favorited":false,"favoritesCount":0,"author":{"username":"Alvariytomyg","bio":null,"image":"https://conduit-api.bondaracademy.com/images/smiley-cyrus.jpeg","following":false}},{"slug":"Creando-Articulo81-13186","title":"Creando Articulo81","description":"es una prueba81","body":"practicando Karate81","tagList":[],"createdAt":"2025-08-13T07:56:49.242Z","updatedAt":"2025-08-13T07:56:49.242Z","favorited":false,"favoritesCount":0,"author":{"username":"Alvariytomyg","bio":null,"image":"https://conduit-api.bondaracademy.com/images/smiley-cyrus.jpeg","following":false}},{"slug":"Creando-Articulo80-13186","title":"Creando Articulo80","description":"es una prueba80","body":"practicando Karate80","tagList":[],"createdAt":"2025-08-13T07:55:49.010Z","updatedAt":"2025-08-13T07:55:49.010Z","favorited":false,"favoritesCount":0,"author":{"username":"Alvariytomyg","bio":null,"image":"https://conduit-api.bondaracademy.com/images/smiley-cyrus.jpeg","following":false}},{"slug":"Creando-Articulo14-13186","title":"Creando Articulo14","description":"es una prueba14","body":"practicando Karate14","tagList":[],"createdAt":"2025-08-13T07:43:46.793Z","updatedAt":"2025-08-13T07:43:46.793Z","favorited":false,"favoritesCount":0,"author":{"username":"Alvariytomyg","bio":null,"image":"https://conduit-api.bondaracademy.com/images/smiley-cyrus.jpeg","following":false}},{"slug":"Creando-Articulo13-13186","title":"Creando Articulo13","description":"es una prueba11","body":"practicando Karate11","tagList":[],"createdAt":"2025-08-13T02:43:35.040Z","updatedAt":"2025-08-13T02:43:35.040Z","favorited":false,"favoritesCount":0,"author":{"username":"Alvariytomyg","bio":null,"image":"https://conduit-api.bondaracademy.com/images/smiley-cyrus.jpeg","following":false}},{"slug":"Creando-Articulo12-13186","title":"Creando Articulo12","description":"es una prueba12","body":"practicando Karate12","tagList":[],"createdAt":"2025-08-13T02:02:35.692Z","updatedAt":"2025-08-13T02:02:35.692Z","favorited":false,"favoritesCount":0,"author":{"username":"Alvariytomyg","bio":null,"image":"https://conduit-api.bondaracademy.com/images/smiley-cyrus.jpeg","following":false}},{"slug":"Probando-Articulo9-13186","title":"Probando Articulo9","description":"es una prueba9","body":"practicando Karate9","tagList":[],"createdAt":"2025-06-25T21:57:45.735Z","updatedAt":"2025-06-25T21:57:45.735Z","favorited":false,"favoritesCount":0,"author":{"username":"Alvariytomyg","bio":null,"image":"https://conduit-api.bondaracademy.com/images/smiley-cyrus.jpeg","following":false}}],"articlesCount":23}

09:55:56.593 [main] INFO  com.intuit.karate.Runner - using system property 'karate.options': --tags @debug
09:55:56.656 [main] INFO  com.intuit.karate.Runner - using system property 'karate.env': qa
09:55:56.818 [main] DEBUG com.intuit.karate.Suite - [config] classpath:karate-config.js
09:57:26.999 [main] DEBUG com.intuit.karate.Suite - [config] classpath:karate-config.js
09:57:27.534 [main] INFO  com.intuit.karate - karate.env system property was: null 
09:57:27.537 [main] INFO  com.intuit.karate - >> lock acquired, begin callSingle: classpath:helpers/CreateToken.feature
09:57:27.797 [main] DEBUG com.intuit.karate - request:
1 > POST https://conduit-api.bondaracademy.com/api/users/login
1 > Content-Type: application/json; charset=UTF-8
1 > Content-Length: 65
1 > Host: conduit-api.bondaracademy.com
1 > Connection: Keep-Alive
1 > User-Agent: Apache-HttpClient/4.5.14 (Java/17.0.12)
1 > Accept-Encoding: gzip,deflate
{"user":{"email":"pruebakarate@test.com","password":"karate123"}}

09:57:28.948 [main] DEBUG com.intuit.karate - response time in milliseconds: 1148
1 < 200
1 < x-powered-by: Express
1 < vary: Origin
1 < content-type: application/json; charset=utf-8
1 < etag: W/"13e-8IKyxRFnrUy9yWPnMEw8/ReSGrc"
1 < x-cloud-trace-context: e6f00b23bc8372c7a176d31fc5ce1b11;o=1
1 < date: Wed, 13 Aug 2025 14:57:26 GMT
1 < server: Google Frontend
1 < Content-Length: 318
{"user":{"email":"pruebakarate@test.com","username":"Alvariytomyg","bio":null,"image":"https://conduit-api.bondaracademy.com/images/smiley-cyrus.jpeg","token":"eyJhbGciOiJIUzI1NiIsInR5cCI6IkpXVCJ9.eyJ1c2VyIjp7ImlkIjoxMzE4Nn0sImlhdCI6MTc1NTA5NzA0NiwiZXhwIjoxNzYwMjgxMDQ2fQ.2BV90GCDyLmFurDZX4U6XLXvwHh5JDB_FgtyfFMwNvc"}}

09:57:28.953 [main] INFO  com.intuit.karate - << lock released, cached callSingle: classpath:helpers/CreateToken.feature
09:57:29.057 [main] DEBUG com.intuit.karate - request:
1 > POST https://conduit-api.bondaracademy.com/api/articles
1 > Authorization: Token eyJhbGciOiJIUzI1NiIsInR5cCI6IkpXVCJ9.eyJ1c2VyIjp7ImlkIjoxMzE4Nn0sImlhdCI6MTc1NTA5NzA0NiwiZXhwIjoxNzYwMjgxMDQ2fQ.2BV90GCDyLmFurDZX4U6XLXvwHh5JDB_FgtyfFMwNvc
1 > Content-Type: application/json; charset=UTF-8
1 > Content-Length: 206
1 > Host: conduit-api.bondaracademy.com
1 > Connection: Keep-Alive
1 > User-Agent: Apache-HttpClient/4.5.14 (Java/17.0.12)
1 > Accept-Encoding: gzip,deflate
{"article":{"title":"Theo Frey","description":"Ar Noy","body":"Power is a curious thing. Who lives, Who dies. Power resides where men believe it resides. It is a trick, A shadow on the wall.","tagList":[]}}

09:57:29.860 [main] DEBUG com.intuit.karate - response time in milliseconds: 801
1 < 201
1 < x-powered-by: Express
1 < vary: Origin
1 < content-type: application/json; charset=utf-8
1 < etag: W/"1e5-yxqIjnVgshKJpQgpsAAs7LDeRnA"
1 < x-cloud-trace-context: 0dcdccdc6a47424382a5f44aff5d1dc1
1 < date: Wed, 13 Aug 2025 14:57:27 GMT
1 < server: Google Frontend
1 < Content-Length: 485
{"article":{"slug":"Theo-Frey-13186","title":"Theo Frey","description":"Ar Noy","body":"Power is a curious thing. Who lives, Who dies. Power resides where men believe it resides. It is a trick, A shadow on the wall.","tagList":[],"createdAt":"2025-08-13T14:57:27.335Z","updatedAt":"2025-08-13T14:57:27.335Z","favorited":false,"favoritesCount":0,"author":{"username":"Alvariytomyg","bio":null,"image":"https://conduit-api.bondaracademy.com/images/smiley-cyrus.jpeg","following":false}}}

09:57:29.878 [main] INFO  com.intuit.karate - karate.env system property was: null 
09:57:29.901 [main] DEBUG com.intuit.karate - request:
1 > POST https://conduit-api.bondaracademy.com/api/articles
1 > Authorization: Token eyJhbGciOiJIUzI1NiIsInR5cCI6IkpXVCJ9.eyJ1c2VyIjp7ImlkIjoxMzE4Nn0sImlhdCI6MTc1NTA5NzA0NiwiZXhwIjoxNzYwMjgxMDQ2fQ.2BV90GCDyLmFurDZX4U6XLXvwHh5JDB_FgtyfFMwNvc
1 > Content-Type: application/json; charset=UTF-8
1 > Content-Length: 174
1 > Host: conduit-api.bondaracademy.com
1 > Connection: Keep-Alive
1 > User-Agent: Apache-HttpClient/4.5.14 (Java/17.0.12)
1 > Accept-Encoding: gzip,deflate
{"article":{"title":"Steffon Hollard","description":"Old Ghis","body":"When the snows fall and the white winds blow, the lone wolf dies but the pack survives.","tagList":[]}}

09:57:30.717 [main] DEBUG com.intuit.karate - response time in milliseconds: 816
1 < 201
1 < x-powered-by: Express
1 < vary: Origin
1 < content-type: application/json; charset=utf-8
1 < etag: W/"1cb-BgzICTPAbAnrlytfCNYGeDxE2Tw"
1 < x-cloud-trace-context: 19d801c6ab68903fa78e7df0d9184701
1 < date: Wed, 13 Aug 2025 14:57:28 GMT
1 < server: Google Frontend
1 < Content-Length: 459
{"article":{"slug":"Steffon-Hollard-13186","title":"Steffon Hollard","description":"Old Ghis","body":"When the snows fall and the white winds blow, the lone wolf dies but the pack survives.","tagList":[],"createdAt":"2025-08-13T14:57:28.200Z","updatedAt":"2025-08-13T14:57:28.200Z","favorited":false,"favoritesCount":0,"author":{"username":"Alvariytomyg","bio":null,"image":"https://conduit-api.bondaracademy.com/images/smiley-cyrus.jpeg","following":false}}}

09:57:30.722 [main] DEBUG com.intuit.karate - request:
2 > GET https://conduit-api.bondaracademy.com/api/articles?limt=10&offset=0
2 > Authorization: Token eyJhbGciOiJIUzI1NiIsInR5cCI6IkpXVCJ9.eyJ1c2VyIjp7ImlkIjoxMzE4Nn0sImlhdCI6MTc1NTA5NzA0NiwiZXhwIjoxNzYwMjgxMDQ2fQ.2BV90GCDyLmFurDZX4U6XLXvwHh5JDB_FgtyfFMwNvc
2 > Host: conduit-api.bondaracademy.com
2 > Connection: Keep-Alive
2 > User-Agent: Apache-HttpClient/4.5.14 (Java/17.0.12)
2 > Accept-Encoding: gzip,deflate


09:57:31.600 [main] DEBUG com.intuit.karate - response time in milliseconds: 878
2 < 200
2 < x-powered-by: Express
2 < vary: Origin
2 < content-type: application/json; charset=utf-8
2 < etag: W/"105f-6UEE6Ls6i1Yp3pnrv3hlNDGOwXI"
2 < x-cloud-trace-context: babc4629cc492680b650763e2abfcfe7
2 < date: Wed, 13 Aug 2025 14:57:29 GMT
2 < server: Google Frontend
2 < Content-Length: 4191
{"articles":[{"slug":"Steffon-Hollard-13186","title":"Steffon Hollard","description":"Old Ghis","body":"When the snows fall and the white winds blow, the lone wolf dies but the pack survives.","tagList":[],"createdAt":"2025-08-13T14:57:28.200Z","updatedAt":"2025-08-13T14:57:28.200Z","favorited":false,"favoritesCount":0,"author":{"username":"Alvariytomyg","bio":null,"image":"https://conduit-api.bondaracademy.com/images/smiley-cyrus.jpeg","following":false}},{"slug":"Theo-Frey-13186","title":"Theo Frey","description":"Ar Noy","body":"Power is a curious thing. Who lives, Who dies. Power resides where men believe it resides. It is a trick, A shadow on the wall.","tagList":[],"createdAt":"2025-08-13T14:57:27.335Z","updatedAt":"2025-08-13T14:57:27.335Z","favorited":false,"favoritesCount":0,"author":{"username":"Alvariytomyg","bio":null,"image":"https://conduit-api.bondaracademy.com/images/smiley-cyrus.jpeg","following":false}},{"slug":"Hugo-Wull-13186","title":"Hugo Wull","description":"Mantarys","body":"Why is it that when one man builds a wall, the next man immediately needs to know what's on the other side?","tagList":[],"createdAt":"2025-08-13T08:31:38.858Z","updatedAt":"2025-08-13T08:31:38.858Z","favorited":false,"favoritesCount":0,"author":{"username":"Alvariytomyg","bio":null,"image":"https://conduit-api.bondaracademy.com/images/smiley-cyrus.jpeg","following":false}},{"slug":"Bryan-of-Oldtown-13186","title":"Bryan of Oldtown","description":"Myr","body":"... a mind needs books as a sword needs a whetstone, if it is to keep its edge.","tagList":[],"createdAt":"2025-08-13T08:31:37.446Z","updatedAt":"2025-08-13T08:31:37.446Z","favorited":false,"favoritesCount":0,"author":{"username":"Alvariytomyg","bio":null,"image":"https://conduit-api.bondaracademy.com/images/smiley-cyrus.jpeg","following":false}},{"slug":"Grazhar-zo-Galare-13186","title":"Grazhar zo Galare","description":"Qarth","body":"Fear cuts deeper than swords.","tagList":[],"createdAt":"2025-08-13T08:12:57.407Z","updatedAt":"2025-08-13T08:12:57.407Z","favorited":false,"favoritesCount":0,"author":{"username":"Alvariytomyg","bio":null,"image":"https://conduit-api.bondaracademy.com/images/smiley-cyrus.jpeg","following":false}},{"slug":"Falyse-Stokeworth-13186","title":"Falyse Stokeworth","description":"Astapor","body":"When you play a game of thrones you win or you die.","tagList":[],"createdAt":"2025-08-13T08:12:57.243Z","updatedAt":"2025-08-13T08:12:57.243Z","favorited":false,"favoritesCount":0,"author":{"username":"Alvariytomyg","bio":null,"image":"https://conduit-api.bondaracademy.com/images/smiley-cyrus.jpeg","following":false}},{"slug":"Myria-Jordayne-13186","title":"Myria Jordayne","description":"Samyrian","body":"The North remembers.","tagList":[],"createdAt":"2025-08-13T08:12:56.931Z","updatedAt":"2025-08-13T08:12:56.931Z","favorited":false,"favoritesCount":0,"author":{"username":"Alvariytomyg","bio":null,"image":"https://conduit-api.bondaracademy.com/images/smiley-cyrus.jpeg","following":false}},{"slug":"Jommo-13186","title":"Jommo","description":"Ar Noy","body":"A lion doesn't concern itself with the opinion of sheep.","tagList":[],"createdAt":"2025-08-13T08:08:52.277Z","updatedAt":"2025-08-13T08:08:52.277Z","favorited":false,"favoritesCount":0,"author":{"username":"Alvariytomyg","bio":null,"image":"https://conduit-api.bondaracademy.com/images/smiley-cyrus.jpeg","following":false}},{"slug":"Rymolf-13186","title":"Rymolf","description":"Ar Noy","body":"Nothing burns like the cold.","tagList":[],"createdAt":"2025-08-13T08:08:30.309Z","updatedAt":"2025-08-13T08:08:30.309Z","favorited":false,"favoritesCount":0,"author":{"username":"Alvariytomyg","bio":null,"image":"https://conduit-api.bondaracademy.com/images/smiley-cyrus.jpeg","following":false}},{"slug":"Creando-Articulo83-13186","title":"Creando Articulo83","description":"es una prueba83","body":"practicando Karate83","tagList":[],"createdAt":"2025-08-13T07:59:02.601Z","updatedAt":"2025-08-13T07:59:02.601Z","favorited":false,"favoritesCount":0,"author":{"username":"Alvariytomyg","bio":null,"image":"https://conduit-api.bondaracademy.com/images/smiley-cyrus.jpeg","following":false}}],"articlesCount":30}

09:57:31.610 [main] DEBUG com.intuit.karate - request:
3 > DELETE https://conduit-api.bondaracademy.com/api/articles/Steffon-Hollard-13186
3 > Authorization: Token eyJhbGciOiJIUzI1NiIsInR5cCI6IkpXVCJ9.eyJ1c2VyIjp7ImlkIjoxMzE4Nn0sImlhdCI6MTc1NTA5NzA0NiwiZXhwIjoxNzYwMjgxMDQ2fQ.2BV90GCDyLmFurDZX4U6XLXvwHh5JDB_FgtyfFMwNvc
3 > Host: conduit-api.bondaracademy.com
3 > Connection: Keep-Alive
3 > User-Agent: Apache-HttpClient/4.5.14 (Java/17.0.12)
3 > Accept-Encoding: gzip,deflate


09:57:32.344 [main] DEBUG com.intuit.karate - response time in milliseconds: 733
3 < 204
3 < x-powered-by: Express
3 < vary: Origin
3 < etag: W/"a-bAsFyilMr4Ra1hIU5PyoyFRunpI"
3 < x-cloud-trace-context: c361c95ee4e2448a66e68a03097bc4ad
3 < date: Wed, 13 Aug 2025 14:57:29 GMT
3 < content-type: text/html
3 < server: Google Frontend


09:57:32.347 [main] DEBUG com.intuit.karate - request:
4 > GET https://conduit-api.bondaracademy.com/api/articles?limt=10&offset=0
4 > Authorization: Token eyJhbGciOiJIUzI1NiIsInR5cCI6IkpXVCJ9.eyJ1c2VyIjp7ImlkIjoxMzE4Nn0sImlhdCI6MTc1NTA5NzA0NiwiZXhwIjoxNzYwMjgxMDQ2fQ.2BV90GCDyLmFurDZX4U6XLXvwHh5JDB_FgtyfFMwNvc
4 > Host: conduit-api.bondaracademy.com
4 > Connection: Keep-Alive
4 > User-Agent: Apache-HttpClient/4.5.14 (Java/17.0.12)
4 > Accept-Encoding: gzip,deflate


09:57:33.217 [main] DEBUG com.intuit.karate - response time in milliseconds: 869
4 < 200
4 < x-powered-by: Express
4 < vary: Origin
4 < content-type: application/json; charset=utf-8
4 < etag: W/"1029-eKOyELRcF5f+uK+ruFOzEtd8q94"
4 < x-cloud-trace-context: d8f0578e7b4da087ac5d07292fe39e94
4 < date: Wed, 13 Aug 2025 14:57:30 GMT
4 < server: Google Frontend
4 < Content-Length: 4137
{"articles":[{"slug":"Theo-Frey-13186","title":"Theo Frey","description":"Ar Noy","body":"Power is a curious thing. Who lives, Who dies. Power resides where men believe it resides. It is a trick, A shadow on the wall.","tagList":[],"createdAt":"2025-08-13T14:57:27.335Z","updatedAt":"2025-08-13T14:57:27.335Z","favorited":false,"favoritesCount":0,"author":{"username":"Alvariytomyg","bio":null,"image":"https://conduit-api.bondaracademy.com/images/smiley-cyrus.jpeg","following":false}},{"slug":"Hugo-Wull-13186","title":"Hugo Wull","description":"Mantarys","body":"Why is it that when one man builds a wall, the next man immediately needs to know what's on the other side?","tagList":[],"createdAt":"2025-08-13T08:31:38.858Z","updatedAt":"2025-08-13T08:31:38.858Z","favorited":false,"favoritesCount":0,"author":{"username":"Alvariytomyg","bio":null,"image":"https://conduit-api.bondaracademy.com/images/smiley-cyrus.jpeg","following":false}},{"slug":"Bryan-of-Oldtown-13186","title":"Bryan of Oldtown","description":"Myr","body":"... a mind needs books as a sword needs a whetstone, if it is to keep its edge.","tagList":[],"createdAt":"2025-08-13T08:31:37.446Z","updatedAt":"2025-08-13T08:31:37.446Z","favorited":false,"favoritesCount":0,"author":{"username":"Alvariytomyg","bio":null,"image":"https://conduit-api.bondaracademy.com/images/smiley-cyrus.jpeg","following":false}},{"slug":"Grazhar-zo-Galare-13186","title":"Grazhar zo Galare","description":"Qarth","body":"Fear cuts deeper than swords.","tagList":[],"createdAt":"2025-08-13T08:12:57.407Z","updatedAt":"2025-08-13T08:12:57.407Z","favorited":false,"favoritesCount":0,"author":{"username":"Alvariytomyg","bio":null,"image":"https://conduit-api.bondaracademy.com/images/smiley-cyrus.jpeg","following":false}},{"slug":"Falyse-Stokeworth-13186","title":"Falyse Stokeworth","description":"Astapor","body":"When you play a game of thrones you win or you die.","tagList":[],"createdAt":"2025-08-13T08:12:57.243Z","updatedAt":"2025-08-13T08:12:57.243Z","favorited":false,"favoritesCount":0,"author":{"username":"Alvariytomyg","bio":null,"image":"https://conduit-api.bondaracademy.com/images/smiley-cyrus.jpeg","following":false}},{"slug":"Myria-Jordayne-13186","title":"Myria Jordayne","description":"Samyrian","body":"The North remembers.","tagList":[],"createdAt":"2025-08-13T08:12:56.931Z","updatedAt":"2025-08-13T08:12:56.931Z","favorited":false,"favoritesCount":0,"author":{"username":"Alvariytomyg","bio":null,"image":"https://conduit-api.bondaracademy.com/images/smiley-cyrus.jpeg","following":false}},{"slug":"Jommo-13186","title":"Jommo","description":"Ar Noy","body":"A lion doesn't concern itself with the opinion of sheep.","tagList":[],"createdAt":"2025-08-13T08:08:52.277Z","updatedAt":"2025-08-13T08:08:52.277Z","favorited":false,"favoritesCount":0,"author":{"username":"Alvariytomyg","bio":null,"image":"https://conduit-api.bondaracademy.com/images/smiley-cyrus.jpeg","following":false}},{"slug":"Rymolf-13186","title":"Rymolf","description":"Ar Noy","body":"Nothing burns like the cold.","tagList":[],"createdAt":"2025-08-13T08:08:30.309Z","updatedAt":"2025-08-13T08:08:30.309Z","favorited":false,"favoritesCount":0,"author":{"username":"Alvariytomyg","bio":null,"image":"https://conduit-api.bondaracademy.com/images/smiley-cyrus.jpeg","following":false}},{"slug":"Creando-Articulo83-13186","title":"Creando Articulo83","description":"es una prueba83","body":"practicando Karate83","tagList":[],"createdAt":"2025-08-13T07:59:02.601Z","updatedAt":"2025-08-13T07:59:02.601Z","favorited":false,"favoritesCount":0,"author":{"username":"Alvariytomyg","bio":null,"image":"https://conduit-api.bondaracademy.com/images/smiley-cyrus.jpeg","following":false}},{"slug":"Creando-Articulo82-13186","title":"Creando Articulo82","description":"es una prueba82","body":"practicando Karate82","tagList":[],"createdAt":"2025-08-13T07:58:46.019Z","updatedAt":"2025-08-13T07:58:46.019Z","favorited":false,"favoritesCount":0,"author":{"username":"Alvariytomyg","bio":null,"image":"https://conduit-api.bondaracademy.com/images/smiley-cyrus.jpeg","following":false}}],"articlesCount":29}

09:57:33.581 [main] INFO  com.intuit.karate - karate.env system property was: null 
09:57:33.584 [main] DEBUG com.intuit.karate - request:
1 > GET https://conduit-api.bondaracademy.com/api/tags
1 > Authorization: Token eyJhbGciOiJIUzI1NiIsInR5cCI6IkpXVCJ9.eyJ1c2VyIjp7ImlkIjoxMzE4Nn0sImlhdCI6MTc1NTA5NzA0NiwiZXhwIjoxNzYwMjgxMDQ2fQ.2BV90GCDyLmFurDZX4U6XLXvwHh5JDB_FgtyfFMwNvc
1 > Host: conduit-api.bondaracademy.com
1 > Connection: Keep-Alive
1 > User-Agent: Apache-HttpClient/4.5.14 (Java/17.0.12)
1 > Accept-Encoding: gzip,deflate


09:57:34.362 [main] DEBUG com.intuit.karate - response time in milliseconds: 776
1 < 200
1 < x-powered-by: Express
1 < vary: Origin
1 < content-type: application/json; charset=utf-8
1 < etag: W/"65-XAqp9RO5/GurIdusYmbGg8NPW48"
1 < x-cloud-trace-context: d1ef535da52a275955073829f1f9f1e2
1 < date: Wed, 13 Aug 2025 14:57:31 GMT
1 < server: Google Frontend
1 < Content-Length: 101
{"tags":["Test","Git","YouTube","Zoom","Blog","Bondar Academy","Enroll","Exam","Community","GitHub"]}

09:57:34.375 [main] INFO  com.intuit.karate - karate.env system property was: null 
09:57:34.389 [main] DEBUG com.intuit.karate - request:
1 > GET https://conduit-api.bondaracademy.com/api/articles?limt=10&offset=0
1 > Authorization: Token eyJhbGciOiJIUzI1NiIsInR5cCI6IkpXVCJ9.eyJ1c2VyIjp7ImlkIjoxMzE4Nn0sImlhdCI6MTc1NTA5NzA0NiwiZXhwIjoxNzYwMjgxMDQ2fQ.2BV90GCDyLmFurDZX4U6XLXvwHh5JDB_FgtyfFMwNvc
1 > Host: conduit-api.bondaracademy.com
1 > Connection: Keep-Alive
1 > User-Agent: Apache-HttpClient/4.5.14 (Java/17.0.12)
1 > Accept-Encoding: gzip,deflate


09:57:35.069 [main] DEBUG com.intuit.karate - response time in milliseconds: 679
1 < 200
1 < x-powered-by: Express
1 < vary: Origin
1 < content-type: application/json; charset=utf-8
1 < etag: W/"1029-eKOyELRcF5f+uK+ruFOzEtd8q94"
1 < x-cloud-trace-context: 65f320d37e78d2c9a62e1fdc8689cfff
1 < date: Wed, 13 Aug 2025 14:57:32 GMT
1 < server: Google Frontend
1 < Content-Length: 4137
{"articles":[{"slug":"Theo-Frey-13186","title":"Theo Frey","description":"Ar Noy","body":"Power is a curious thing. Who lives, Who dies. Power resides where men believe it resides. It is a trick, A shadow on the wall.","tagList":[],"createdAt":"2025-08-13T14:57:27.335Z","updatedAt":"2025-08-13T14:57:27.335Z","favorited":false,"favoritesCount":0,"author":{"username":"Alvariytomyg","bio":null,"image":"https://conduit-api.bondaracademy.com/images/smiley-cyrus.jpeg","following":false}},{"slug":"Hugo-Wull-13186","title":"Hugo Wull","description":"Mantarys","body":"Why is it that when one man builds a wall, the next man immediately needs to know what's on the other side?","tagList":[],"createdAt":"2025-08-13T08:31:38.858Z","updatedAt":"2025-08-13T08:31:38.858Z","favorited":false,"favoritesCount":0,"author":{"username":"Alvariytomyg","bio":null,"image":"https://conduit-api.bondaracademy.com/images/smiley-cyrus.jpeg","following":false}},{"slug":"Bryan-of-Oldtown-13186","title":"Bryan of Oldtown","description":"Myr","body":"... a mind needs books as a sword needs a whetstone, if it is to keep its edge.","tagList":[],"createdAt":"2025-08-13T08:31:37.446Z","updatedAt":"2025-08-13T08:31:37.446Z","favorited":false,"favoritesCount":0,"author":{"username":"Alvariytomyg","bio":null,"image":"https://conduit-api.bondaracademy.com/images/smiley-cyrus.jpeg","following":false}},{"slug":"Grazhar-zo-Galare-13186","title":"Grazhar zo Galare","description":"Qarth","body":"Fear cuts deeper than swords.","tagList":[],"createdAt":"2025-08-13T08:12:57.407Z","updatedAt":"2025-08-13T08:12:57.407Z","favorited":false,"favoritesCount":0,"author":{"username":"Alvariytomyg","bio":null,"image":"https://conduit-api.bondaracademy.com/images/smiley-cyrus.jpeg","following":false}},{"slug":"Falyse-Stokeworth-13186","title":"Falyse Stokeworth","description":"Astapor","body":"When you play a game of thrones you win or you die.","tagList":[],"createdAt":"2025-08-13T08:12:57.243Z","updatedAt":"2025-08-13T08:12:57.243Z","favorited":false,"favoritesCount":0,"author":{"username":"Alvariytomyg","bio":null,"image":"https://conduit-api.bondaracademy.com/images/smiley-cyrus.jpeg","following":false}},{"slug":"Myria-Jordayne-13186","title":"Myria Jordayne","description":"Samyrian","body":"The North remembers.","tagList":[],"createdAt":"2025-08-13T08:12:56.931Z","updatedAt":"2025-08-13T08:12:56.931Z","favorited":false,"favoritesCount":0,"author":{"username":"Alvariytomyg","bio":null,"image":"https://conduit-api.bondaracademy.com/images/smiley-cyrus.jpeg","following":false}},{"slug":"Jommo-13186","title":"Jommo","description":"Ar Noy","body":"A lion doesn't concern itself with the opinion of sheep.","tagList":[],"createdAt":"2025-08-13T08:08:52.277Z","updatedAt":"2025-08-13T08:08:52.277Z","favorited":false,"favoritesCount":0,"author":{"username":"Alvariytomyg","bio":null,"image":"https://conduit-api.bondaracademy.com/images/smiley-cyrus.jpeg","following":false}},{"slug":"Rymolf-13186","title":"Rymolf","description":"Ar Noy","body":"Nothing burns like the cold.","tagList":[],"createdAt":"2025-08-13T08:08:30.309Z","updatedAt":"2025-08-13T08:08:30.309Z","favorited":false,"favoritesCount":0,"author":{"username":"Alvariytomyg","bio":null,"image":"https://conduit-api.bondaracademy.com/images/smiley-cyrus.jpeg","following":false}},{"slug":"Creando-Articulo83-13186","title":"Creando Articulo83","description":"es una prueba83","body":"practicando Karate83","tagList":[],"createdAt":"2025-08-13T07:59:02.601Z","updatedAt":"2025-08-13T07:59:02.601Z","favorited":false,"favoritesCount":0,"author":{"username":"Alvariytomyg","bio":null,"image":"https://conduit-api.bondaracademy.com/images/smiley-cyrus.jpeg","following":false}},{"slug":"Creando-Articulo82-13186","title":"Creando Articulo82","description":"es una prueba82","body":"practicando Karate82","tagList":[],"createdAt":"2025-08-13T07:58:46.019Z","updatedAt":"2025-08-13T07:58:46.019Z","favorited":false,"favoritesCount":0,"author":{"username":"Alvariytomyg","bio":null,"image":"https://conduit-api.bondaracademy.com/images/smiley-cyrus.jpeg","following":false}}],"articlesCount":29}

09:57:35.073 [main] ERROR com.intuit.karate - classpath:conduitApp/feature/HomePage.feature:28
And match response == {"articles": "#array", "articlesCount": 16}
match failed: EQUALS
  $ | not equal | match failed for name: 'articlesCount' (MAP:MAP)
  {"articles":[{"slug":"Theo-Frey-13186","title":"Theo Frey","description":"Ar Noy","body":"Power is a curious thing. Who lives, Who dies. Power resides where men believe it resides. It is a trick, A shadow on the wall.","tagList":[],"createdAt":"2025-08-13T14:57:27.335Z","updatedAt":"2025-08-13T14:57:27.335Z","favorited":false,"favoritesCount":0,"author":{"username":"Alvariytomyg","bio":null,"image":"https://conduit-api.bondaracademy.com/images/smiley-cyrus.jpeg","following":false}},{"slug":"Hugo-Wull-13186","title":"Hugo Wull","description":"Mantarys","body":"Why is it that when one man builds a wall, the next man immediately needs to know what's on the other side?","tagList":[],"createdAt":"2025-08-13T08:31:38.858Z","updatedAt":"2025-08-13T08:31:38.858Z","favorited":false,"favoritesCount":0,"author":{"username":"Alvariytomyg","bio":null,"image":"https://conduit-api.bondaracademy.com/images/smiley-cyrus.jpeg","following":false}},{"slug":"Bryan-of-Oldtown-13186","title":"Bryan of Oldtown","description":"Myr","body":"... a mind needs books as a sword needs a whetstone, if it is to keep its edge.","tagList":[],"createdAt":"2025-08-13T08:31:37.446Z","updatedAt":"2025-08-13T08:31:37.446Z","favorited":false,"favoritesCount":0,"author":{"username":"Alvariytomyg","bio":null,"image":"https://conduit-api.bondaracademy.com/images/smiley-cyrus.jpeg","following":false}},{"slug":"Grazhar-zo-Galare-13186","title":"Grazhar zo Galare","description":"Qarth","body":"Fear cuts deeper than swords.","tagList":[],"createdAt":"2025-08-13T08:12:57.407Z","updatedAt":"2025-08-13T08:12:57.407Z","favorited":false,"favoritesCount":0,"author":{"username":"Alvariytomyg","bio":null,"image":"https://conduit-api.bondaracademy.com/images/smiley-cyrus.jpeg","following":false}},{"slug":"Falyse-Stokeworth-13186","title":"Falyse Stokeworth","description":"Astapor","body":"When you play a game of thrones you win or you die.","tagList":[],"createdAt":"2025-08-13T08:12:57.243Z","updatedAt":"2025-08-13T08:12:57.243Z","favorited":false,"favoritesCount":0,"author":{"username":"Alvariytomyg","bio":null,"image":"https://conduit-api.bondaracademy.com/images/smiley-cyrus.jpeg","following":false}},{"slug":"Myria-Jordayne-13186","title":"Myria Jordayne","description":"Samyrian","body":"The North remembers.","tagList":[],"createdAt":"2025-08-13T08:12:56.931Z","updatedAt":"2025-08-13T08:12:56.931Z","favorited":false,"favoritesCount":0,"author":{"username":"Alvariytomyg","bio":null,"image":"https://conduit-api.bondaracademy.com/images/smiley-cyrus.jpeg","following":false}},{"slug":"Jommo-13186","title":"Jommo","description":"Ar Noy","body":"A lion doesn't concern itself with the opinion of sheep.","tagList":[],"createdAt":"2025-08-13T08:08:52.277Z","updatedAt":"2025-08-13T08:08:52.277Z","favorited":false,"favoritesCount":0,"author":{"username":"Alvariytomyg","bio":null,"image":"https://conduit-api.bondaracademy.com/images/smiley-cyrus.jpeg","following":false}},{"slug":"Rymolf-13186","title":"Rymolf","description":"Ar Noy","body":"Nothing burns like the cold.","tagList":[],"createdAt":"2025-08-13T08:08:30.309Z","updatedAt":"2025-08-13T08:08:30.309Z","favorited":false,"favoritesCount":0,"author":{"username":"Alvariytomyg","bio":null,"image":"https://conduit-api.bondaracademy.com/images/smiley-cyrus.jpeg","following":false}},{"slug":"Creando-Articulo83-13186","title":"Creando Articulo83","description":"es una prueba83","body":"practicando Karate83","tagList":[],"createdAt":"2025-08-13T07:59:02.601Z","updatedAt":"2025-08-13T07:59:02.601Z","favorited":false,"favoritesCount":0,"author":{"username":"Alvariytomyg","bio":null,"image":"https://conduit-api.bondaracademy.com/images/smiley-cyrus.jpeg","following":false}},{"slug":"Creando-Articulo82-13186","title":"Creando Articulo82","description":"es una prueba82","body":"practicando Karate82","tagList":[],"createdAt":"2025-08-13T07:58:46.019Z","updatedAt":"2025-08-13T07:58:46.019Z","favorited":false,"favoritesCount":0,"author":{"username":"Alvariytomyg","bio":null,"image":"https://conduit-api.bondaracademy.com/images/smiley-cyrus.jpeg","following":false}}],"articlesCount":29}
  {"articles":"#array","articlesCount":16}

    $.articlesCount | not equal (NUMBER:NUMBER)
    29
    16

classpath:conduitApp/feature/HomePage.feature:28
09:57:35.156 [main] INFO  com.intuit.karate - karate.env system property was: null 
09:57:35.197 [main] DEBUG com.intuit.karate - request:
1 > POST https://conduit-api.bondaracademy.com/api/users
1 > Authorization: Token eyJhbGciOiJIUzI1NiIsInR5cCI6IkpXVCJ9.eyJ1c2VyIjp7ImlkIjoxMzE4Nn0sImlhdCI6MTc1NTA5NzA0NiwiZXhwIjoxNzYwMjgxMDQ2fQ.2BV90GCDyLmFurDZX4U6XLXvwHh5JDB_FgtyfFMwNvc
1 > Content-Type: application/json; charset=UTF-8
1 > Content-Length: 86
1 > Host: conduit-api.bondaracademy.com
1 > Connection: Keep-Alive
1 > User-Agent: Apache-HttpClient/4.5.14 (Java/17.0.12)
1 > Accept-Encoding: gzip,deflate
{"user":{"email":"emile12@test.com","password":"12345alv","username":"malvina.jerde"}}

09:57:36.008 [main] DEBUG com.intuit.karate - response time in milliseconds: 809
1 < 201
1 < x-powered-by: Express
1 < vary: Origin
1 < content-type: application/json; charset=utf-8
1 < etag: W/"145-LIoMbKEDgbxtk/iPCInz5nc+kSI"
1 < x-cloud-trace-context: 3cbbcba832b8ec269c1410ea22429c70
1 < date: Wed, 13 Aug 2025 14:57:33 GMT
1 < server: Google Frontend
1 < Content-Length: 325
{"user":{"id":31886,"email":"emile12@test.com","username":"malvina.jerde","bio":null,"image":"https://conduit-api.bondaracademy.com/images/smiley-cyrus.jpeg","token":"eyJhbGciOiJIUzI1NiIsInR5cCI6IkpXVCJ9.eyJ1c2VyIjp7ImlkIjozMTg4Nn0sImlhdCI6MTc1NTA5NzA1MywiZXhwIjoxNzYwMjgxMDUzfQ.cB2A6xw4s7rxMY4q5vl6Fwafo_TO6Ca0wFaqXxTlDRY"}}

09:58:45.236 [main] DEBUG com.intuit.karate.Suite - [config] classpath:karate-config.js
09:58:45.757 [main] INFO  com.intuit.karate - karate.env system property was: null 
09:58:45.762 [main] INFO  com.intuit.karate - >> lock acquired, begin callSingle: classpath:helpers/CreateToken.feature
09:58:45.955 [main] DEBUG com.intuit.karate - request:
1 > POST https://conduit-api.bondaracademy.com/api/users/login
1 > Content-Type: application/json; charset=UTF-8
1 > Content-Length: 65
1 > Host: conduit-api.bondaracademy.com
1 > Connection: Keep-Alive
1 > User-Agent: Apache-HttpClient/4.5.14 (Java/17.0.12)
1 > Accept-Encoding: gzip,deflate
{"user":{"email":"pruebakarate@test.com","password":"karate123"}}

09:58:46.815 [main] DEBUG com.intuit.karate - response time in milliseconds: 858
1 < 200
1 < x-powered-by: Express
1 < vary: Origin
1 < content-type: application/json; charset=utf-8
1 < etag: W/"13e-0NcH20YUu0PI+glPBQajwoco+HQ"
1 < x-cloud-trace-context: 443f154f10d73aad30f8af86bd2533e2;o=1
1 < date: Wed, 13 Aug 2025 14:58:44 GMT
1 < server: Google Frontend
1 < Content-Length: 318
{"user":{"email":"pruebakarate@test.com","username":"Alvariytomyg","bio":null,"image":"https://conduit-api.bondaracademy.com/images/smiley-cyrus.jpeg","token":"eyJhbGciOiJIUzI1NiIsInR5cCI6IkpXVCJ9.eyJ1c2VyIjp7ImlkIjoxMzE4Nn0sImlhdCI6MTc1NTA5NzEyNCwiZXhwIjoxNzYwMjgxMTI0fQ.O0o_r0fQywS6ZWKvA3-bR9-xdDG2s9KlJivX9jGV5sY"}}

09:58:46.819 [main] INFO  com.intuit.karate - << lock released, cached callSingle: classpath:helpers/CreateToken.feature
09:58:46.914 [main] DEBUG com.intuit.karate - request:
1 > POST https://conduit-api.bondaracademy.com/api/articles
1 > Authorization: Token eyJhbGciOiJIUzI1NiIsInR5cCI6IkpXVCJ9.eyJ1c2VyIjp7ImlkIjoxMzE4Nn0sImlhdCI6MTc1NTA5NzEyNCwiZXhwIjoxNzYwMjgxMTI0fQ.O0o_r0fQywS6ZWKvA3-bR9-xdDG2s9KlJivX9jGV5sY
1 > Content-Type: application/json; charset=UTF-8
1 > Content-Length: 160
1 > Host: conduit-api.bondaracademy.com
1 > Connection: Keep-Alive
1 > User-Agent: Apache-HttpClient/4.5.14 (Java/17.0.12)
1 > Accept-Encoding: gzip,deflate
{"article":{"title":"Liane Vance","description":"Asshai","body":"... a mind needs books as a sword needs a whetstone, if it is to keep its edge.","tagList":[]}}

09:58:47.745 [main] DEBUG com.intuit.karate - response time in milliseconds: 829
1 < 201
1 < x-powered-by: Express
1 < vary: Origin
1 < content-type: application/json; charset=utf-8
1 < etag: W/"1b9-fVmIrGIRmOdDi5ZYSXY9ZT9Esk8"
1 < x-cloud-trace-context: 19822e91796d5b826004cfd0facb7762
1 < date: Wed, 13 Aug 2025 14:58:45 GMT
1 < server: Google Frontend
1 < Content-Length: 441
{"article":{"slug":"Liane-Vance-13186","title":"Liane Vance","description":"Asshai","body":"... a mind needs books as a sword needs a whetstone, if it is to keep its edge.","tagList":[],"createdAt":"2025-08-13T14:58:45.208Z","updatedAt":"2025-08-13T14:58:45.208Z","favorited":false,"favoritesCount":0,"author":{"username":"Alvariytomyg","bio":null,"image":"https://conduit-api.bondaracademy.com/images/smiley-cyrus.jpeg","following":false}}}

09:58:47.761 [main] INFO  com.intuit.karate - karate.env system property was: null 
09:58:47.785 [main] DEBUG com.intuit.karate - request:
1 > POST https://conduit-api.bondaracademy.com/api/articles
1 > Authorization: Token eyJhbGciOiJIUzI1NiIsInR5cCI6IkpXVCJ9.eyJ1c2VyIjp7ImlkIjoxMzE4Nn0sImlhdCI6MTc1NTA5NzEyNCwiZXhwIjoxNzYwMjgxMTI0fQ.O0o_r0fQywS6ZWKvA3-bR9-xdDG2s9KlJivX9jGV5sY
1 > Content-Type: application/json; charset=UTF-8
1 > Content-Length: 168
1 > Host: conduit-api.bondaracademy.com
1 > Connection: Keep-Alive
1 > User-Agent: Apache-HttpClient/4.5.14 (Java/17.0.12)
1 > Accept-Encoding: gzip,deflate
{"article":{"title":"Veiled Lady","description":"Asshai","body":"When the snows fall and the white winds blow, the lone wolf dies but the pack survives.","tagList":[]}}

09:58:48.563 [main] DEBUG com.intuit.karate - response time in milliseconds: 777
1 < 201
1 < x-powered-by: Express
1 < vary: Origin
1 < content-type: application/json; charset=utf-8
1 < etag: W/"1c1-g4Z4U2ARnyda6tq76BngwCSGNd4"
1 < x-cloud-trace-context: 87f9a29ab00296cf03e87c4961c9ce4e
1 < date: Wed, 13 Aug 2025 14:58:46 GMT
1 < server: Google Frontend
1 < Content-Length: 449
{"article":{"slug":"Veiled-Lady-13186","title":"Veiled Lady","description":"Asshai","body":"When the snows fall and the white winds blow, the lone wolf dies but the pack survives.","tagList":[],"createdAt":"2025-08-13T14:58:46.045Z","updatedAt":"2025-08-13T14:58:46.045Z","favorited":false,"favoritesCount":0,"author":{"username":"Alvariytomyg","bio":null,"image":"https://conduit-api.bondaracademy.com/images/smiley-cyrus.jpeg","following":false}}}

09:58:48.567 [main] DEBUG com.intuit.karate - request:
2 > GET https://conduit-api.bondaracademy.com/api/articles?limt=10&offset=0
2 > Authorization: Token eyJhbGciOiJIUzI1NiIsInR5cCI6IkpXVCJ9.eyJ1c2VyIjp7ImlkIjoxMzE4Nn0sImlhdCI6MTc1NTA5NzEyNCwiZXhwIjoxNzYwMjgxMTI0fQ.O0o_r0fQywS6ZWKvA3-bR9-xdDG2s9KlJivX9jGV5sY
2 > Host: conduit-api.bondaracademy.com
2 > Connection: Keep-Alive
2 > User-Agent: Apache-HttpClient/4.5.14 (Java/17.0.12)
2 > Accept-Encoding: gzip,deflate


09:58:49.415 [main] DEBUG com.intuit.karate - response time in milliseconds: 848
2 < 200
2 < x-powered-by: Express
2 < vary: Origin
2 < content-type: application/json; charset=utf-8
2 < etag: W/"1079-AitDMkNBD0hHKW6khDbnKSxZmVQ"
2 < x-cloud-trace-context: 21f997069abfd34518fb4d20c58f3757
2 < date: Wed, 13 Aug 2025 14:58:47 GMT
2 < server: Google Frontend
2 < Content-Length: 4217
{"articles":[{"slug":"Veiled-Lady-13186","title":"Veiled Lady","description":"Asshai","body":"When the snows fall and the white winds blow, the lone wolf dies but the pack survives.","tagList":[],"createdAt":"2025-08-13T14:58:46.045Z","updatedAt":"2025-08-13T14:58:46.045Z","favorited":false,"favoritesCount":0,"author":{"username":"Alvariytomyg","bio":null,"image":"https://conduit-api.bondaracademy.com/images/smiley-cyrus.jpeg","following":false}},{"slug":"Liane-Vance-13186","title":"Liane Vance","description":"Asshai","body":"... a mind needs books as a sword needs a whetstone, if it is to keep its edge.","tagList":[],"createdAt":"2025-08-13T14:58:45.208Z","updatedAt":"2025-08-13T14:58:45.208Z","favorited":false,"favoritesCount":0,"author":{"username":"Alvariytomyg","bio":null,"image":"https://conduit-api.bondaracademy.com/images/smiley-cyrus.jpeg","following":false}},{"slug":"Theo-Frey-13186","title":"Theo Frey","description":"Ar Noy","body":"Power is a curious thing. Who lives, Who dies. Power resides where men believe it resides. It is a trick, A shadow on the wall.","tagList":[],"createdAt":"2025-08-13T14:57:27.335Z","updatedAt":"2025-08-13T14:57:27.335Z","favorited":false,"favoritesCount":0,"author":{"username":"Alvariytomyg","bio":null,"image":"https://conduit-api.bondaracademy.com/images/smiley-cyrus.jpeg","following":false}},{"slug":"Hugo-Wull-13186","title":"Hugo Wull","description":"Mantarys","body":"Why is it that when one man builds a wall, the next man immediately needs to know what's on the other side?","tagList":[],"createdAt":"2025-08-13T08:31:38.858Z","updatedAt":"2025-08-13T08:31:38.858Z","favorited":false,"favoritesCount":0,"author":{"username":"Alvariytomyg","bio":null,"image":"https://conduit-api.bondaracademy.com/images/smiley-cyrus.jpeg","following":false}},{"slug":"Bryan-of-Oldtown-13186","title":"Bryan of Oldtown","description":"Myr","body":"... a mind needs books as a sword needs a whetstone, if it is to keep its edge.","tagList":[],"createdAt":"2025-08-13T08:31:37.446Z","updatedAt":"2025-08-13T08:31:37.446Z","favorited":false,"favoritesCount":0,"author":{"username":"Alvariytomyg","bio":null,"image":"https://conduit-api.bondaracademy.com/images/smiley-cyrus.jpeg","following":false}},{"slug":"Grazhar-zo-Galare-13186","title":"Grazhar zo Galare","description":"Qarth","body":"Fear cuts deeper than swords.","tagList":[],"createdAt":"2025-08-13T08:12:57.407Z","updatedAt":"2025-08-13T08:12:57.407Z","favorited":false,"favoritesCount":0,"author":{"username":"Alvariytomyg","bio":null,"image":"https://conduit-api.bondaracademy.com/images/smiley-cyrus.jpeg","following":false}},{"slug":"Falyse-Stokeworth-13186","title":"Falyse Stokeworth","description":"Astapor","body":"When you play a game of thrones you win or you die.","tagList":[],"createdAt":"2025-08-13T08:12:57.243Z","updatedAt":"2025-08-13T08:12:57.243Z","favorited":false,"favoritesCount":0,"author":{"username":"Alvariytomyg","bio":null,"image":"https://conduit-api.bondaracademy.com/images/smiley-cyrus.jpeg","following":false}},{"slug":"Myria-Jordayne-13186","title":"Myria Jordayne","description":"Samyrian","body":"The North remembers.","tagList":[],"createdAt":"2025-08-13T08:12:56.931Z","updatedAt":"2025-08-13T08:12:56.931Z","favorited":false,"favoritesCount":0,"author":{"username":"Alvariytomyg","bio":null,"image":"https://conduit-api.bondaracademy.com/images/smiley-cyrus.jpeg","following":false}},{"slug":"Jommo-13186","title":"Jommo","description":"Ar Noy","body":"A lion doesn't concern itself with the opinion of sheep.","tagList":[],"createdAt":"2025-08-13T08:08:52.277Z","updatedAt":"2025-08-13T08:08:52.277Z","favorited":false,"favoritesCount":0,"author":{"username":"Alvariytomyg","bio":null,"image":"https://conduit-api.bondaracademy.com/images/smiley-cyrus.jpeg","following":false}},{"slug":"Rymolf-13186","title":"Rymolf","description":"Ar Noy","body":"Nothing burns like the cold.","tagList":[],"createdAt":"2025-08-13T08:08:30.309Z","updatedAt":"2025-08-13T08:08:30.309Z","favorited":false,"favoritesCount":0,"author":{"username":"Alvariytomyg","bio":null,"image":"https://conduit-api.bondaracademy.com/images/smiley-cyrus.jpeg","following":false}}],"articlesCount":31}

09:58:49.424 [main] DEBUG com.intuit.karate - request:
3 > DELETE https://conduit-api.bondaracademy.com/api/articles/Veiled-Lady-13186
3 > Authorization: Token eyJhbGciOiJIUzI1NiIsInR5cCI6IkpXVCJ9.eyJ1c2VyIjp7ImlkIjoxMzE4Nn0sImlhdCI6MTc1NTA5NzEyNCwiZXhwIjoxNzYwMjgxMTI0fQ.O0o_r0fQywS6ZWKvA3-bR9-xdDG2s9KlJivX9jGV5sY
3 > Host: conduit-api.bondaracademy.com
3 > Connection: Keep-Alive
3 > User-Agent: Apache-HttpClient/4.5.14 (Java/17.0.12)
3 > Accept-Encoding: gzip,deflate


09:58:50.139 [main] DEBUG com.intuit.karate - response time in milliseconds: 715
3 < 204
3 < x-powered-by: Express
3 < vary: Origin
3 < etag: W/"a-bAsFyilMr4Ra1hIU5PyoyFRunpI"
3 < x-cloud-trace-context: 51c66489afc198a9bbbd3551d5824f35
3 < date: Wed, 13 Aug 2025 14:58:47 GMT
3 < content-type: text/html
3 < server: Google Frontend


09:58:50.142 [main] DEBUG com.intuit.karate - request:
4 > GET https://conduit-api.bondaracademy.com/api/articles?limt=10&offset=0
4 > Authorization: Token eyJhbGciOiJIUzI1NiIsInR5cCI6IkpXVCJ9.eyJ1c2VyIjp7ImlkIjoxMzE4Nn0sImlhdCI6MTc1NTA5NzEyNCwiZXhwIjoxNzYwMjgxMTI0fQ.O0o_r0fQywS6ZWKvA3-bR9-xdDG2s9KlJivX9jGV5sY
4 > Host: conduit-api.bondaracademy.com
4 > Connection: Keep-Alive
4 > User-Agent: Apache-HttpClient/4.5.14 (Java/17.0.12)
4 > Accept-Encoding: gzip,deflate


09:58:51.012 [main] DEBUG com.intuit.karate - response time in milliseconds: 869
4 < 200
4 < x-powered-by: Express
4 < vary: Origin
4 < content-type: application/json; charset=utf-8
4 < etag: W/"104d-niRQ89Qfc47E2JMYHo7f7Ih70/E"
4 < x-cloud-trace-context: df513bc9c8e4ffa26921ece903b170c3
4 < date: Wed, 13 Aug 2025 14:58:48 GMT
4 < server: Google Frontend
4 < Content-Length: 4173
{"articles":[{"slug":"Liane-Vance-13186","title":"Liane Vance","description":"Asshai","body":"... a mind needs books as a sword needs a whetstone, if it is to keep its edge.","tagList":[],"createdAt":"2025-08-13T14:58:45.208Z","updatedAt":"2025-08-13T14:58:45.208Z","favorited":false,"favoritesCount":0,"author":{"username":"Alvariytomyg","bio":null,"image":"https://conduit-api.bondaracademy.com/images/smiley-cyrus.jpeg","following":false}},{"slug":"Theo-Frey-13186","title":"Theo Frey","description":"Ar Noy","body":"Power is a curious thing. Who lives, Who dies. Power resides where men believe it resides. It is a trick, A shadow on the wall.","tagList":[],"createdAt":"2025-08-13T14:57:27.335Z","updatedAt":"2025-08-13T14:57:27.335Z","favorited":false,"favoritesCount":0,"author":{"username":"Alvariytomyg","bio":null,"image":"https://conduit-api.bondaracademy.com/images/smiley-cyrus.jpeg","following":false}},{"slug":"Hugo-Wull-13186","title":"Hugo Wull","description":"Mantarys","body":"Why is it that when one man builds a wall, the next man immediately needs to know what's on the other side?","tagList":[],"createdAt":"2025-08-13T08:31:38.858Z","updatedAt":"2025-08-13T08:31:38.858Z","favorited":false,"favoritesCount":0,"author":{"username":"Alvariytomyg","bio":null,"image":"https://conduit-api.bondaracademy.com/images/smiley-cyrus.jpeg","following":false}},{"slug":"Bryan-of-Oldtown-13186","title":"Bryan of Oldtown","description":"Myr","body":"... a mind needs books as a sword needs a whetstone, if it is to keep its edge.","tagList":[],"createdAt":"2025-08-13T08:31:37.446Z","updatedAt":"2025-08-13T08:31:37.446Z","favorited":false,"favoritesCount":0,"author":{"username":"Alvariytomyg","bio":null,"image":"https://conduit-api.bondaracademy.com/images/smiley-cyrus.jpeg","following":false}},{"slug":"Grazhar-zo-Galare-13186","title":"Grazhar zo Galare","description":"Qarth","body":"Fear cuts deeper than swords.","tagList":[],"createdAt":"2025-08-13T08:12:57.407Z","updatedAt":"2025-08-13T08:12:57.407Z","favorited":false,"favoritesCount":0,"author":{"username":"Alvariytomyg","bio":null,"image":"https://conduit-api.bondaracademy.com/images/smiley-cyrus.jpeg","following":false}},{"slug":"Falyse-Stokeworth-13186","title":"Falyse Stokeworth","description":"Astapor","body":"When you play a game of thrones you win or you die.","tagList":[],"createdAt":"2025-08-13T08:12:57.243Z","updatedAt":"2025-08-13T08:12:57.243Z","favorited":false,"favoritesCount":0,"author":{"username":"Alvariytomyg","bio":null,"image":"https://conduit-api.bondaracademy.com/images/smiley-cyrus.jpeg","following":false}},{"slug":"Myria-Jordayne-13186","title":"Myria Jordayne","description":"Samyrian","body":"The North remembers.","tagList":[],"createdAt":"2025-08-13T08:12:56.931Z","updatedAt":"2025-08-13T08:12:56.931Z","favorited":false,"favoritesCount":0,"author":{"username":"Alvariytomyg","bio":null,"image":"https://conduit-api.bondaracademy.com/images/smiley-cyrus.jpeg","following":false}},{"slug":"Jommo-13186","title":"Jommo","description":"Ar Noy","body":"A lion doesn't concern itself with the opinion of sheep.","tagList":[],"createdAt":"2025-08-13T08:08:52.277Z","updatedAt":"2025-08-13T08:08:52.277Z","favorited":false,"favoritesCount":0,"author":{"username":"Alvariytomyg","bio":null,"image":"https://conduit-api.bondaracademy.com/images/smiley-cyrus.jpeg","following":false}},{"slug":"Rymolf-13186","title":"Rymolf","description":"Ar Noy","body":"Nothing burns like the cold.","tagList":[],"createdAt":"2025-08-13T08:08:30.309Z","updatedAt":"2025-08-13T08:08:30.309Z","favorited":false,"favoritesCount":0,"author":{"username":"Alvariytomyg","bio":null,"image":"https://conduit-api.bondaracademy.com/images/smiley-cyrus.jpeg","following":false}},{"slug":"Creando-Articulo83-13186","title":"Creando Articulo83","description":"es una prueba83","body":"practicando Karate83","tagList":[],"createdAt":"2025-08-13T07:59:02.601Z","updatedAt":"2025-08-13T07:59:02.601Z","favorited":false,"favoritesCount":0,"author":{"username":"Alvariytomyg","bio":null,"image":"https://conduit-api.bondaracademy.com/images/smiley-cyrus.jpeg","following":false}}],"articlesCount":30}

09:58:51.349 [main] INFO  com.intuit.karate - karate.env system property was: null 
09:58:51.351 [main] DEBUG com.intuit.karate - request:
1 > GET https://conduit-api.bondaracademy.com/api/tags
1 > Authorization: Token eyJhbGciOiJIUzI1NiIsInR5cCI6IkpXVCJ9.eyJ1c2VyIjp7ImlkIjoxMzE4Nn0sImlhdCI6MTc1NTA5NzEyNCwiZXhwIjoxNzYwMjgxMTI0fQ.O0o_r0fQywS6ZWKvA3-bR9-xdDG2s9KlJivX9jGV5sY
1 > Host: conduit-api.bondaracademy.com
1 > Connection: Keep-Alive
1 > User-Agent: Apache-HttpClient/4.5.14 (Java/17.0.12)
1 > Accept-Encoding: gzip,deflate


09:58:52.130 [main] DEBUG com.intuit.karate - response time in milliseconds: 779
1 < 200
1 < x-powered-by: Express
1 < vary: Origin
1 < content-type: application/json; charset=utf-8
1 < etag: W/"65-XAqp9RO5/GurIdusYmbGg8NPW48"
1 < x-cloud-trace-context: 5efb70b9b3888209a67c3ea26eeaa13f
1 < date: Wed, 13 Aug 2025 14:58:49 GMT
1 < server: Google Frontend
1 < Content-Length: 101
{"tags":["Test","Git","YouTube","Zoom","Blog","Bondar Academy","Enroll","Exam","Community","GitHub"]}

09:58:52.143 [main] INFO  com.intuit.karate - karate.env system property was: null 
09:58:52.154 [main] DEBUG com.intuit.karate - request:
1 > GET https://conduit-api.bondaracademy.com/api/articles?limt=10&offset=0
1 > Authorization: Token eyJhbGciOiJIUzI1NiIsInR5cCI6IkpXVCJ9.eyJ1c2VyIjp7ImlkIjoxMzE4Nn0sImlhdCI6MTc1NTA5NzEyNCwiZXhwIjoxNzYwMjgxMTI0fQ.O0o_r0fQywS6ZWKvA3-bR9-xdDG2s9KlJivX9jGV5sY
1 > Host: conduit-api.bondaracademy.com
1 > Connection: Keep-Alive
1 > User-Agent: Apache-HttpClient/4.5.14 (Java/17.0.12)
1 > Accept-Encoding: gzip,deflate


09:58:52.871 [main] DEBUG com.intuit.karate - response time in milliseconds: 715
1 < 200
1 < x-powered-by: Express
1 < vary: Origin
1 < content-type: application/json; charset=utf-8
1 < etag: W/"104d-niRQ89Qfc47E2JMYHo7f7Ih70/E"
1 < x-cloud-trace-context: d85278a928cdcd003c3f5851bd67b22f
1 < date: Wed, 13 Aug 2025 14:58:50 GMT
1 < server: Google Frontend
1 < Content-Length: 4173
{"articles":[{"slug":"Liane-Vance-13186","title":"Liane Vance","description":"Asshai","body":"... a mind needs books as a sword needs a whetstone, if it is to keep its edge.","tagList":[],"createdAt":"2025-08-13T14:58:45.208Z","updatedAt":"2025-08-13T14:58:45.208Z","favorited":false,"favoritesCount":0,"author":{"username":"Alvariytomyg","bio":null,"image":"https://conduit-api.bondaracademy.com/images/smiley-cyrus.jpeg","following":false}},{"slug":"Theo-Frey-13186","title":"Theo Frey","description":"Ar Noy","body":"Power is a curious thing. Who lives, Who dies. Power resides where men believe it resides. It is a trick, A shadow on the wall.","tagList":[],"createdAt":"2025-08-13T14:57:27.335Z","updatedAt":"2025-08-13T14:57:27.335Z","favorited":false,"favoritesCount":0,"author":{"username":"Alvariytomyg","bio":null,"image":"https://conduit-api.bondaracademy.com/images/smiley-cyrus.jpeg","following":false}},{"slug":"Hugo-Wull-13186","title":"Hugo Wull","description":"Mantarys","body":"Why is it that when one man builds a wall, the next man immediately needs to know what's on the other side?","tagList":[],"createdAt":"2025-08-13T08:31:38.858Z","updatedAt":"2025-08-13T08:31:38.858Z","favorited":false,"favoritesCount":0,"author":{"username":"Alvariytomyg","bio":null,"image":"https://conduit-api.bondaracademy.com/images/smiley-cyrus.jpeg","following":false}},{"slug":"Bryan-of-Oldtown-13186","title":"Bryan of Oldtown","description":"Myr","body":"... a mind needs books as a sword needs a whetstone, if it is to keep its edge.","tagList":[],"createdAt":"2025-08-13T08:31:37.446Z","updatedAt":"2025-08-13T08:31:37.446Z","favorited":false,"favoritesCount":0,"author":{"username":"Alvariytomyg","bio":null,"image":"https://conduit-api.bondaracademy.com/images/smiley-cyrus.jpeg","following":false}},{"slug":"Grazhar-zo-Galare-13186","title":"Grazhar zo Galare","description":"Qarth","body":"Fear cuts deeper than swords.","tagList":[],"createdAt":"2025-08-13T08:12:57.407Z","updatedAt":"2025-08-13T08:12:57.407Z","favorited":false,"favoritesCount":0,"author":{"username":"Alvariytomyg","bio":null,"image":"https://conduit-api.bondaracademy.com/images/smiley-cyrus.jpeg","following":false}},{"slug":"Falyse-Stokeworth-13186","title":"Falyse Stokeworth","description":"Astapor","body":"When you play a game of thrones you win or you die.","tagList":[],"createdAt":"2025-08-13T08:12:57.243Z","updatedAt":"2025-08-13T08:12:57.243Z","favorited":false,"favoritesCount":0,"author":{"username":"Alvariytomyg","bio":null,"image":"https://conduit-api.bondaracademy.com/images/smiley-cyrus.jpeg","following":false}},{"slug":"Myria-Jordayne-13186","title":"Myria Jordayne","description":"Samyrian","body":"The North remembers.","tagList":[],"createdAt":"2025-08-13T08:12:56.931Z","updatedAt":"2025-08-13T08:12:56.931Z","favorited":false,"favoritesCount":0,"author":{"username":"Alvariytomyg","bio":null,"image":"https://conduit-api.bondaracademy.com/images/smiley-cyrus.jpeg","following":false}},{"slug":"Jommo-13186","title":"Jommo","description":"Ar Noy","body":"A lion doesn't concern itself with the opinion of sheep.","tagList":[],"createdAt":"2025-08-13T08:08:52.277Z","updatedAt":"2025-08-13T08:08:52.277Z","favorited":false,"favoritesCount":0,"author":{"username":"Alvariytomyg","bio":null,"image":"https://conduit-api.bondaracademy.com/images/smiley-cyrus.jpeg","following":false}},{"slug":"Rymolf-13186","title":"Rymolf","description":"Ar Noy","body":"Nothing burns like the cold.","tagList":[],"createdAt":"2025-08-13T08:08:30.309Z","updatedAt":"2025-08-13T08:08:30.309Z","favorited":false,"favoritesCount":0,"author":{"username":"Alvariytomyg","bio":null,"image":"https://conduit-api.bondaracademy.com/images/smiley-cyrus.jpeg","following":false}},{"slug":"Creando-Articulo83-13186","title":"Creando Articulo83","description":"es una prueba83","body":"practicando Karate83","tagList":[],"createdAt":"2025-08-13T07:59:02.601Z","updatedAt":"2025-08-13T07:59:02.601Z","favorited":false,"favoritesCount":0,"author":{"username":"Alvariytomyg","bio":null,"image":"https://conduit-api.bondaracademy.com/images/smiley-cyrus.jpeg","following":false}}],"articlesCount":30}

09:58:52.874 [main] ERROR com.intuit.karate - classpath:conduitApp/feature/HomePage.feature:30
And match response.articles[*].favoritesCount contains 67
match failed: CONTAINS
  $ | actual does not contain expected | actual array does not contain expected item - 67 (LIST:NUMBER)
  [0,0,0,0,0,0,0,0,0,0]
  67

    $[9] | not equal (NUMBER:NUMBER)
    0
    67

    $[8] | not equal (NUMBER:NUMBER)
    0
    67

    $[7] | not equal (NUMBER:NUMBER)
    0
    67

    $[6] | not equal (NUMBER:NUMBER)
    0
    67

    $[5] | not equal (NUMBER:NUMBER)
    0
    67

    $[4] | not equal (NUMBER:NUMBER)
    0
    67

    $[3] | not equal (NUMBER:NUMBER)
    0
    67

    $[2] | not equal (NUMBER:NUMBER)
    0
    67

    $[1] | not equal (NUMBER:NUMBER)
    0
    67

    $[0] | not equal (NUMBER:NUMBER)
    0
    67

classpath:conduitApp/feature/HomePage.feature:30
09:58:52.954 [main] INFO  com.intuit.karate - karate.env system property was: null 
09:58:52.997 [main] DEBUG com.intuit.karate - request:
1 > POST https://conduit-api.bondaracademy.com/api/users
1 > Authorization: Token eyJhbGciOiJIUzI1NiIsInR5cCI6IkpXVCJ9.eyJ1c2VyIjp7ImlkIjoxMzE4Nn0sImlhdCI6MTc1NTA5NzEyNCwiZXhwIjoxNzYwMjgxMTI0fQ.O0o_r0fQywS6ZWKvA3-bR9-xdDG2s9KlJivX9jGV5sY
1 > Content-Type: application/json; charset=UTF-8
1 > Content-Length: 87
1 > Host: conduit-api.bondaracademy.com
1 > Connection: Keep-Alive
1 > User-Agent: Apache-HttpClient/4.5.14 (Java/17.0.12)
1 > Accept-Encoding: gzip,deflate
{"user":{"email":"rodolfo37@test.com","password":"12345alv","username":"chae.oreilly"}}

09:58:53.779 [main] DEBUG com.intuit.karate - response time in milliseconds: 782
1 < 201
1 < x-powered-by: Express
1 < vary: Origin
1 < content-type: application/json; charset=utf-8
1 < etag: W/"146-gIqAaUetIZm7b4y9NIXDSF7gp9A"
1 < x-cloud-trace-context: 13bd09ec4c3d004bfd5924d33adc1e98
1 < date: Wed, 13 Aug 2025 14:58:51 GMT
1 < server: Google Frontend
1 < Content-Length: 326
{"user":{"id":31887,"email":"rodolfo37@test.com","username":"chae.oreilly","bio":null,"image":"https://conduit-api.bondaracademy.com/images/smiley-cyrus.jpeg","token":"eyJhbGciOiJIUzI1NiIsInR5cCI6IkpXVCJ9.eyJ1c2VyIjp7ImlkIjozMTg4N30sImlhdCI6MTc1NTA5NzEzMSwiZXhwIjoxNzYwMjgxMTMxfQ.TSreJLnWiPKRXy3_pviLr9W_XvHYrF2oQZAKk2GPbXA"}}

09:59:22.909 [main] DEBUG com.intuit.karate.Suite - [config] classpath:karate-config.js
09:59:23.472 [main] INFO  com.intuit.karate - karate.env system property was: null 
09:59:23.476 [main] INFO  com.intuit.karate - >> lock acquired, begin callSingle: classpath:helpers/CreateToken.feature
09:59:23.678 [main] DEBUG com.intuit.karate - request:
1 > POST https://conduit-api.bondaracademy.com/api/users/login
1 > Content-Type: application/json; charset=UTF-8
1 > Content-Length: 65
1 > Host: conduit-api.bondaracademy.com
1 > Connection: Keep-Alive
1 > User-Agent: Apache-HttpClient/4.5.14 (Java/17.0.12)
1 > Accept-Encoding: gzip,deflate
{"user":{"email":"pruebakarate@test.com","password":"karate123"}}

09:59:24.520 [main] DEBUG com.intuit.karate - response time in milliseconds: 839
1 < 200
1 < x-powered-by: Express
1 < vary: Origin
1 < content-type: application/json; charset=utf-8
1 < etag: W/"13e-LSKA8RqwdmNRvtWvzoHOlmh5xDs"
1 < x-cloud-trace-context: df03a39555e143a0b8ff70ee76b4667f;o=1
1 < date: Wed, 13 Aug 2025 14:59:22 GMT
1 < server: Google Frontend
1 < Content-Length: 318
{"user":{"email":"pruebakarate@test.com","username":"Alvariytomyg","bio":null,"image":"https://conduit-api.bondaracademy.com/images/smiley-cyrus.jpeg","token":"eyJhbGciOiJIUzI1NiIsInR5cCI6IkpXVCJ9.eyJ1c2VyIjp7ImlkIjoxMzE4Nn0sImlhdCI6MTc1NTA5NzE2MiwiZXhwIjoxNzYwMjgxMTYyfQ.-R1zec0p56nb91DoXye3Ydq1aeWLsbQCs9zQdZXPscQ"}}

09:59:24.524 [main] INFO  com.intuit.karate - << lock released, cached callSingle: classpath:helpers/CreateToken.feature
09:59:24.620 [main] DEBUG com.intuit.karate - request:
1 > POST https://conduit-api.bondaracademy.com/api/articles
1 > Authorization: Token eyJhbGciOiJIUzI1NiIsInR5cCI6IkpXVCJ9.eyJ1c2VyIjp7ImlkIjoxMzE4Nn0sImlhdCI6MTc1NTA5NzE2MiwiZXhwIjoxNzYwMjgxMTYyfQ.-R1zec0p56nb91DoXye3Ydq1aeWLsbQCs9zQdZXPscQ
1 > Content-Type: application/json; charset=UTF-8
1 > Content-Length: 165
1 > Host: conduit-api.bondaracademy.com
1 > Connection: Keep-Alive
1 > User-Agent: Apache-HttpClient/4.5.14 (Java/17.0.12)
1 > Accept-Encoding: gzip,deflate
{"article":{"title":"Renfred Rykker","description":"Asshai","body":"And I have a tender spot in my heart for cripples and bastards and broken things.","tagList":[]}}

09:59:25.420 [main] DEBUG com.intuit.karate - response time in milliseconds: 800
1 < 201
1 < x-powered-by: Express
1 < vary: Origin
1 < content-type: application/json; charset=utf-8
1 < etag: W/"1c1-btP4/wm5cwzhU97yBNWDNvZexr4"
1 < x-cloud-trace-context: 5a9602674368461a08d0d73ffefe8c76
1 < date: Wed, 13 Aug 2025 14:59:23 GMT
1 < server: Google Frontend
1 < Content-Length: 449
{"article":{"slug":"Renfred-Rykker-13186","title":"Renfred Rykker","description":"Asshai","body":"And I have a tender spot in my heart for cripples and bastards and broken things.","tagList":[],"createdAt":"2025-08-13T14:59:22.894Z","updatedAt":"2025-08-13T14:59:22.894Z","favorited":false,"favoritesCount":0,"author":{"username":"Alvariytomyg","bio":null,"image":"https://conduit-api.bondaracademy.com/images/smiley-cyrus.jpeg","following":false}}}

09:59:25.435 [main] INFO  com.intuit.karate - karate.env system property was: null 
09:59:25.467 [main] DEBUG com.intuit.karate - request:
1 > POST https://conduit-api.bondaracademy.com/api/articles
1 > Authorization: Token eyJhbGciOiJIUzI1NiIsInR5cCI6IkpXVCJ9.eyJ1c2VyIjp7ImlkIjoxMzE4Nn0sImlhdCI6MTc1NTA5NzE2MiwiZXhwIjoxNzYwMjgxMTYyfQ.-R1zec0p56nb91DoXye3Ydq1aeWLsbQCs9zQdZXPscQ
1 > Content-Type: application/json; charset=UTF-8
1 > Content-Length: 170
1 > Host: conduit-api.bondaracademy.com
1 > Connection: Keep-Alive
1 > User-Agent: Apache-HttpClient/4.5.14 (Java/17.0.12)
1 > Accept-Encoding: gzip,deflate
{"article":{"title":"Gormon Tyrell","description":"Ar Noy","body":"When the snows fall and the white winds blow, the lone wolf dies but the pack survives.","tagList":[]}}

09:59:26.296 [main] DEBUG com.intuit.karate - response time in milliseconds: 828
1 < 201
1 < x-powered-by: Express
1 < vary: Origin
1 < content-type: application/json; charset=utf-8
1 < etag: W/"1c5-yRybiRzWrg3FDo9DLe9aIGwxOJY"
1 < x-cloud-trace-context: ed0dbcd65b65d9c6c8f6a2f099b801df
1 < date: Wed, 13 Aug 2025 14:59:23 GMT
1 < server: Google Frontend
1 < Content-Length: 453
{"article":{"slug":"Gormon-Tyrell-13186","title":"Gormon Tyrell","description":"Ar Noy","body":"When the snows fall and the white winds blow, the lone wolf dies but the pack survives.","tagList":[],"createdAt":"2025-08-13T14:59:23.749Z","updatedAt":"2025-08-13T14:59:23.749Z","favorited":false,"favoritesCount":0,"author":{"username":"Alvariytomyg","bio":null,"image":"https://conduit-api.bondaracademy.com/images/smiley-cyrus.jpeg","following":false}}}

09:59:26.300 [main] DEBUG com.intuit.karate - request:
2 > GET https://conduit-api.bondaracademy.com/api/articles?limt=10&offset=0
2 > Authorization: Token eyJhbGciOiJIUzI1NiIsInR5cCI6IkpXVCJ9.eyJ1c2VyIjp7ImlkIjoxMzE4Nn0sImlhdCI6MTc1NTA5NzE2MiwiZXhwIjoxNzYwMjgxMTYyfQ.-R1zec0p56nb91DoXye3Ydq1aeWLsbQCs9zQdZXPscQ
2 > Host: conduit-api.bondaracademy.com
2 > Connection: Keep-Alive
2 > User-Agent: Apache-HttpClient/4.5.14 (Java/17.0.12)
2 > Accept-Encoding: gzip,deflate


09:59:27.156 [main] DEBUG com.intuit.karate - response time in milliseconds: 856
2 < 200
2 < x-powered-by: Express
2 < vary: Origin
2 < content-type: application/json; charset=utf-8
2 < etag: W/"10c2-Ad79w3o+0DZmnoXOjInSRpDZwU8"
2 < x-cloud-trace-context: 63b2bfb24d28539051c914c0d2113f1a
2 < date: Wed, 13 Aug 2025 14:59:24 GMT
2 < server: Google Frontend
2 < Content-Length: 4290
{"articles":[{"slug":"Gormon-Tyrell-13186","title":"Gormon Tyrell","description":"Ar Noy","body":"When the snows fall and the white winds blow, the lone wolf dies but the pack survives.","tagList":[],"createdAt":"2025-08-13T14:59:23.749Z","updatedAt":"2025-08-13T14:59:23.749Z","favorited":false,"favoritesCount":0,"author":{"username":"Alvariytomyg","bio":null,"image":"https://conduit-api.bondaracademy.com/images/smiley-cyrus.jpeg","following":false}},{"slug":"Renfred-Rykker-13186","title":"Renfred Rykker","description":"Asshai","body":"And I have a tender spot in my heart for cripples and bastards and broken things.","tagList":[],"createdAt":"2025-08-13T14:59:22.894Z","updatedAt":"2025-08-13T14:59:22.894Z","favorited":false,"favoritesCount":0,"author":{"username":"Alvariytomyg","bio":null,"image":"https://conduit-api.bondaracademy.com/images/smiley-cyrus.jpeg","following":false}},{"slug":"Liane-Vance-13186","title":"Liane Vance","description":"Asshai","body":"... a mind needs books as a sword needs a whetstone, if it is to keep its edge.","tagList":[],"createdAt":"2025-08-13T14:58:45.208Z","updatedAt":"2025-08-13T14:58:45.208Z","favorited":false,"favoritesCount":0,"author":{"username":"Alvariytomyg","bio":null,"image":"https://conduit-api.bondaracademy.com/images/smiley-cyrus.jpeg","following":false}},{"slug":"Theo-Frey-13186","title":"Theo Frey","description":"Ar Noy","body":"Power is a curious thing. Who lives, Who dies. Power resides where men believe it resides. It is a trick, A shadow on the wall.","tagList":[],"createdAt":"2025-08-13T14:57:27.335Z","updatedAt":"2025-08-13T14:57:27.335Z","favorited":false,"favoritesCount":0,"author":{"username":"Alvariytomyg","bio":null,"image":"https://conduit-api.bondaracademy.com/images/smiley-cyrus.jpeg","following":false}},{"slug":"Hugo-Wull-13186","title":"Hugo Wull","description":"Mantarys","body":"Why is it that when one man builds a wall, the next man immediately needs to know what's on the other side?","tagList":[],"createdAt":"2025-08-13T08:31:38.858Z","updatedAt":"2025-08-13T08:31:38.858Z","favorited":false,"favoritesCount":0,"author":{"username":"Alvariytomyg","bio":null,"image":"https://conduit-api.bondaracademy.com/images/smiley-cyrus.jpeg","following":false}},{"slug":"Bryan-of-Oldtown-13186","title":"Bryan of Oldtown","description":"Myr","body":"... a mind needs books as a sword needs a whetstone, if it is to keep its edge.","tagList":[],"createdAt":"2025-08-13T08:31:37.446Z","updatedAt":"2025-08-13T08:31:37.446Z","favorited":false,"favoritesCount":0,"author":{"username":"Alvariytomyg","bio":null,"image":"https://conduit-api.bondaracademy.com/images/smiley-cyrus.jpeg","following":false}},{"slug":"Grazhar-zo-Galare-13186","title":"Grazhar zo Galare","description":"Qarth","body":"Fear cuts deeper than swords.","tagList":[],"createdAt":"2025-08-13T08:12:57.407Z","updatedAt":"2025-08-13T08:12:57.407Z","favorited":false,"favoritesCount":0,"author":{"username":"Alvariytomyg","bio":null,"image":"https://conduit-api.bondaracademy.com/images/smiley-cyrus.jpeg","following":false}},{"slug":"Falyse-Stokeworth-13186","title":"Falyse Stokeworth","description":"Astapor","body":"When you play a game of thrones you win or you die.","tagList":[],"createdAt":"2025-08-13T08:12:57.243Z","updatedAt":"2025-08-13T08:12:57.243Z","favorited":false,"favoritesCount":0,"author":{"username":"Alvariytomyg","bio":null,"image":"https://conduit-api.bondaracademy.com/images/smiley-cyrus.jpeg","following":false}},{"slug":"Myria-Jordayne-13186","title":"Myria Jordayne","description":"Samyrian","body":"The North remembers.","tagList":[],"createdAt":"2025-08-13T08:12:56.931Z","updatedAt":"2025-08-13T08:12:56.931Z","favorited":false,"favoritesCount":0,"author":{"username":"Alvariytomyg","bio":null,"image":"https://conduit-api.bondaracademy.com/images/smiley-cyrus.jpeg","following":false}},{"slug":"Jommo-13186","title":"Jommo","description":"Ar Noy","body":"A lion doesn't concern itself with the opinion of sheep.","tagList":[],"createdAt":"2025-08-13T08:08:52.277Z","updatedAt":"2025-08-13T08:08:52.277Z","favorited":false,"favoritesCount":0,"author":{"username":"Alvariytomyg","bio":null,"image":"https://conduit-api.bondaracademy.com/images/smiley-cyrus.jpeg","following":false}}],"articlesCount":32}

09:59:27.162 [main] DEBUG com.intuit.karate - request:
3 > DELETE https://conduit-api.bondaracademy.com/api/articles/Gormon-Tyrell-13186
3 > Authorization: Token eyJhbGciOiJIUzI1NiIsInR5cCI6IkpXVCJ9.eyJ1c2VyIjp7ImlkIjoxMzE4Nn0sImlhdCI6MTc1NTA5NzE2MiwiZXhwIjoxNzYwMjgxMTYyfQ.-R1zec0p56nb91DoXye3Ydq1aeWLsbQCs9zQdZXPscQ
3 > Host: conduit-api.bondaracademy.com
3 > Connection: Keep-Alive
3 > User-Agent: Apache-HttpClient/4.5.14 (Java/17.0.12)
3 > Accept-Encoding: gzip,deflate


09:59:27.874 [main] DEBUG com.intuit.karate - response time in milliseconds: 711
3 < 204
3 < x-powered-by: Express
3 < vary: Origin
3 < etag: W/"a-bAsFyilMr4Ra1hIU5PyoyFRunpI"
3 < x-cloud-trace-context: 65e84589149e9009d9f00827a3bc5d00
3 < date: Wed, 13 Aug 2025 14:59:25 GMT
3 < content-type: text/html
3 < server: Google Frontend


09:59:27.876 [main] DEBUG com.intuit.karate - request:
4 > GET https://conduit-api.bondaracademy.com/api/articles?limt=10&offset=0
4 > Authorization: Token eyJhbGciOiJIUzI1NiIsInR5cCI6IkpXVCJ9.eyJ1c2VyIjp7ImlkIjoxMzE4Nn0sImlhdCI6MTc1NTA5NzE2MiwiZXhwIjoxNzYwMjgxMTYyfQ.-R1zec0p56nb91DoXye3Ydq1aeWLsbQCs9zQdZXPscQ
4 > Host: conduit-api.bondaracademy.com
4 > Connection: Keep-Alive
4 > User-Agent: Apache-HttpClient/4.5.14 (Java/17.0.12)
4 > Accept-Encoding: gzip,deflate


09:59:28.906 [main] DEBUG com.intuit.karate - response time in milliseconds: 1029
4 < 200
4 < x-powered-by: Express
4 < vary: Origin
4 < content-type: application/json; charset=utf-8
4 < etag: W/"1079-ZnwwwBW/wnj9kaEqeP+vIsZ8nH4"
4 < x-cloud-trace-context: 182d13d55c2bbc08be160e651aaca6cd
4 < date: Wed, 13 Aug 2025 14:59:26 GMT
4 < server: Google Frontend
4 < Content-Length: 4217
{"articles":[{"slug":"Renfred-Rykker-13186","title":"Renfred Rykker","description":"Asshai","body":"And I have a tender spot in my heart for cripples and bastards and broken things.","tagList":[],"createdAt":"2025-08-13T14:59:22.894Z","updatedAt":"2025-08-13T14:59:22.894Z","favorited":false,"favoritesCount":0,"author":{"username":"Alvariytomyg","bio":null,"image":"https://conduit-api.bondaracademy.com/images/smiley-cyrus.jpeg","following":false}},{"slug":"Liane-Vance-13186","title":"Liane Vance","description":"Asshai","body":"... a mind needs books as a sword needs a whetstone, if it is to keep its edge.","tagList":[],"createdAt":"2025-08-13T14:58:45.208Z","updatedAt":"2025-08-13T14:58:45.208Z","favorited":false,"favoritesCount":0,"author":{"username":"Alvariytomyg","bio":null,"image":"https://conduit-api.bondaracademy.com/images/smiley-cyrus.jpeg","following":false}},{"slug":"Theo-Frey-13186","title":"Theo Frey","description":"Ar Noy","body":"Power is a curious thing. Who lives, Who dies. Power resides where men believe it resides. It is a trick, A shadow on the wall.","tagList":[],"createdAt":"2025-08-13T14:57:27.335Z","updatedAt":"2025-08-13T14:57:27.335Z","favorited":false,"favoritesCount":0,"author":{"username":"Alvariytomyg","bio":null,"image":"https://conduit-api.bondaracademy.com/images/smiley-cyrus.jpeg","following":false}},{"slug":"Hugo-Wull-13186","title":"Hugo Wull","description":"Mantarys","body":"Why is it that when one man builds a wall, the next man immediately needs to know what's on the other side?","tagList":[],"createdAt":"2025-08-13T08:31:38.858Z","updatedAt":"2025-08-13T08:31:38.858Z","favorited":false,"favoritesCount":0,"author":{"username":"Alvariytomyg","bio":null,"image":"https://conduit-api.bondaracademy.com/images/smiley-cyrus.jpeg","following":false}},{"slug":"Bryan-of-Oldtown-13186","title":"Bryan of Oldtown","description":"Myr","body":"... a mind needs books as a sword needs a whetstone, if it is to keep its edge.","tagList":[],"createdAt":"2025-08-13T08:31:37.446Z","updatedAt":"2025-08-13T08:31:37.446Z","favorited":false,"favoritesCount":0,"author":{"username":"Alvariytomyg","bio":null,"image":"https://conduit-api.bondaracademy.com/images/smiley-cyrus.jpeg","following":false}},{"slug":"Grazhar-zo-Galare-13186","title":"Grazhar zo Galare","description":"Qarth","body":"Fear cuts deeper than swords.","tagList":[],"createdAt":"2025-08-13T08:12:57.407Z","updatedAt":"2025-08-13T08:12:57.407Z","favorited":false,"favoritesCount":0,"author":{"username":"Alvariytomyg","bio":null,"image":"https://conduit-api.bondaracademy.com/images/smiley-cyrus.jpeg","following":false}},{"slug":"Falyse-Stokeworth-13186","title":"Falyse Stokeworth","description":"Astapor","body":"When you play a game of thrones you win or you die.","tagList":[],"createdAt":"2025-08-13T08:12:57.243Z","updatedAt":"2025-08-13T08:12:57.243Z","favorited":false,"favoritesCount":0,"author":{"username":"Alvariytomyg","bio":null,"image":"https://conduit-api.bondaracademy.com/images/smiley-cyrus.jpeg","following":false}},{"slug":"Myria-Jordayne-13186","title":"Myria Jordayne","description":"Samyrian","body":"The North remembers.","tagList":[],"createdAt":"2025-08-13T08:12:56.931Z","updatedAt":"2025-08-13T08:12:56.931Z","favorited":false,"favoritesCount":0,"author":{"username":"Alvariytomyg","bio":null,"image":"https://conduit-api.bondaracademy.com/images/smiley-cyrus.jpeg","following":false}},{"slug":"Jommo-13186","title":"Jommo","description":"Ar Noy","body":"A lion doesn't concern itself with the opinion of sheep.","tagList":[],"createdAt":"2025-08-13T08:08:52.277Z","updatedAt":"2025-08-13T08:08:52.277Z","favorited":false,"favoritesCount":0,"author":{"username":"Alvariytomyg","bio":null,"image":"https://conduit-api.bondaracademy.com/images/smiley-cyrus.jpeg","following":false}},{"slug":"Rymolf-13186","title":"Rymolf","description":"Ar Noy","body":"Nothing burns like the cold.","tagList":[],"createdAt":"2025-08-13T08:08:30.309Z","updatedAt":"2025-08-13T08:08:30.309Z","favorited":false,"favoritesCount":0,"author":{"username":"Alvariytomyg","bio":null,"image":"https://conduit-api.bondaracademy.com/images/smiley-cyrus.jpeg","following":false}}],"articlesCount":31}

09:59:29.257 [main] INFO  com.intuit.karate - karate.env system property was: null 
09:59:29.259 [main] DEBUG com.intuit.karate - request:
1 > GET https://conduit-api.bondaracademy.com/api/tags
1 > Authorization: Token eyJhbGciOiJIUzI1NiIsInR5cCI6IkpXVCJ9.eyJ1c2VyIjp7ImlkIjoxMzE4Nn0sImlhdCI6MTc1NTA5NzE2MiwiZXhwIjoxNzYwMjgxMTYyfQ.-R1zec0p56nb91DoXye3Ydq1aeWLsbQCs9zQdZXPscQ
1 > Host: conduit-api.bondaracademy.com
1 > Connection: Keep-Alive
1 > User-Agent: Apache-HttpClient/4.5.14 (Java/17.0.12)
1 > Accept-Encoding: gzip,deflate


09:59:30.009 [main] DEBUG com.intuit.karate - response time in milliseconds: 749
1 < 200
1 < x-powered-by: Express
1 < vary: Origin
1 < content-type: application/json; charset=utf-8
1 < etag: W/"65-XAqp9RO5/GurIdusYmbGg8NPW48"
1 < x-cloud-trace-context: 66d170a05f987da0bef74b7ecb297d66
1 < date: Wed, 13 Aug 2025 14:59:27 GMT
1 < server: Google Frontend
1 < Content-Length: 101
{"tags":["Test","Git","YouTube","Zoom","Blog","Bondar Academy","Enroll","Exam","Community","GitHub"]}

09:59:30.021 [main] INFO  com.intuit.karate - karate.env system property was: null 
09:59:30.030 [main] DEBUG com.intuit.karate - request:
1 > GET https://conduit-api.bondaracademy.com/api/articles?limt=10&offset=0
1 > Authorization: Token eyJhbGciOiJIUzI1NiIsInR5cCI6IkpXVCJ9.eyJ1c2VyIjp7ImlkIjoxMzE4Nn0sImlhdCI6MTc1NTA5NzE2MiwiZXhwIjoxNzYwMjgxMTYyfQ.-R1zec0p56nb91DoXye3Ydq1aeWLsbQCs9zQdZXPscQ
1 > Host: conduit-api.bondaracademy.com
1 > Connection: Keep-Alive
1 > User-Agent: Apache-HttpClient/4.5.14 (Java/17.0.12)
1 > Accept-Encoding: gzip,deflate


09:59:30.739 [main] DEBUG com.intuit.karate - response time in milliseconds: 708
1 < 200
1 < x-powered-by: Express
1 < vary: Origin
1 < content-type: application/json; charset=utf-8
1 < etag: W/"1079-ZnwwwBW/wnj9kaEqeP+vIsZ8nH4"
1 < x-cloud-trace-context: c98fbfe407e5f70f3c808a1c90b6a725
1 < date: Wed, 13 Aug 2025 14:59:28 GMT
1 < server: Google Frontend
1 < Content-Length: 4217
{"articles":[{"slug":"Renfred-Rykker-13186","title":"Renfred Rykker","description":"Asshai","body":"And I have a tender spot in my heart for cripples and bastards and broken things.","tagList":[],"createdAt":"2025-08-13T14:59:22.894Z","updatedAt":"2025-08-13T14:59:22.894Z","favorited":false,"favoritesCount":0,"author":{"username":"Alvariytomyg","bio":null,"image":"https://conduit-api.bondaracademy.com/images/smiley-cyrus.jpeg","following":false}},{"slug":"Liane-Vance-13186","title":"Liane Vance","description":"Asshai","body":"... a mind needs books as a sword needs a whetstone, if it is to keep its edge.","tagList":[],"createdAt":"2025-08-13T14:58:45.208Z","updatedAt":"2025-08-13T14:58:45.208Z","favorited":false,"favoritesCount":0,"author":{"username":"Alvariytomyg","bio":null,"image":"https://conduit-api.bondaracademy.com/images/smiley-cyrus.jpeg","following":false}},{"slug":"Theo-Frey-13186","title":"Theo Frey","description":"Ar Noy","body":"Power is a curious thing. Who lives, Who dies. Power resides where men believe it resides. It is a trick, A shadow on the wall.","tagList":[],"createdAt":"2025-08-13T14:57:27.335Z","updatedAt":"2025-08-13T14:57:27.335Z","favorited":false,"favoritesCount":0,"author":{"username":"Alvariytomyg","bio":null,"image":"https://conduit-api.bondaracademy.com/images/smiley-cyrus.jpeg","following":false}},{"slug":"Hugo-Wull-13186","title":"Hugo Wull","description":"Mantarys","body":"Why is it that when one man builds a wall, the next man immediately needs to know what's on the other side?","tagList":[],"createdAt":"2025-08-13T08:31:38.858Z","updatedAt":"2025-08-13T08:31:38.858Z","favorited":false,"favoritesCount":0,"author":{"username":"Alvariytomyg","bio":null,"image":"https://conduit-api.bondaracademy.com/images/smiley-cyrus.jpeg","following":false}},{"slug":"Bryan-of-Oldtown-13186","title":"Bryan of Oldtown","description":"Myr","body":"... a mind needs books as a sword needs a whetstone, if it is to keep its edge.","tagList":[],"createdAt":"2025-08-13T08:31:37.446Z","updatedAt":"2025-08-13T08:31:37.446Z","favorited":false,"favoritesCount":0,"author":{"username":"Alvariytomyg","bio":null,"image":"https://conduit-api.bondaracademy.com/images/smiley-cyrus.jpeg","following":false}},{"slug":"Grazhar-zo-Galare-13186","title":"Grazhar zo Galare","description":"Qarth","body":"Fear cuts deeper than swords.","tagList":[],"createdAt":"2025-08-13T08:12:57.407Z","updatedAt":"2025-08-13T08:12:57.407Z","favorited":false,"favoritesCount":0,"author":{"username":"Alvariytomyg","bio":null,"image":"https://conduit-api.bondaracademy.com/images/smiley-cyrus.jpeg","following":false}},{"slug":"Falyse-Stokeworth-13186","title":"Falyse Stokeworth","description":"Astapor","body":"When you play a game of thrones you win or you die.","tagList":[],"createdAt":"2025-08-13T08:12:57.243Z","updatedAt":"2025-08-13T08:12:57.243Z","favorited":false,"favoritesCount":0,"author":{"username":"Alvariytomyg","bio":null,"image":"https://conduit-api.bondaracademy.com/images/smiley-cyrus.jpeg","following":false}},{"slug":"Myria-Jordayne-13186","title":"Myria Jordayne","description":"Samyrian","body":"The North remembers.","tagList":[],"createdAt":"2025-08-13T08:12:56.931Z","updatedAt":"2025-08-13T08:12:56.931Z","favorited":false,"favoritesCount":0,"author":{"username":"Alvariytomyg","bio":null,"image":"https://conduit-api.bondaracademy.com/images/smiley-cyrus.jpeg","following":false}},{"slug":"Jommo-13186","title":"Jommo","description":"Ar Noy","body":"A lion doesn't concern itself with the opinion of sheep.","tagList":[],"createdAt":"2025-08-13T08:08:52.277Z","updatedAt":"2025-08-13T08:08:52.277Z","favorited":false,"favoritesCount":0,"author":{"username":"Alvariytomyg","bio":null,"image":"https://conduit-api.bondaracademy.com/images/smiley-cyrus.jpeg","following":false}},{"slug":"Rymolf-13186","title":"Rymolf","description":"Ar Noy","body":"Nothing burns like the cold.","tagList":[],"createdAt":"2025-08-13T08:08:30.309Z","updatedAt":"2025-08-13T08:08:30.309Z","favorited":false,"favoritesCount":0,"author":{"username":"Alvariytomyg","bio":null,"image":"https://conduit-api.bondaracademy.com/images/smiley-cyrus.jpeg","following":false}}],"articlesCount":31}

09:59:30.866 [main] INFO  com.intuit.karate - karate.env system property was: null 
09:59:30.940 [main] DEBUG com.intuit.karate - request:
1 > POST https://conduit-api.bondaracademy.com/api/users
1 > Authorization: Token eyJhbGciOiJIUzI1NiIsInR5cCI6IkpXVCJ9.eyJ1c2VyIjp7ImlkIjoxMzE4Nn0sImlhdCI6MTc1NTA5NzE2MiwiZXhwIjoxNzYwMjgxMTYyfQ.-R1zec0p56nb91DoXye3Ydq1aeWLsbQCs9zQdZXPscQ
1 > Content-Type: application/json; charset=UTF-8
1 > Content-Length: 89
1 > Host: conduit-api.bondaracademy.com
1 > Connection: Keep-Alive
1 > User-Agent: Apache-HttpClient/4.5.14 (Java/17.0.12)
1 > Accept-Encoding: gzip,deflate
{"user":{"email":"jade21@test.com","password":"12345alv","username":"lesley.vandervort"}}

09:59:31.624 [main] DEBUG com.intuit.karate - response time in milliseconds: 682
1 < 422
1 < x-powered-by: Express
1 < vary: Origin
1 < content-type: application/json; charset=utf-8
1 < etag: W/"2f-BJEnYqgmLwV4NGkXB9OccFtans4"
1 < x-cloud-trace-context: 81a85116f387bb98eb9c4163b9fc137e
1 < date: Wed, 13 Aug 2025 14:59:29 GMT
1 < server: Google Frontend
1 < Content-Length: 47
{"errors":{"email":["has already been taken"]}}

09:59:31.628 [main] ERROR com.intuit.karate - classpath:conduitApp/feature/SignUp.feature:24
Then status 201
status code was: 422, expected: 201, response time in milliseconds: 682, url: https://conduit-api.bondaracademy.com/api/users, response: 
{"errors":{"email":["has already been taken"]}}
classpath:conduitApp/feature/SignUp.feature:24
10:04:15.007 [main] DEBUG com.intuit.karate.Suite - [config] classpath:karate-config.js
10:04:15.541 [main] INFO  com.intuit.karate - karate.env system property was: null 
10:04:15.546 [main] INFO  com.intuit.karate - >> lock acquired, begin callSingle: classpath:helpers/CreateToken.feature
10:04:15.742 [main] DEBUG com.intuit.karate - request:
1 > POST https://conduit-api.bondaracademy.com/api/users/login
1 > Content-Type: application/json; charset=UTF-8
1 > Content-Length: 65
1 > Host: conduit-api.bondaracademy.com
1 > Connection: Keep-Alive
1 > User-Agent: Apache-HttpClient/4.5.14 (Java/17.0.12)
1 > Accept-Encoding: gzip,deflate
{"user":{"email":"pruebakarate@test.com","password":"karate123"}}

10:04:16.631 [main] DEBUG com.intuit.karate - response time in milliseconds: 887
1 < 200
1 < x-powered-by: Express
1 < vary: Origin
1 < content-type: application/json; charset=utf-8
1 < etag: W/"13e-/H+/rzXyR6ITWx1AZzEXvJJUzHg"
1 < x-cloud-trace-context: 87e0b27d0c889790891d15ab908bbe4f;o=1
1 < date: Wed, 13 Aug 2025 15:04:14 GMT
1 < server: Google Frontend
1 < Content-Length: 318
{"user":{"email":"pruebakarate@test.com","username":"Alvariytomyg","bio":null,"image":"https://conduit-api.bondaracademy.com/images/smiley-cyrus.jpeg","token":"eyJhbGciOiJIUzI1NiIsInR5cCI6IkpXVCJ9.eyJ1c2VyIjp7ImlkIjoxMzE4Nn0sImlhdCI6MTc1NTA5NzQ1NCwiZXhwIjoxNzYwMjgxNDU0fQ.FGJNeGqp0BTgKBjdKszl4DC-I3DppAQXHAj01AWGBWU"}}

10:04:16.636 [main] INFO  com.intuit.karate - << lock released, cached callSingle: classpath:helpers/CreateToken.feature
10:04:16.738 [main] DEBUG com.intuit.karate - request:
1 > POST https://conduit-api.bondaracademy.com/api/articles
1 > Authorization: Token eyJhbGciOiJIUzI1NiIsInR5cCI6IkpXVCJ9.eyJ1c2VyIjp7ImlkIjoxMzE4Nn0sImlhdCI6MTc1NTA5NzQ1NCwiZXhwIjoxNzYwMjgxNDU0fQ.FGJNeGqp0BTgKBjdKszl4DC-I3DppAQXHAj01AWGBWU
1 > Content-Type: application/json; charset=UTF-8
1 > Content-Length: 174
1 > Host: conduit-api.bondaracademy.com
1 > Connection: Keep-Alive
1 > User-Agent: Apache-HttpClient/4.5.14 (Java/17.0.12)
1 > Accept-Encoding: gzip,deflate
{"article":{"title":"Loreza Sand","description":"White Harbor","body":"When the snows fall and the white winds blow, the lone wolf dies but the pack survives.","tagList":[]}}

10:04:17.571 [main] DEBUG com.intuit.karate - response time in milliseconds: 832
1 < 201
1 < x-powered-by: Express
1 < vary: Origin
1 < content-type: application/json; charset=utf-8
1 < etag: W/"1c7-xqaH2f3QpXb6dkkMKPZNW2apPhc"
1 < x-cloud-trace-context: 695f8273c69f38a7b0f4cbdd93f090dd
1 < date: Wed, 13 Aug 2025 15:04:15 GMT
1 < server: Google Frontend
1 < Content-Length: 455
{"article":{"slug":"Loreza-Sand-13186","title":"Loreza Sand","description":"White Harbor","body":"When the snows fall and the white winds blow, the lone wolf dies but the pack survives.","tagList":[],"createdAt":"2025-08-13T15:04:15.038Z","updatedAt":"2025-08-13T15:04:15.038Z","favorited":false,"favoritesCount":0,"author":{"username":"Alvariytomyg","bio":null,"image":"https://conduit-api.bondaracademy.com/images/smiley-cyrus.jpeg","following":false}}}

10:04:17.588 [main] INFO  com.intuit.karate - karate.env system property was: null 
10:04:17.611 [main] DEBUG com.intuit.karate - request:
1 > POST https://conduit-api.bondaracademy.com/api/articles
1 > Authorization: Token eyJhbGciOiJIUzI1NiIsInR5cCI6IkpXVCJ9.eyJ1c2VyIjp7ImlkIjoxMzE4Nn0sImlhdCI6MTc1NTA5NzQ1NCwiZXhwIjoxNzYwMjgxNDU0fQ.FGJNeGqp0BTgKBjdKszl4DC-I3DppAQXHAj01AWGBWU
1 > Content-Type: application/json; charset=UTF-8
1 > Content-Length: 152
1 > Host: conduit-api.bondaracademy.com
1 > Connection: Keep-Alive
1 > User-Agent: Apache-HttpClient/4.5.14 (Java/17.0.12)
1 > Accept-Encoding: gzip,deflate
{"article":{"title":"Jeyne Waters","description":"Oros","body":"Some old wounds never truly heal, and bleed again at the slightest word.","tagList":[]}}

10:04:18.476 [main] DEBUG com.intuit.karate - response time in milliseconds: 864
1 < 201
1 < x-powered-by: Express
1 < vary: Origin
1 < content-type: application/json; charset=utf-8
1 < etag: W/"1b2-0qpCLyU4fLYGiPQVi8EQR4I6f2g"
1 < x-cloud-trace-context: b31463fa979d7978b40eafbbc3e29552
1 < date: Wed, 13 Aug 2025 15:04:16 GMT
1 < server: Google Frontend
1 < Content-Length: 434
{"article":{"slug":"Jeyne-Waters-13186","title":"Jeyne Waters","description":"Oros","body":"Some old wounds never truly heal, and bleed again at the slightest word.","tagList":[],"createdAt":"2025-08-13T15:04:15.962Z","updatedAt":"2025-08-13T15:04:15.962Z","favorited":false,"favoritesCount":0,"author":{"username":"Alvariytomyg","bio":null,"image":"https://conduit-api.bondaracademy.com/images/smiley-cyrus.jpeg","following":false}}}

10:04:18.485 [main] DEBUG com.intuit.karate - request:
2 > GET https://conduit-api.bondaracademy.com/api/articles?limt=10&offset=0
2 > Authorization: Token eyJhbGciOiJIUzI1NiIsInR5cCI6IkpXVCJ9.eyJ1c2VyIjp7ImlkIjoxMzE4Nn0sImlhdCI6MTc1NTA5NzQ1NCwiZXhwIjoxNzYwMjgxNDU0fQ.FGJNeGqp0BTgKBjdKszl4DC-I3DppAQXHAj01AWGBWU
2 > Host: conduit-api.bondaracademy.com
2 > Connection: Keep-Alive
2 > User-Agent: Apache-HttpClient/4.5.14 (Java/17.0.12)
2 > Accept-Encoding: gzip,deflate


10:04:19.492 [main] DEBUG com.intuit.karate - response time in milliseconds: 1005
2 < 200
2 < x-powered-by: Express
2 < vary: Origin
2 < content-type: application/json; charset=utf-8
2 < etag: W/"10e0-I8YMlIryHxI9Sh7KfZheHMOBiyI"
2 < x-cloud-trace-context: abdf6fc78c60ab57a8d96132c864abfe
2 < date: Wed, 13 Aug 2025 15:04:17 GMT
2 < server: Google Frontend
2 < Content-Length: 4320
{"articles":[{"slug":"Jeyne-Waters-13186","title":"Jeyne Waters","description":"Oros","body":"Some old wounds never truly heal, and bleed again at the slightest word.","tagList":[],"createdAt":"2025-08-13T15:04:15.962Z","updatedAt":"2025-08-13T15:04:15.962Z","favorited":false,"favoritesCount":0,"author":{"username":"Alvariytomyg","bio":null,"image":"https://conduit-api.bondaracademy.com/images/smiley-cyrus.jpeg","following":false}},{"slug":"Loreza-Sand-13186","title":"Loreza Sand","description":"White Harbor","body":"When the snows fall and the white winds blow, the lone wolf dies but the pack survives.","tagList":[],"createdAt":"2025-08-13T15:04:15.038Z","updatedAt":"2025-08-13T15:04:15.038Z","favorited":false,"favoritesCount":0,"author":{"username":"Alvariytomyg","bio":null,"image":"https://conduit-api.bondaracademy.com/images/smiley-cyrus.jpeg","following":false}},{"slug":"Renfred-Rykker-13186","title":"Renfred Rykker","description":"Asshai","body":"And I have a tender spot in my heart for cripples and bastards and broken things.","tagList":[],"createdAt":"2025-08-13T14:59:22.894Z","updatedAt":"2025-08-13T14:59:22.894Z","favorited":false,"favoritesCount":0,"author":{"username":"Alvariytomyg","bio":null,"image":"https://conduit-api.bondaracademy.com/images/smiley-cyrus.jpeg","following":false}},{"slug":"Liane-Vance-13186","title":"Liane Vance","description":"Asshai","body":"... a mind needs books as a sword needs a whetstone, if it is to keep its edge.","tagList":[],"createdAt":"2025-08-13T14:58:45.208Z","updatedAt":"2025-08-13T14:58:45.208Z","favorited":false,"favoritesCount":0,"author":{"username":"Alvariytomyg","bio":null,"image":"https://conduit-api.bondaracademy.com/images/smiley-cyrus.jpeg","following":false}},{"slug":"Theo-Frey-13186","title":"Theo Frey","description":"Ar Noy","body":"Power is a curious thing. Who lives, Who dies. Power resides where men believe it resides. It is a trick, A shadow on the wall.","tagList":[],"createdAt":"2025-08-13T14:57:27.335Z","updatedAt":"2025-08-13T14:57:27.335Z","favorited":false,"favoritesCount":0,"author":{"username":"Alvariytomyg","bio":null,"image":"https://conduit-api.bondaracademy.com/images/smiley-cyrus.jpeg","following":false}},{"slug":"Hugo-Wull-13186","title":"Hugo Wull","description":"Mantarys","body":"Why is it that when one man builds a wall, the next man immediately needs to know what's on the other side?","tagList":[],"createdAt":"2025-08-13T08:31:38.858Z","updatedAt":"2025-08-13T08:31:38.858Z","favorited":false,"favoritesCount":0,"author":{"username":"Alvariytomyg","bio":null,"image":"https://conduit-api.bondaracademy.com/images/smiley-cyrus.jpeg","following":false}},{"slug":"Bryan-of-Oldtown-13186","title":"Bryan of Oldtown","description":"Myr","body":"... a mind needs books as a sword needs a whetstone, if it is to keep its edge.","tagList":[],"createdAt":"2025-08-13T08:31:37.446Z","updatedAt":"2025-08-13T08:31:37.446Z","favorited":false,"favoritesCount":0,"author":{"username":"Alvariytomyg","bio":null,"image":"https://conduit-api.bondaracademy.com/images/smiley-cyrus.jpeg","following":false}},{"slug":"Grazhar-zo-Galare-13186","title":"Grazhar zo Galare","description":"Qarth","body":"Fear cuts deeper than swords.","tagList":[],"createdAt":"2025-08-13T08:12:57.407Z","updatedAt":"2025-08-13T08:12:57.407Z","favorited":false,"favoritesCount":0,"author":{"username":"Alvariytomyg","bio":null,"image":"https://conduit-api.bondaracademy.com/images/smiley-cyrus.jpeg","following":false}},{"slug":"Falyse-Stokeworth-13186","title":"Falyse Stokeworth","description":"Astapor","body":"When you play a game of thrones you win or you die.","tagList":[],"createdAt":"2025-08-13T08:12:57.243Z","updatedAt":"2025-08-13T08:12:57.243Z","favorited":false,"favoritesCount":0,"author":{"username":"Alvariytomyg","bio":null,"image":"https://conduit-api.bondaracademy.com/images/smiley-cyrus.jpeg","following":false}},{"slug":"Myria-Jordayne-13186","title":"Myria Jordayne","description":"Samyrian","body":"The North remembers.","tagList":[],"createdAt":"2025-08-13T08:12:56.931Z","updatedAt":"2025-08-13T08:12:56.931Z","favorited":false,"favoritesCount":0,"author":{"username":"Alvariytomyg","bio":null,"image":"https://conduit-api.bondaracademy.com/images/smiley-cyrus.jpeg","following":false}}],"articlesCount":33}

10:04:19.500 [main] DEBUG com.intuit.karate - request:
3 > DELETE https://conduit-api.bondaracademy.com/api/articles/Jeyne-Waters-13186
3 > Authorization: Token eyJhbGciOiJIUzI1NiIsInR5cCI6IkpXVCJ9.eyJ1c2VyIjp7ImlkIjoxMzE4Nn0sImlhdCI6MTc1NTA5NzQ1NCwiZXhwIjoxNzYwMjgxNDU0fQ.FGJNeGqp0BTgKBjdKszl4DC-I3DppAQXHAj01AWGBWU
3 > Host: conduit-api.bondaracademy.com
3 > Connection: Keep-Alive
3 > User-Agent: Apache-HttpClient/4.5.14 (Java/17.0.12)
3 > Accept-Encoding: gzip,deflate


10:04:20.239 [main] DEBUG com.intuit.karate - response time in milliseconds: 738
3 < 204
3 < x-powered-by: Express
3 < vary: Origin
3 < etag: W/"a-bAsFyilMr4Ra1hIU5PyoyFRunpI"
3 < x-cloud-trace-context: 322ff5a2b6846d098a7f1f0b4ec2fc04
3 < date: Wed, 13 Aug 2025 15:04:17 GMT
3 < content-type: text/html
3 < server: Google Frontend


10:04:20.244 [main] DEBUG com.intuit.karate - request:
4 > GET https://conduit-api.bondaracademy.com/api/articles?limt=10&offset=0
4 > Authorization: Token eyJhbGciOiJIUzI1NiIsInR5cCI6IkpXVCJ9.eyJ1c2VyIjp7ImlkIjoxMzE4Nn0sImlhdCI6MTc1NTA5NzQ1NCwiZXhwIjoxNzYwMjgxNDU0fQ.FGJNeGqp0BTgKBjdKszl4DC-I3DppAQXHAj01AWGBWU
4 > Host: conduit-api.bondaracademy.com
4 > Connection: Keep-Alive
4 > User-Agent: Apache-HttpClient/4.5.14 (Java/17.0.12)
4 > Accept-Encoding: gzip,deflate


10:04:21.111 [main] DEBUG com.intuit.karate - response time in milliseconds: 866
4 < 200
4 < x-powered-by: Express
4 < vary: Origin
4 < content-type: application/json; charset=utf-8
4 < etag: W/"10c4-PRDwOPEf+2giHGymYDodhMUEFe4"
4 < x-cloud-trace-context: 5c462aa6a56a4f92784d01e4261346cd
4 < date: Wed, 13 Aug 2025 15:04:18 GMT
4 < server: Google Frontend
4 < Content-Length: 4292
{"articles":[{"slug":"Loreza-Sand-13186","title":"Loreza Sand","description":"White Harbor","body":"When the snows fall and the white winds blow, the lone wolf dies but the pack survives.","tagList":[],"createdAt":"2025-08-13T15:04:15.038Z","updatedAt":"2025-08-13T15:04:15.038Z","favorited":false,"favoritesCount":0,"author":{"username":"Alvariytomyg","bio":null,"image":"https://conduit-api.bondaracademy.com/images/smiley-cyrus.jpeg","following":false}},{"slug":"Renfred-Rykker-13186","title":"Renfred Rykker","description":"Asshai","body":"And I have a tender spot in my heart for cripples and bastards and broken things.","tagList":[],"createdAt":"2025-08-13T14:59:22.894Z","updatedAt":"2025-08-13T14:59:22.894Z","favorited":false,"favoritesCount":0,"author":{"username":"Alvariytomyg","bio":null,"image":"https://conduit-api.bondaracademy.com/images/smiley-cyrus.jpeg","following":false}},{"slug":"Liane-Vance-13186","title":"Liane Vance","description":"Asshai","body":"... a mind needs books as a sword needs a whetstone, if it is to keep its edge.","tagList":[],"createdAt":"2025-08-13T14:58:45.208Z","updatedAt":"2025-08-13T14:58:45.208Z","favorited":false,"favoritesCount":0,"author":{"username":"Alvariytomyg","bio":null,"image":"https://conduit-api.bondaracademy.com/images/smiley-cyrus.jpeg","following":false}},{"slug":"Theo-Frey-13186","title":"Theo Frey","description":"Ar Noy","body":"Power is a curious thing. Who lives, Who dies. Power resides where men believe it resides. It is a trick, A shadow on the wall.","tagList":[],"createdAt":"2025-08-13T14:57:27.335Z","updatedAt":"2025-08-13T14:57:27.335Z","favorited":false,"favoritesCount":0,"author":{"username":"Alvariytomyg","bio":null,"image":"https://conduit-api.bondaracademy.com/images/smiley-cyrus.jpeg","following":false}},{"slug":"Hugo-Wull-13186","title":"Hugo Wull","description":"Mantarys","body":"Why is it that when one man builds a wall, the next man immediately needs to know what's on the other side?","tagList":[],"createdAt":"2025-08-13T08:31:38.858Z","updatedAt":"2025-08-13T08:31:38.858Z","favorited":false,"favoritesCount":0,"author":{"username":"Alvariytomyg","bio":null,"image":"https://conduit-api.bondaracademy.com/images/smiley-cyrus.jpeg","following":false}},{"slug":"Bryan-of-Oldtown-13186","title":"Bryan of Oldtown","description":"Myr","body":"... a mind needs books as a sword needs a whetstone, if it is to keep its edge.","tagList":[],"createdAt":"2025-08-13T08:31:37.446Z","updatedAt":"2025-08-13T08:31:37.446Z","favorited":false,"favoritesCount":0,"author":{"username":"Alvariytomyg","bio":null,"image":"https://conduit-api.bondaracademy.com/images/smiley-cyrus.jpeg","following":false}},{"slug":"Grazhar-zo-Galare-13186","title":"Grazhar zo Galare","description":"Qarth","body":"Fear cuts deeper than swords.","tagList":[],"createdAt":"2025-08-13T08:12:57.407Z","updatedAt":"2025-08-13T08:12:57.407Z","favorited":false,"favoritesCount":0,"author":{"username":"Alvariytomyg","bio":null,"image":"https://conduit-api.bondaracademy.com/images/smiley-cyrus.jpeg","following":false}},{"slug":"Falyse-Stokeworth-13186","title":"Falyse Stokeworth","description":"Astapor","body":"When you play a game of thrones you win or you die.","tagList":[],"createdAt":"2025-08-13T08:12:57.243Z","updatedAt":"2025-08-13T08:12:57.243Z","favorited":false,"favoritesCount":0,"author":{"username":"Alvariytomyg","bio":null,"image":"https://conduit-api.bondaracademy.com/images/smiley-cyrus.jpeg","following":false}},{"slug":"Myria-Jordayne-13186","title":"Myria Jordayne","description":"Samyrian","body":"The North remembers.","tagList":[],"createdAt":"2025-08-13T08:12:56.931Z","updatedAt":"2025-08-13T08:12:56.931Z","favorited":false,"favoritesCount":0,"author":{"username":"Alvariytomyg","bio":null,"image":"https://conduit-api.bondaracademy.com/images/smiley-cyrus.jpeg","following":false}},{"slug":"Jommo-13186","title":"Jommo","description":"Ar Noy","body":"A lion doesn't concern itself with the opinion of sheep.","tagList":[],"createdAt":"2025-08-13T08:08:52.277Z","updatedAt":"2025-08-13T08:08:52.277Z","favorited":false,"favoritesCount":0,"author":{"username":"Alvariytomyg","bio":null,"image":"https://conduit-api.bondaracademy.com/images/smiley-cyrus.jpeg","following":false}}],"articlesCount":32}

10:04:21.460 [main] INFO  com.intuit.karate - karate.env system property was: null 
10:04:21.463 [main] DEBUG com.intuit.karate - request:
1 > GET https://conduit-api.bondaracademy.com/api/tags
1 > Authorization: Token eyJhbGciOiJIUzI1NiIsInR5cCI6IkpXVCJ9.eyJ1c2VyIjp7ImlkIjoxMzE4Nn0sImlhdCI6MTc1NTA5NzQ1NCwiZXhwIjoxNzYwMjgxNDU0fQ.FGJNeGqp0BTgKBjdKszl4DC-I3DppAQXHAj01AWGBWU
1 > Host: conduit-api.bondaracademy.com
1 > Connection: Keep-Alive
1 > User-Agent: Apache-HttpClient/4.5.14 (Java/17.0.12)
1 > Accept-Encoding: gzip,deflate


10:04:22.210 [main] DEBUG com.intuit.karate - response time in milliseconds: 746
1 < 200
1 < x-powered-by: Express
1 < vary: Origin
1 < content-type: application/json; charset=utf-8
1 < etag: W/"65-XAqp9RO5/GurIdusYmbGg8NPW48"
1 < x-cloud-trace-context: c554b7fd5518951e6bdd88b5e6243322
1 < date: Wed, 13 Aug 2025 15:04:19 GMT
1 < server: Google Frontend
1 < Content-Length: 101
{"tags":["Test","Git","YouTube","Zoom","Blog","Bondar Academy","Enroll","Exam","Community","GitHub"]}

10:04:22.224 [main] INFO  com.intuit.karate - karate.env system property was: null 
10:04:22.233 [main] DEBUG com.intuit.karate - request:
1 > GET https://conduit-api.bondaracademy.com/api/articles?limt=10&offset=0
1 > Authorization: Token eyJhbGciOiJIUzI1NiIsInR5cCI6IkpXVCJ9.eyJ1c2VyIjp7ImlkIjoxMzE4Nn0sImlhdCI6MTc1NTA5NzQ1NCwiZXhwIjoxNzYwMjgxNDU0fQ.FGJNeGqp0BTgKBjdKszl4DC-I3DppAQXHAj01AWGBWU
1 > Host: conduit-api.bondaracademy.com
1 > Connection: Keep-Alive
1 > User-Agent: Apache-HttpClient/4.5.14 (Java/17.0.12)
1 > Accept-Encoding: gzip,deflate


10:04:22.916 [main] DEBUG com.intuit.karate - response time in milliseconds: 682
1 < 200
1 < x-powered-by: Express
1 < vary: Origin
1 < content-type: application/json; charset=utf-8
1 < etag: W/"10c4-PRDwOPEf+2giHGymYDodhMUEFe4"
1 < x-cloud-trace-context: f80086557660d383791680c088ab9de3
1 < date: Wed, 13 Aug 2025 15:04:20 GMT
1 < server: Google Frontend
1 < Content-Length: 4292
{"articles":[{"slug":"Loreza-Sand-13186","title":"Loreza Sand","description":"White Harbor","body":"When the snows fall and the white winds blow, the lone wolf dies but the pack survives.","tagList":[],"createdAt":"2025-08-13T15:04:15.038Z","updatedAt":"2025-08-13T15:04:15.038Z","favorited":false,"favoritesCount":0,"author":{"username":"Alvariytomyg","bio":null,"image":"https://conduit-api.bondaracademy.com/images/smiley-cyrus.jpeg","following":false}},{"slug":"Renfred-Rykker-13186","title":"Renfred Rykker","description":"Asshai","body":"And I have a tender spot in my heart for cripples and bastards and broken things.","tagList":[],"createdAt":"2025-08-13T14:59:22.894Z","updatedAt":"2025-08-13T14:59:22.894Z","favorited":false,"favoritesCount":0,"author":{"username":"Alvariytomyg","bio":null,"image":"https://conduit-api.bondaracademy.com/images/smiley-cyrus.jpeg","following":false}},{"slug":"Liane-Vance-13186","title":"Liane Vance","description":"Asshai","body":"... a mind needs books as a sword needs a whetstone, if it is to keep its edge.","tagList":[],"createdAt":"2025-08-13T14:58:45.208Z","updatedAt":"2025-08-13T14:58:45.208Z","favorited":false,"favoritesCount":0,"author":{"username":"Alvariytomyg","bio":null,"image":"https://conduit-api.bondaracademy.com/images/smiley-cyrus.jpeg","following":false}},{"slug":"Theo-Frey-13186","title":"Theo Frey","description":"Ar Noy","body":"Power is a curious thing. Who lives, Who dies. Power resides where men believe it resides. It is a trick, A shadow on the wall.","tagList":[],"createdAt":"2025-08-13T14:57:27.335Z","updatedAt":"2025-08-13T14:57:27.335Z","favorited":false,"favoritesCount":0,"author":{"username":"Alvariytomyg","bio":null,"image":"https://conduit-api.bondaracademy.com/images/smiley-cyrus.jpeg","following":false}},{"slug":"Hugo-Wull-13186","title":"Hugo Wull","description":"Mantarys","body":"Why is it that when one man builds a wall, the next man immediately needs to know what's on the other side?","tagList":[],"createdAt":"2025-08-13T08:31:38.858Z","updatedAt":"2025-08-13T08:31:38.858Z","favorited":false,"favoritesCount":0,"author":{"username":"Alvariytomyg","bio":null,"image":"https://conduit-api.bondaracademy.com/images/smiley-cyrus.jpeg","following":false}},{"slug":"Bryan-of-Oldtown-13186","title":"Bryan of Oldtown","description":"Myr","body":"... a mind needs books as a sword needs a whetstone, if it is to keep its edge.","tagList":[],"createdAt":"2025-08-13T08:31:37.446Z","updatedAt":"2025-08-13T08:31:37.446Z","favorited":false,"favoritesCount":0,"author":{"username":"Alvariytomyg","bio":null,"image":"https://conduit-api.bondaracademy.com/images/smiley-cyrus.jpeg","following":false}},{"slug":"Grazhar-zo-Galare-13186","title":"Grazhar zo Galare","description":"Qarth","body":"Fear cuts deeper than swords.","tagList":[],"createdAt":"2025-08-13T08:12:57.407Z","updatedAt":"2025-08-13T08:12:57.407Z","favorited":false,"favoritesCount":0,"author":{"username":"Alvariytomyg","bio":null,"image":"https://conduit-api.bondaracademy.com/images/smiley-cyrus.jpeg","following":false}},{"slug":"Falyse-Stokeworth-13186","title":"Falyse Stokeworth","description":"Astapor","body":"When you play a game of thrones you win or you die.","tagList":[],"createdAt":"2025-08-13T08:12:57.243Z","updatedAt":"2025-08-13T08:12:57.243Z","favorited":false,"favoritesCount":0,"author":{"username":"Alvariytomyg","bio":null,"image":"https://conduit-api.bondaracademy.com/images/smiley-cyrus.jpeg","following":false}},{"slug":"Myria-Jordayne-13186","title":"Myria Jordayne","description":"Samyrian","body":"The North remembers.","tagList":[],"createdAt":"2025-08-13T08:12:56.931Z","updatedAt":"2025-08-13T08:12:56.931Z","favorited":false,"favoritesCount":0,"author":{"username":"Alvariytomyg","bio":null,"image":"https://conduit-api.bondaracademy.com/images/smiley-cyrus.jpeg","following":false}},{"slug":"Jommo-13186","title":"Jommo","description":"Ar Noy","body":"A lion doesn't concern itself with the opinion of sheep.","tagList":[],"createdAt":"2025-08-13T08:08:52.277Z","updatedAt":"2025-08-13T08:08:52.277Z","favorited":false,"favoritesCount":0,"author":{"username":"Alvariytomyg","bio":null,"image":"https://conduit-api.bondaracademy.com/images/smiley-cyrus.jpeg","following":false}}],"articlesCount":32}

10:04:22.992 [main] INFO  com.intuit.karate - karate.env system property was: null 
10:04:23.034 [main] DEBUG com.intuit.karate - request:
1 > POST https://conduit-api.bondaracademy.com/api/users
1 > Authorization: Token eyJhbGciOiJIUzI1NiIsInR5cCI6IkpXVCJ9.eyJ1c2VyIjp7ImlkIjoxMzE4Nn0sImlhdCI6MTc1NTA5NzQ1NCwiZXhwIjoxNzYwMjgxNDU0fQ.FGJNeGqp0BTgKBjdKszl4DC-I3DppAQXHAj01AWGBWU
1 > Content-Type: application/json; charset=UTF-8
1 > Content-Length: 87
1 > Host: conduit-api.bondaracademy.com
1 > Connection: Keep-Alive
1 > User-Agent: Apache-HttpClient/4.5.14 (Java/17.0.12)
1 > Accept-Encoding: gzip,deflate
{"user":{"email":"otto64@test.com","password":"12345alv","username":"fabiola.jenkins"}}

10:04:23.802 [main] DEBUG com.intuit.karate - response time in milliseconds: 768
1 < 201
1 < x-powered-by: Express
1 < vary: Origin
1 < content-type: application/json; charset=utf-8
1 < etag: W/"146-ywFJG829qqPJzcXTL5CSa/fM0dA"
1 < x-cloud-trace-context: 2aa5b4933d44665aaa908c0b743a7d60
1 < date: Wed, 13 Aug 2025 15:04:21 GMT
1 < server: Google Frontend
1 < Content-Length: 326
{"user":{"id":31889,"email":"otto64@test.com","username":"fabiola.jenkins","bio":null,"image":"https://conduit-api.bondaracademy.com/images/smiley-cyrus.jpeg","token":"eyJhbGciOiJIUzI1NiIsInR5cCI6IkpXVCJ9.eyJ1c2VyIjp7ImlkIjozMTg4OX0sImlhdCI6MTc1NTA5NzQ2MSwiZXhwIjoxNzYwMjgxNDYxfQ.kp8Zx9hdQ5VmQqkjAC1IDYMnC-87zbdG7HljzMjKDuo"}}

11:14:44.088 [main] INFO  com.intuit.karate.Runner - using system property 'karate.options': --tags @debug
11:14:44.320 [main] DEBUG com.intuit.karate.Suite - [config] classpath:karate-config.js
11:14:44.870 [main] INFO  com.intuit.karate - karate.env system property was: null 
11:14:44.873 [main] INFO  com.intuit.karate - >> lock acquired, begin callSingle: classpath:helpers/CreateToken.feature
11:14:45.086 [main] DEBUG com.intuit.karate - request:
1 > POST https://conduit-api.bondaracademy.com/api/users/login
1 > Content-Type: application/json; charset=UTF-8
1 > Content-Length: 65
1 > Host: conduit-api.bondaracademy.com
1 > Connection: Keep-Alive
1 > User-Agent: Apache-HttpClient/4.5.14 (Java/17.0.12)
1 > Accept-Encoding: gzip,deflate
{"user":{"email":"pruebakarate@test.com","password":"karate123"}}

11:14:45.991 [main] DEBUG com.intuit.karate - response time in milliseconds: 904
1 < 200
1 < x-powered-by: Express
1 < vary: Origin
1 < content-type: application/json; charset=utf-8
1 < etag: W/"13e-gpwLy6Wpd8zjyQlsHtOmTnLrsu4"
1 < x-cloud-trace-context: cb398492bef019bac60b21a5f038b980;o=1
1 < date: Wed, 13 Aug 2025 16:14:43 GMT
1 < server: Google Frontend
1 < Content-Length: 318
{"user":{"email":"pruebakarate@test.com","username":"Alvariytomyg","bio":null,"image":"https://conduit-api.bondaracademy.com/images/smiley-cyrus.jpeg","token":"eyJhbGciOiJIUzI1NiIsInR5cCI6IkpXVCJ9.eyJ1c2VyIjp7ImlkIjoxMzE4Nn0sImlhdCI6MTc1NTEwMTY4MywiZXhwIjoxNzYwMjg1NjgzfQ.GGuSS6oYqTgVOdN4owfyfXsw-2jfdwqjQjfnr29tPi0"}}

11:14:45.995 [main] INFO  com.intuit.karate - << lock released, cached callSingle: classpath:helpers/CreateToken.feature
11:14:46.102 [main] DEBUG com.intuit.karate - request:
1 > POST https://conduit-api.bondaracademy.com/api/users
1 > Authorization: Token eyJhbGciOiJIUzI1NiIsInR5cCI6IkpXVCJ9.eyJ1c2VyIjp7ImlkIjoxMzE4Nn0sImlhdCI6MTc1NTEwMTY4MywiZXhwIjoxNzYwMjg1NjgzfQ.GGuSS6oYqTgVOdN4owfyfXsw-2jfdwqjQjfnr29tPi0
1 > Content-Type: application/json; charset=UTF-8
1 > Content-Length: 86
1 > Host: conduit-api.bondaracademy.com
1 > Connection: Keep-Alive
1 > User-Agent: Apache-HttpClient/4.5.14 (Java/17.0.12)
1 > Accept-Encoding: gzip,deflate
{"user":{"email":"jess23@test.com","password":"12345alv","username":"Alvariytomyg21"}}

11:14:46.810 [main] DEBUG com.intuit.karate - response time in milliseconds: 707
1 < 422
1 < x-powered-by: Express
1 < vary: Origin
1 < content-type: application/json; charset=utf-8
1 < etag: W/"32-JsHJTKwNHW5NSVjFTl5ds7a++54"
1 < x-cloud-trace-context: 76baed709e1a6817b60b48178d5fd60d
1 < date: Wed, 13 Aug 2025 16:14:44 GMT
1 < server: Google Frontend
1 < Content-Length: 50
{"errors":{"username":["has already been taken"]}}

11:16:59.521 [main] INFO  com.intuit.karate.Runner - using system property 'karate.options': --tags @debug
11:16:59.753 [main] DEBUG com.intuit.karate.Suite - [config] classpath:karate-config.js
11:17:00.306 [main] INFO  com.intuit.karate - karate.env system property was: null 
11:17:00.310 [main] INFO  com.intuit.karate - >> lock acquired, begin callSingle: classpath:helpers/CreateToken.feature
11:17:00.513 [main] DEBUG com.intuit.karate - request:
1 > POST https://conduit-api.bondaracademy.com/api/users/login
1 > Content-Type: application/json; charset=UTF-8
1 > Content-Length: 65
1 > Host: conduit-api.bondaracademy.com
1 > Connection: Keep-Alive
1 > User-Agent: Apache-HttpClient/4.5.14 (Java/17.0.12)
1 > Accept-Encoding: gzip,deflate
{"user":{"email":"pruebakarate@test.com","password":"karate123"}}

11:17:01.403 [main] DEBUG com.intuit.karate - response time in milliseconds: 889
1 < 200
1 < x-powered-by: Express
1 < vary: Origin
1 < content-type: application/json; charset=utf-8
1 < etag: W/"13e-qE4r2JnaYBGmSHLIpKhGZF3HxA0"
1 < x-cloud-trace-context: 5b2119de7d9bc2e4ec2055f8c83059da;o=1
1 < date: Wed, 13 Aug 2025 16:16:58 GMT
1 < server: Google Frontend
1 < Content-Length: 318
{"user":{"email":"pruebakarate@test.com","username":"Alvariytomyg","bio":null,"image":"https://conduit-api.bondaracademy.com/images/smiley-cyrus.jpeg","token":"eyJhbGciOiJIUzI1NiIsInR5cCI6IkpXVCJ9.eyJ1c2VyIjp7ImlkIjoxMzE4Nn0sImlhdCI6MTc1NTEwMTgxOCwiZXhwIjoxNzYwMjg1ODE4fQ.uF66wNkUOhf2cfs9ig-101QkaCAWrM5LMHgY7q8_ip4"}}

11:17:01.408 [main] INFO  com.intuit.karate - << lock released, cached callSingle: classpath:helpers/CreateToken.feature
11:17:01.512 [main] DEBUG com.intuit.karate - request:
1 > POST https://conduit-api.bondaracademy.com/api/users
1 > Authorization: Token eyJhbGciOiJIUzI1NiIsInR5cCI6IkpXVCJ9.eyJ1c2VyIjp7ImlkIjoxMzE4Nn0sImlhdCI6MTc1NTEwMTgxOCwiZXhwIjoxNzYwMjg1ODE4fQ.uF66wNkUOhf2cfs9ig-101QkaCAWrM5LMHgY7q8_ip4
1 > Content-Type: application/json; charset=UTF-8
1 > Content-Length: 88
1 > Host: conduit-api.bondaracademy.com
1 > Connection: Keep-Alive
1 > User-Agent: Apache-HttpClient/4.5.14 (Java/17.0.12)
1 > Accept-Encoding: gzip,deflate
{"user":{"email":"austin96@test.com","password":"12345alv","username":"Alvariytomyg21"}}

11:17:02.232 [main] DEBUG com.intuit.karate - response time in milliseconds: 719
1 < 422
1 < x-powered-by: Express
1 < vary: Origin
1 < content-type: application/json; charset=utf-8
1 < etag: W/"32-JsHJTKwNHW5NSVjFTl5ds7a++54"
1 < x-cloud-trace-context: 6e0711abcd85223744a3a9aa390e32ab
1 < date: Wed, 13 Aug 2025 16:16:59 GMT
1 < server: Google Frontend
1 < Content-Length: 50
{"errors":{"username":["has already been taken"]}}

11:17:02.249 [main] INFO  com.intuit.karate - karate.env system property was: null 
11:17:02.284 [main] DEBUG com.intuit.karate - request:
1 > POST https://conduit-api.bondaracademy.com/api/users
1 > Authorization: Token eyJhbGciOiJIUzI1NiIsInR5cCI6IkpXVCJ9.eyJ1c2VyIjp7ImlkIjoxMzE4Nn0sImlhdCI6MTc1NTEwMTgxOCwiZXhwIjoxNzYwMjg1ODE4fQ.uF66wNkUOhf2cfs9ig-101QkaCAWrM5LMHgY7q8_ip4
1 > Content-Type: application/json; charset=UTF-8
1 > Content-Length: 96
1 > Host: conduit-api.bondaracademy.com
1 > Connection: Keep-Alive
1 > User-Agent: Apache-HttpClient/4.5.14 (Java/17.0.12)
1 > Accept-Encoding: gzip,deflate
{"user":{"email":"pruebakarate39@test.com","password":"12345alv","username":"lizeth.langworth"}}

11:17:03.021 [main] DEBUG com.intuit.karate - response time in milliseconds: 735
1 < 422
1 < x-powered-by: Express
1 < vary: Origin
1 < content-type: application/json; charset=utf-8
1 < etag: W/"2f-BJEnYqgmLwV4NGkXB9OccFtans4"
1 < x-cloud-trace-context: 52f987dde8211bced9dfbc1ea28ef1aa
1 < date: Wed, 13 Aug 2025 16:17:00 GMT
1 < server: Google Frontend
1 < Content-Length: 47
{"errors":{"email":["has already been taken"]}}

11:23:54.304 [main] INFO  com.intuit.karate.Runner - using system property 'karate.options': --tags @debug
11:23:54.520 [main] DEBUG com.intuit.karate.Suite - [config] classpath:karate-config.js
11:23:55.070 [main] INFO  com.intuit.karate - karate.env system property was: null 
11:23:55.074 [main] INFO  com.intuit.karate - >> lock acquired, begin callSingle: classpath:helpers/CreateToken.feature
11:23:55.285 [main] DEBUG com.intuit.karate - request:
1 > POST https://conduit-api.bondaracademy.com/api/users/login
1 > Content-Type: application/json; charset=UTF-8
1 > Content-Length: 65
1 > Host: conduit-api.bondaracademy.com
1 > Connection: Keep-Alive
1 > User-Agent: Apache-HttpClient/4.5.14 (Java/17.0.12)
1 > Accept-Encoding: gzip,deflate
{"user":{"email":"pruebakarate@test.com","password":"karate123"}}

11:23:56.196 [main] DEBUG com.intuit.karate - response time in milliseconds: 909
1 < 200
1 < x-powered-by: Express
1 < vary: Origin
1 < content-type: application/json; charset=utf-8
1 < etag: W/"13e-18rUNAoeQKgC+YkUwaQB4Iun/X8"
1 < x-cloud-trace-context: 528b317b4b84dd488ce5c2b55fed89f1;o=1
1 < date: Wed, 13 Aug 2025 16:23:53 GMT
1 < server: Google Frontend
1 < Content-Length: 318
{"user":{"email":"pruebakarate@test.com","username":"Alvariytomyg","bio":null,"image":"https://conduit-api.bondaracademy.com/images/smiley-cyrus.jpeg","token":"eyJhbGciOiJIUzI1NiIsInR5cCI6IkpXVCJ9.eyJ1c2VyIjp7ImlkIjoxMzE4Nn0sImlhdCI6MTc1NTEwMjIzMywiZXhwIjoxNzYwMjg2MjMzfQ.IyGelu_gLCfGntyBShLTj7aQ6GVp_5549F97tkQ9Kk8"}}

11:23:56.200 [main] INFO  com.intuit.karate - << lock released, cached callSingle: classpath:helpers/CreateToken.feature
11:23:56.314 [main] DEBUG com.intuit.karate - request:
1 > POST https://conduit-api.bondaracademy.com/api/users
1 > Authorization: Token eyJhbGciOiJIUzI1NiIsInR5cCI6IkpXVCJ9.eyJ1c2VyIjp7ImlkIjoxMzE4Nn0sImlhdCI6MTc1NTEwMjIzMywiZXhwIjoxNzYwMjg2MjMzfQ.IyGelu_gLCfGntyBShLTj7aQ6GVp_5549F97tkQ9Kk8
1 > Content-Type: application/json; charset=UTF-8
1 > Content-Length: 87
1 > Host: conduit-api.bondaracademy.com
1 > Connection: Keep-Alive
1 > User-Agent: Apache-HttpClient/4.5.14 (Java/17.0.12)
1 > Accept-Encoding: gzip,deflate
{"user":{"email":"damian5@test.com","password":"12345alv","username":"Alvariytomyg21"}}

11:23:57.008 [main] DEBUG com.intuit.karate - response time in milliseconds: 693
1 < 422
1 < x-powered-by: Express
1 < vary: Origin
1 < content-type: application/json; charset=utf-8
1 < etag: W/"32-JsHJTKwNHW5NSVjFTl5ds7a++54"
1 < x-cloud-trace-context: d72266bf1cc323d155cb4ef167b02654
1 < date: Wed, 13 Aug 2025 16:23:54 GMT
1 < server: Google Frontend
1 < Content-Length: 50
{"errors":{"username":["has already been taken"]}}

11:23:57.023 [main] INFO  com.intuit.karate - karate.env system property was: null 
11:23:57.053 [main] DEBUG com.intuit.karate - request:
1 > POST https://conduit-api.bondaracademy.com/api/users
1 > Authorization: Token eyJhbGciOiJIUzI1NiIsInR5cCI6IkpXVCJ9.eyJ1c2VyIjp7ImlkIjoxMzE4Nn0sImlhdCI6MTc1NTEwMjIzMywiZXhwIjoxNzYwMjg2MjMzfQ.IyGelu_gLCfGntyBShLTj7aQ6GVp_5549F97tkQ9Kk8
1 > Content-Type: application/json; charset=UTF-8
1 > Content-Length: 92
1 > Host: conduit-api.bondaracademy.com
1 > Connection: Keep-Alive
1 > User-Agent: Apache-HttpClient/4.5.14 (Java/17.0.12)
1 > Accept-Encoding: gzip,deflate
{"user":{"email":"pruebakarate39@test.com","password":"12345alv","username":"denny.sporer"}}

11:23:57.774 [main] DEBUG com.intuit.karate - response time in milliseconds: 720
1 < 422
1 < x-powered-by: Express
1 < vary: Origin
1 < content-type: application/json; charset=utf-8
1 < etag: W/"2f-BJEnYqgmLwV4NGkXB9OccFtans4"
1 < x-cloud-trace-context: d177eff7d221e8b1fc2b910eece7cdde
1 < date: Wed, 13 Aug 2025 16:23:55 GMT
1 < server: Google Frontend
1 < Content-Length: 47
{"errors":{"email":["has already been taken"]}}

11:23:57.782 [main] INFO  com.intuit.karate - karate.env system property was: null 
11:23:57.800 [main] DEBUG com.intuit.karate - request:
1 > POST https://conduit-api.bondaracademy.com/api/users
1 > Authorization: Token eyJhbGciOiJIUzI1NiIsInR5cCI6IkpXVCJ9.eyJ1c2VyIjp7ImlkIjoxMzE4Nn0sImlhdCI6MTc1NTEwMjIzMywiZXhwIjoxNzYwMjg2MjMzfQ.IyGelu_gLCfGntyBShLTj7aQ6GVp_5549F97tkQ9Kk8
1 > Content-Type: application/json; charset=UTF-8
1 > Content-Length: 86
1 > Host: conduit-api.bondaracademy.com
1 > Connection: Keep-Alive
1 > User-Agent: Apache-HttpClient/4.5.14 (Java/17.0.12)
1 > Accept-Encoding: gzip,deflate
{"user":{"email":"pruebakarate39","password":"12345alv","username":"victor.leuschke"}}

11:23:58.499 [main] DEBUG com.intuit.karate - response time in milliseconds: 697
1 < 422
1 < x-powered-by: Express
1 < vary: Origin
1 < content-type: application/json; charset=utf-8
1 < etag: W/"23-BFnyxZU59MOp7LrClbIX0lqohmc"
1 < x-cloud-trace-context: ec3ddecd8bec82f36e9e45c4e41a7343
1 < date: Wed, 13 Aug 2025 16:23:56 GMT
1 < server: Google Frontend
1 < Content-Length: 35
{"errors":{"email":["is invalid"]}}

11:23:58.505 [main] INFO  com.intuit.karate - karate.env system property was: null 
11:23:58.520 [main] DEBUG com.intuit.karate - request:
1 > POST https://conduit-api.bondaracademy.com/api/users
1 > Authorization: Token eyJhbGciOiJIUzI1NiIsInR5cCI6IkpXVCJ9.eyJ1c2VyIjp7ImlkIjoxMzE4Nn0sImlhdCI6MTc1NTEwMjIzMywiZXhwIjoxNzYwMjg2MjMzfQ.IyGelu_gLCfGntyBShLTj7aQ6GVp_5549F97tkQ9Kk8
1 > Content-Type: application/json; charset=UTF-8
1 > Content-Length: 104
1 > Host: conduit-api.bondaracademy.com
1 > Connection: Keep-Alive
1 > User-Agent: Apache-HttpClient/4.5.14 (Java/17.0.12)
1 > Accept-Encoding: gzip,deflate
{"user":{"email":"xavier45@test.com","password":"12345alv","username":"Alvariytomyg211212121212121212"}}

11:23:59.218 [main] DEBUG com.intuit.karate - response time in milliseconds: 697
1 < 422
1 < x-powered-by: Express
1 < vary: Origin
1 < content-type: application/json; charset=utf-8
1 < etag: W/"42-XpZe/rkpj7jwgwlEfcGikMbY3LU"
1 < x-cloud-trace-context: f30aefba040ba50362a4f663ac29ca0f
1 < date: Wed, 13 Aug 2025 16:23:56 GMT
1 < server: Google Frontend
1 < Content-Length: 66
{"errors":{"username":["is too long (maximum is 20 characters)"]}}

11:23:59.223 [main] INFO  com.intuit.karate - karate.env system property was: null 
11:23:59.235 [main] DEBUG com.intuit.karate - request:
1 > POST https://conduit-api.bondaracademy.com/api/users
1 > Authorization: Token eyJhbGciOiJIUzI1NiIsInR5cCI6IkpXVCJ9.eyJ1c2VyIjp7ImlkIjoxMzE4Nn0sImlhdCI6MTc1NTEwMjIzMywiZXhwIjoxNzYwMjg2MjMzfQ.IyGelu_gLCfGntyBShLTj7aQ6GVp_5549F97tkQ9Kk8
1 > Content-Type: application/json; charset=UTF-8
1 > Content-Length: 82
1 > Host: conduit-api.bondaracademy.com
1 > Connection: Keep-Alive
1 > User-Agent: Apache-HttpClient/4.5.14 (Java/17.0.12)
1 > Accept-Encoding: gzip,deflate
{"user":{"email":"lionel61@test.com","password":"alv","username":"domenic.kunze"}}

11:23:59.936 [main] DEBUG com.intuit.karate - response time in milliseconds: 700
1 < 422
1 < x-powered-by: Express
1 < vary: Origin
1 < content-type: application/json; charset=utf-8
1 < etag: W/"42-UacmJpJtrjcDwm4VS9rFYwj6xG4"
1 < x-cloud-trace-context: 16b3657526b1c0dcf59d43f66caaf81e
1 < date: Wed, 13 Aug 2025 16:23:57 GMT
1 < server: Google Frontend
1 < Content-Length: 66
{"errors":{"password":["is too short (minimum is 8 characters)"]}}

11:23:59.941 [main] INFO  com.intuit.karate - karate.env system property was: null 
11:23:59.954 [main] DEBUG com.intuit.karate - request:
1 > POST https://conduit-api.bondaracademy.com/api/users
1 > Authorization: Token eyJhbGciOiJIUzI1NiIsInR5cCI6IkpXVCJ9.eyJ1c2VyIjp7ImlkIjoxMzE4Nn0sImlhdCI6MTc1NTEwMjIzMywiZXhwIjoxNzYwMjg2MjMzfQ.IyGelu_gLCfGntyBShLTj7aQ6GVp_5549F97tkQ9Kk8
1 > Content-Type: application/json; charset=UTF-8
1 > Content-Length: 71
1 > Host: conduit-api.bondaracademy.com
1 > Connection: Keep-Alive
1 > User-Agent: Apache-HttpClient/4.5.14 (Java/17.0.12)
1 > Accept-Encoding: gzip,deflate
{"user":{"email":"","password":"12345alv","username":"shanda.carroll"}}

11:24:00.654 [main] DEBUG com.intuit.karate - response time in milliseconds: 700
1 < 422
1 < x-powered-by: Express
1 < vary: Origin
1 < content-type: application/json; charset=utf-8
1 < etag: W/"27-t1Jmbh6zWQl9abIACseOZh9CIII"
1 < x-cloud-trace-context: 61514876ee22d35bb5256b249bbbb7b9
1 < date: Wed, 13 Aug 2025 16:23:58 GMT
1 < server: Google Frontend
1 < Content-Length: 39
{"errors":{"email":["can't be blank"]}}

11:24:00.658 [main] INFO  com.intuit.karate - karate.env system property was: null 
11:24:00.670 [main] DEBUG com.intuit.karate - request:
1 > POST https://conduit-api.bondaracademy.com/api/users
1 > Authorization: Token eyJhbGciOiJIUzI1NiIsInR5cCI6IkpXVCJ9.eyJ1c2VyIjp7ImlkIjoxMzE4Nn0sImlhdCI6MTc1NTEwMjIzMywiZXhwIjoxNzYwMjg2MjMzfQ.IyGelu_gLCfGntyBShLTj7aQ6GVp_5549F97tkQ9Kk8
1 > Content-Type: application/json; charset=UTF-8
1 > Content-Length: 84
1 > Host: conduit-api.bondaracademy.com
1 > Connection: Keep-Alive
1 > User-Agent: Apache-HttpClient/4.5.14 (Java/17.0.12)
1 > Accept-Encoding: gzip,deflate
{"user":{"email":"lillian87@test.com","password":"","username":"isidro.macejkovic"}}

11:24:01.370 [main] DEBUG com.intuit.karate - response time in milliseconds: 699
1 < 422
1 < x-powered-by: Express
1 < vary: Origin
1 < content-type: application/json; charset=utf-8
1 < etag: W/"2a-qbpXJMY/Kgu11LsJcjS0p5wC5b0"
1 < x-cloud-trace-context: bbbbd4237d865f2f0b553f3595af8288
1 < date: Wed, 13 Aug 2025 16:23:58 GMT
1 < server: Google Frontend
1 < Content-Length: 42
{"errors":{"password":["can't be blank"]}}

11:24:01.374 [main] INFO  com.intuit.karate - karate.env system property was: null 
11:24:01.387 [main] DEBUG com.intuit.karate - request:
1 > POST https://conduit-api.bondaracademy.com/api/users
1 > Authorization: Token eyJhbGciOiJIUzI1NiIsInR5cCI6IkpXVCJ9.eyJ1c2VyIjp7ImlkIjoxMzE4Nn0sImlhdCI6MTc1NTEwMjIzMywiZXhwIjoxNzYwMjg2MjMzfQ.IyGelu_gLCfGntyBShLTj7aQ6GVp_5549F97tkQ9Kk8
1 > Content-Type: application/json; charset=UTF-8
1 > Content-Length: 71
1 > Host: conduit-api.bondaracademy.com
1 > Connection: Keep-Alive
1 > User-Agent: Apache-HttpClient/4.5.14 (Java/17.0.12)
1 > Accept-Encoding: gzip,deflate
{"user":{"email":"ana65@test.com","password":"12345alv","username":""}}

11:24:02.076 [main] DEBUG com.intuit.karate - response time in milliseconds: 688
1 < 422
1 < x-powered-by: Express
1 < vary: Origin
1 < content-type: application/json; charset=utf-8
1 < etag: W/"2a-AIsgLw77Dx1RWMepi6jZReyj6jg"
1 < x-cloud-trace-context: c8c394e9b01fc19600eea53cf5a04982
1 < date: Wed, 13 Aug 2025 16:23:59 GMT
1 < server: Google Frontend
1 < Content-Length: 42
{"errors":{"username":["can't be blank"]}}

11:25:31.676 [main] DEBUG com.intuit.karate.Suite - [config] classpath:karate-config.js
11:25:32.263 [main] INFO  com.intuit.karate - karate.env system property was: null 
11:25:32.266 [main] INFO  com.intuit.karate - >> lock acquired, begin callSingle: classpath:helpers/CreateToken.feature
11:25:32.469 [main] DEBUG com.intuit.karate - request:
1 > POST https://conduit-api.bondaracademy.com/api/users/login
1 > Content-Type: application/json; charset=UTF-8
1 > Content-Length: 65
1 > Host: conduit-api.bondaracademy.com
1 > Connection: Keep-Alive
1 > User-Agent: Apache-HttpClient/4.5.14 (Java/17.0.12)
1 > Accept-Encoding: gzip,deflate
{"user":{"email":"pruebakarate@test.com","password":"karate123"}}

11:25:33.347 [main] DEBUG com.intuit.karate - response time in milliseconds: 876
1 < 200
1 < x-powered-by: Express
1 < vary: Origin
1 < content-type: application/json; charset=utf-8
1 < etag: W/"13e-Rwq9FcrlBF5AAWil1MSvWAg/g1w"
1 < x-cloud-trace-context: 1ba2310348c69b8e6e3e573e3bb44718;o=1
1 < date: Wed, 13 Aug 2025 16:25:30 GMT
1 < server: Google Frontend
1 < Content-Length: 318
{"user":{"email":"pruebakarate@test.com","username":"Alvariytomyg","bio":null,"image":"https://conduit-api.bondaracademy.com/images/smiley-cyrus.jpeg","token":"eyJhbGciOiJIUzI1NiIsInR5cCI6IkpXVCJ9.eyJ1c2VyIjp7ImlkIjoxMzE4Nn0sImlhdCI6MTc1NTEwMjMzMCwiZXhwIjoxNzYwMjg2MzMwfQ.X7OiCjyjmnob0UhafeduS6t9UUtfC2zgbl6jvYMWy4A"}}

11:25:33.351 [main] INFO  com.intuit.karate - << lock released, cached callSingle: classpath:helpers/CreateToken.feature
11:25:33.456 [main] DEBUG com.intuit.karate - request:
1 > POST https://conduit-api.bondaracademy.com/api/articles
1 > Authorization: Token eyJhbGciOiJIUzI1NiIsInR5cCI6IkpXVCJ9.eyJ1c2VyIjp7ImlkIjoxMzE4Nn0sImlhdCI6MTc1NTEwMjMzMCwiZXhwIjoxNzYwMjg2MzMwfQ.X7OiCjyjmnob0UhafeduS6t9UUtfC2zgbl6jvYMWy4A
1 > Content-Type: application/json; charset=UTF-8
1 > Content-Length: 174
1 > Host: conduit-api.bondaracademy.com
1 > Connection: Keep-Alive
1 > User-Agent: Apache-HttpClient/4.5.14 (Java/17.0.12)
1 > Accept-Encoding: gzip,deflate
{"article":{"title":"Garth Tyrell","description":"Sar Meel","body":"Give me honorable enemies rather than ambitious ones, and I'll sleep more easily by night.","tagList":[]}}

11:25:34.367 [main] DEBUG com.intuit.karate - response time in milliseconds: 911
1 < 201
1 < x-powered-by: Express
1 < vary: Origin
1 < content-type: application/json; charset=utf-8
1 < etag: W/"1c8-P3v08cGV0ZRFcZ7qz3c7yXmxTDQ"
1 < x-cloud-trace-context: 23d50900c6f947baf7392117449127b8
1 < date: Wed, 13 Aug 2025 16:25:31 GMT
1 < server: Google Frontend
1 < Content-Length: 456
{"article":{"slug":"Garth-Tyrell-13186","title":"Garth Tyrell","description":"Sar Meel","body":"Give me honorable enemies rather than ambitious ones, and I'll sleep more easily by night.","tagList":[],"createdAt":"2025-08-13T16:25:31.812Z","updatedAt":"2025-08-13T16:25:31.812Z","favorited":false,"favoritesCount":0,"author":{"username":"Alvariytomyg","bio":null,"image":"https://conduit-api.bondaracademy.com/images/smiley-cyrus.jpeg","following":false}}}

11:25:34.381 [main] INFO  com.intuit.karate - karate.env system property was: null 
11:25:34.406 [main] DEBUG com.intuit.karate - request:
1 > POST https://conduit-api.bondaracademy.com/api/articles
1 > Authorization: Token eyJhbGciOiJIUzI1NiIsInR5cCI6IkpXVCJ9.eyJ1c2VyIjp7ImlkIjoxMzE4Nn0sImlhdCI6MTc1NTEwMjMzMCwiZXhwIjoxNzYwMjg2MzMwfQ.X7OiCjyjmnob0UhafeduS6t9UUtfC2zgbl6jvYMWy4A
1 > Content-Type: application/json; charset=UTF-8
1 > Content-Length: 101
1 > Host: conduit-api.bondaracademy.com
1 > Connection: Keep-Alive
1 > User-Agent: Apache-HttpClient/4.5.14 (Java/17.0.12)
1 > Accept-Encoding: gzip,deflate
{"article":{"title":"Jynessa Blackmont","description":"Myr","body":"Winter is coming.","tagList":[]}}

11:25:35.253 [main] DEBUG com.intuit.karate - response time in milliseconds: 846
1 < 201
1 < x-powered-by: Express
1 < vary: Origin
1 < content-type: application/json; charset=utf-8
1 < etag: W/"184-v1wOAUFyBXXvyxIxNVyn7OVZP+8"
1 < x-cloud-trace-context: fe4d84747f1b72665a70d5ebbf589540
1 < date: Wed, 13 Aug 2025 16:25:32 GMT
1 < server: Google Frontend
1 < Content-Length: 388
{"article":{"slug":"Jynessa-Blackmont-13186","title":"Jynessa Blackmont","description":"Myr","body":"Winter is coming.","tagList":[],"createdAt":"2025-08-13T16:25:32.720Z","updatedAt":"2025-08-13T16:25:32.720Z","favorited":false,"favoritesCount":0,"author":{"username":"Alvariytomyg","bio":null,"image":"https://conduit-api.bondaracademy.com/images/smiley-cyrus.jpeg","following":false}}}

11:25:35.256 [main] DEBUG com.intuit.karate - request:
2 > GET https://conduit-api.bondaracademy.com/api/articles?limt=10&offset=0
2 > Authorization: Token eyJhbGciOiJIUzI1NiIsInR5cCI6IkpXVCJ9.eyJ1c2VyIjp7ImlkIjoxMzE4Nn0sImlhdCI6MTc1NTEwMjMzMCwiZXhwIjoxNzYwMjg2MzMwfQ.X7OiCjyjmnob0UhafeduS6t9UUtfC2zgbl6jvYMWy4A
2 > Host: conduit-api.bondaracademy.com
2 > Connection: Keep-Alive
2 > User-Agent: Apache-HttpClient/4.5.14 (Java/17.0.12)
2 > Accept-Encoding: gzip,deflate


11:25:36.128 [main] DEBUG com.intuit.karate - response time in milliseconds: 868
2 < 200
2 < x-powered-by: Express
2 < vary: Origin
2 < content-type: application/json; charset=utf-8
2 < etag: W/"110f-0m0KeC5JDxE0QBMCSkxsX4oOtXw"
2 < x-cloud-trace-context: 20f0eb9763e7961cc64599856a4bd4fc
2 < date: Wed, 13 Aug 2025 16:25:33 GMT
2 < server: Google Frontend
2 < Content-Length: 4367
{"articles":[{"slug":"Jynessa-Blackmont-13186","title":"Jynessa Blackmont","description":"Myr","body":"Winter is coming.","tagList":[],"createdAt":"2025-08-13T16:25:32.720Z","updatedAt":"2025-08-13T16:25:32.720Z","favorited":false,"favoritesCount":0,"author":{"username":"Alvariytomyg","bio":null,"image":"https://conduit-api.bondaracademy.com/images/smiley-cyrus.jpeg","following":false}},{"slug":"Garth-Tyrell-13186","title":"Garth Tyrell","description":"Sar Meel","body":"Give me honorable enemies rather than ambitious ones, and I'll sleep more easily by night.","tagList":[],"createdAt":"2025-08-13T16:25:31.812Z","updatedAt":"2025-08-13T16:25:31.812Z","favorited":false,"favoritesCount":0,"author":{"username":"Alvariytomyg","bio":null,"image":"https://conduit-api.bondaracademy.com/images/smiley-cyrus.jpeg","following":false}},{"slug":"Brusco-13186","title":"Brusco","description":"Volantis","body":"And I have a tender spot in my heart for cripples and bastards and broken things.","tagList":[],"createdAt":"2025-08-13T15:06:48.349Z","updatedAt":"2025-08-13T15:06:48.349Z","favorited":false,"favoritesCount":0,"author":{"username":"Alvariytomyg","bio":null,"image":"https://conduit-api.bondaracademy.com/images/smiley-cyrus.jpeg","following":false}},{"slug":"Orland-of-Oldtown-13186","title":"Orland of Oldtown","description":"Elyria","body":"All dwarfs are bastards in their father's eyes","tagList":[],"createdAt":"2025-08-13T15:06:33.713Z","updatedAt":"2025-08-13T15:06:33.713Z","favorited":false,"favoritesCount":0,"author":{"username":"Alvariytomyg","bio":null,"image":"https://conduit-api.bondaracademy.com/images/smiley-cyrus.jpeg","following":false}},{"slug":"Loreza-Sand-13186","title":"Loreza Sand","description":"White Harbor","body":"When the snows fall and the white winds blow, the lone wolf dies but the pack survives.","tagList":[],"createdAt":"2025-08-13T15:04:15.038Z","updatedAt":"2025-08-13T15:04:15.038Z","favorited":false,"favoritesCount":0,"author":{"username":"Alvariytomyg","bio":null,"image":"https://conduit-api.bondaracademy.com/images/smiley-cyrus.jpeg","following":false}},{"slug":"Renfred-Rykker-13186","title":"Renfred Rykker","description":"Asshai","body":"And I have a tender spot in my heart for cripples and bastards and broken things.","tagList":[],"createdAt":"2025-08-13T14:59:22.894Z","updatedAt":"2025-08-13T14:59:22.894Z","favorited":false,"favoritesCount":0,"author":{"username":"Alvariytomyg","bio":null,"image":"https://conduit-api.bondaracademy.com/images/smiley-cyrus.jpeg","following":false}},{"slug":"Liane-Vance-13186","title":"Liane Vance","description":"Asshai","body":"... a mind needs books as a sword needs a whetstone, if it is to keep its edge.","tagList":[],"createdAt":"2025-08-13T14:58:45.208Z","updatedAt":"2025-08-13T14:58:45.208Z","favorited":false,"favoritesCount":0,"author":{"username":"Alvariytomyg","bio":null,"image":"https://conduit-api.bondaracademy.com/images/smiley-cyrus.jpeg","following":false}},{"slug":"Theo-Frey-13186","title":"Theo Frey","description":"Ar Noy","body":"Power is a curious thing. Who lives, Who dies. Power resides where men believe it resides. It is a trick, A shadow on the wall.","tagList":[],"createdAt":"2025-08-13T14:57:27.335Z","updatedAt":"2025-08-13T14:57:27.335Z","favorited":false,"favoritesCount":0,"author":{"username":"Alvariytomyg","bio":null,"image":"https://conduit-api.bondaracademy.com/images/smiley-cyrus.jpeg","following":false}},{"slug":"Hugo-Wull-13186","title":"Hugo Wull","description":"Mantarys","body":"Why is it that when one man builds a wall, the next man immediately needs to know what's on the other side?","tagList":[],"createdAt":"2025-08-13T08:31:38.858Z","updatedAt":"2025-08-13T08:31:38.858Z","favorited":false,"favoritesCount":0,"author":{"username":"Alvariytomyg","bio":null,"image":"https://conduit-api.bondaracademy.com/images/smiley-cyrus.jpeg","following":false}},{"slug":"Bryan-of-Oldtown-13186","title":"Bryan of Oldtown","description":"Myr","body":"... a mind needs books as a sword needs a whetstone, if it is to keep its edge.","tagList":[],"createdAt":"2025-08-13T08:31:37.446Z","updatedAt":"2025-08-13T08:31:37.446Z","favorited":false,"favoritesCount":0,"author":{"username":"Alvariytomyg","bio":null,"image":"https://conduit-api.bondaracademy.com/images/smiley-cyrus.jpeg","following":false}}],"articlesCount":36}

11:25:36.135 [main] DEBUG com.intuit.karate - request:
3 > DELETE https://conduit-api.bondaracademy.com/api/articles/Jynessa-Blackmont-13186
3 > Authorization: Token eyJhbGciOiJIUzI1NiIsInR5cCI6IkpXVCJ9.eyJ1c2VyIjp7ImlkIjoxMzE4Nn0sImlhdCI6MTc1NTEwMjMzMCwiZXhwIjoxNzYwMjg2MzMwfQ.X7OiCjyjmnob0UhafeduS6t9UUtfC2zgbl6jvYMWy4A
3 > Host: conduit-api.bondaracademy.com
3 > Connection: Keep-Alive
3 > User-Agent: Apache-HttpClient/4.5.14 (Java/17.0.12)
3 > Accept-Encoding: gzip,deflate


11:25:36.898 [main] DEBUG com.intuit.karate - response time in milliseconds: 763
3 < 204
3 < x-powered-by: Express
3 < vary: Origin
3 < etag: W/"a-bAsFyilMr4Ra1hIU5PyoyFRunpI"
3 < x-cloud-trace-context: 88c02c74589cbc7737a3abbf5c62348e
3 < date: Wed, 13 Aug 2025 16:25:34 GMT
3 < content-type: text/html
3 < server: Google Frontend


11:25:36.900 [main] DEBUG com.intuit.karate - request:
4 > GET https://conduit-api.bondaracademy.com/api/articles?limt=10&offset=0
4 > Authorization: Token eyJhbGciOiJIUzI1NiIsInR5cCI6IkpXVCJ9.eyJ1c2VyIjp7ImlkIjoxMzE4Nn0sImlhdCI6MTc1NTEwMjMzMCwiZXhwIjoxNzYwMjg2MzMwfQ.X7OiCjyjmnob0UhafeduS6t9UUtfC2zgbl6jvYMWy4A
4 > Host: conduit-api.bondaracademy.com
4 > Connection: Keep-Alive
4 > User-Agent: Apache-HttpClient/4.5.14 (Java/17.0.12)
4 > Accept-Encoding: gzip,deflate


11:25:37.846 [main] DEBUG com.intuit.karate - response time in milliseconds: 946
4 < 200
4 < x-powered-by: Express
4 < vary: Origin
4 < content-type: application/json; charset=utf-8
4 < etag: W/"111d-vV9Jwm/UZC9v5VgVvmmn0yMuQKU"
4 < x-cloud-trace-context: 4b76d3b52644f79d1eab1077bae052a8
4 < date: Wed, 13 Aug 2025 16:25:35 GMT
4 < server: Google Frontend
4 < Content-Length: 4381
{"articles":[{"slug":"Garth-Tyrell-13186","title":"Garth Tyrell","description":"Sar Meel","body":"Give me honorable enemies rather than ambitious ones, and I'll sleep more easily by night.","tagList":[],"createdAt":"2025-08-13T16:25:31.812Z","updatedAt":"2025-08-13T16:25:31.812Z","favorited":false,"favoritesCount":0,"author":{"username":"Alvariytomyg","bio":null,"image":"https://conduit-api.bondaracademy.com/images/smiley-cyrus.jpeg","following":false}},{"slug":"Brusco-13186","title":"Brusco","description":"Volantis","body":"And I have a tender spot in my heart for cripples and bastards and broken things.","tagList":[],"createdAt":"2025-08-13T15:06:48.349Z","updatedAt":"2025-08-13T15:06:48.349Z","favorited":false,"favoritesCount":0,"author":{"username":"Alvariytomyg","bio":null,"image":"https://conduit-api.bondaracademy.com/images/smiley-cyrus.jpeg","following":false}},{"slug":"Orland-of-Oldtown-13186","title":"Orland of Oldtown","description":"Elyria","body":"All dwarfs are bastards in their father's eyes","tagList":[],"createdAt":"2025-08-13T15:06:33.713Z","updatedAt":"2025-08-13T15:06:33.713Z","favorited":false,"favoritesCount":0,"author":{"username":"Alvariytomyg","bio":null,"image":"https://conduit-api.bondaracademy.com/images/smiley-cyrus.jpeg","following":false}},{"slug":"Loreza-Sand-13186","title":"Loreza Sand","description":"White Harbor","body":"When the snows fall and the white winds blow, the lone wolf dies but the pack survives.","tagList":[],"createdAt":"2025-08-13T15:04:15.038Z","updatedAt":"2025-08-13T15:04:15.038Z","favorited":false,"favoritesCount":0,"author":{"username":"Alvariytomyg","bio":null,"image":"https://conduit-api.bondaracademy.com/images/smiley-cyrus.jpeg","following":false}},{"slug":"Renfred-Rykker-13186","title":"Renfred Rykker","description":"Asshai","body":"And I have a tender spot in my heart for cripples and bastards and broken things.","tagList":[],"createdAt":"2025-08-13T14:59:22.894Z","updatedAt":"2025-08-13T14:59:22.894Z","favorited":false,"favoritesCount":0,"author":{"username":"Alvariytomyg","bio":null,"image":"https://conduit-api.bondaracademy.com/images/smiley-cyrus.jpeg","following":false}},{"slug":"Liane-Vance-13186","title":"Liane Vance","description":"Asshai","body":"... a mind needs books as a sword needs a whetstone, if it is to keep its edge.","tagList":[],"createdAt":"2025-08-13T14:58:45.208Z","updatedAt":"2025-08-13T14:58:45.208Z","favorited":false,"favoritesCount":0,"author":{"username":"Alvariytomyg","bio":null,"image":"https://conduit-api.bondaracademy.com/images/smiley-cyrus.jpeg","following":false}},{"slug":"Theo-Frey-13186","title":"Theo Frey","description":"Ar Noy","body":"Power is a curious thing. Who lives, Who dies. Power resides where men believe it resides. It is a trick, A shadow on the wall.","tagList":[],"createdAt":"2025-08-13T14:57:27.335Z","updatedAt":"2025-08-13T14:57:27.335Z","favorited":false,"favoritesCount":0,"author":{"username":"Alvariytomyg","bio":null,"image":"https://conduit-api.bondaracademy.com/images/smiley-cyrus.jpeg","following":false}},{"slug":"Hugo-Wull-13186","title":"Hugo Wull","description":"Mantarys","body":"Why is it that when one man builds a wall, the next man immediately needs to know what's on the other side?","tagList":[],"createdAt":"2025-08-13T08:31:38.858Z","updatedAt":"2025-08-13T08:31:38.858Z","favorited":false,"favoritesCount":0,"author":{"username":"Alvariytomyg","bio":null,"image":"https://conduit-api.bondaracademy.com/images/smiley-cyrus.jpeg","following":false}},{"slug":"Bryan-of-Oldtown-13186","title":"Bryan of Oldtown","description":"Myr","body":"... a mind needs books as a sword needs a whetstone, if it is to keep its edge.","tagList":[],"createdAt":"2025-08-13T08:31:37.446Z","updatedAt":"2025-08-13T08:31:37.446Z","favorited":false,"favoritesCount":0,"author":{"username":"Alvariytomyg","bio":null,"image":"https://conduit-api.bondaracademy.com/images/smiley-cyrus.jpeg","following":false}},{"slug":"Grazhar-zo-Galare-13186","title":"Grazhar zo Galare","description":"Qarth","body":"Fear cuts deeper than swords.","tagList":[],"createdAt":"2025-08-13T08:12:57.407Z","updatedAt":"2025-08-13T08:12:57.407Z","favorited":false,"favoritesCount":0,"author":{"username":"Alvariytomyg","bio":null,"image":"https://conduit-api.bondaracademy.com/images/smiley-cyrus.jpeg","following":false}}],"articlesCount":35}

11:25:38.203 [main] INFO  com.intuit.karate - karate.env system property was: null 
11:25:38.204 [main] DEBUG com.intuit.karate - request:
1 > GET https://conduit-api.bondaracademy.com/api/tags
1 > Authorization: Token eyJhbGciOiJIUzI1NiIsInR5cCI6IkpXVCJ9.eyJ1c2VyIjp7ImlkIjoxMzE4Nn0sImlhdCI6MTc1NTEwMjMzMCwiZXhwIjoxNzYwMjg2MzMwfQ.X7OiCjyjmnob0UhafeduS6t9UUtfC2zgbl6jvYMWy4A
1 > Host: conduit-api.bondaracademy.com
1 > Connection: Keep-Alive
1 > User-Agent: Apache-HttpClient/4.5.14 (Java/17.0.12)
1 > Accept-Encoding: gzip,deflate


11:25:38.968 [main] DEBUG com.intuit.karate - response time in milliseconds: 764
1 < 200
1 < x-powered-by: Express
1 < vary: Origin
1 < content-type: application/json; charset=utf-8
1 < etag: W/"65-XAqp9RO5/GurIdusYmbGg8NPW48"
1 < x-cloud-trace-context: 0422dfd4832e76e809d93036ebffe128
1 < date: Wed, 13 Aug 2025 16:25:36 GMT
1 < server: Google Frontend
1 < Content-Length: 101
{"tags":["Test","Git","YouTube","Zoom","Blog","Bondar Academy","Enroll","Exam","Community","GitHub"]}

11:25:38.979 [main] INFO  com.intuit.karate - karate.env system property was: null 
11:25:38.990 [main] DEBUG com.intuit.karate - request:
1 > GET https://conduit-api.bondaracademy.com/api/articles?limt=10&offset=0
1 > Authorization: Token eyJhbGciOiJIUzI1NiIsInR5cCI6IkpXVCJ9.eyJ1c2VyIjp7ImlkIjoxMzE4Nn0sImlhdCI6MTc1NTEwMjMzMCwiZXhwIjoxNzYwMjg2MzMwfQ.X7OiCjyjmnob0UhafeduS6t9UUtfC2zgbl6jvYMWy4A
1 > Host: conduit-api.bondaracademy.com
1 > Connection: Keep-Alive
1 > User-Agent: Apache-HttpClient/4.5.14 (Java/17.0.12)
1 > Accept-Encoding: gzip,deflate


11:25:39.733 [main] DEBUG com.intuit.karate - response time in milliseconds: 742
1 < 200
1 < x-powered-by: Express
1 < vary: Origin
1 < content-type: application/json; charset=utf-8
1 < etag: W/"111d-vV9Jwm/UZC9v5VgVvmmn0yMuQKU"
1 < x-cloud-trace-context: 1fe76f9e43a9b4f8318ddd79181ce462
1 < date: Wed, 13 Aug 2025 16:25:37 GMT
1 < server: Google Frontend
1 < Content-Length: 4381
{"articles":[{"slug":"Garth-Tyrell-13186","title":"Garth Tyrell","description":"Sar Meel","body":"Give me honorable enemies rather than ambitious ones, and I'll sleep more easily by night.","tagList":[],"createdAt":"2025-08-13T16:25:31.812Z","updatedAt":"2025-08-13T16:25:31.812Z","favorited":false,"favoritesCount":0,"author":{"username":"Alvariytomyg","bio":null,"image":"https://conduit-api.bondaracademy.com/images/smiley-cyrus.jpeg","following":false}},{"slug":"Brusco-13186","title":"Brusco","description":"Volantis","body":"And I have a tender spot in my heart for cripples and bastards and broken things.","tagList":[],"createdAt":"2025-08-13T15:06:48.349Z","updatedAt":"2025-08-13T15:06:48.349Z","favorited":false,"favoritesCount":0,"author":{"username":"Alvariytomyg","bio":null,"image":"https://conduit-api.bondaracademy.com/images/smiley-cyrus.jpeg","following":false}},{"slug":"Orland-of-Oldtown-13186","title":"Orland of Oldtown","description":"Elyria","body":"All dwarfs are bastards in their father's eyes","tagList":[],"createdAt":"2025-08-13T15:06:33.713Z","updatedAt":"2025-08-13T15:06:33.713Z","favorited":false,"favoritesCount":0,"author":{"username":"Alvariytomyg","bio":null,"image":"https://conduit-api.bondaracademy.com/images/smiley-cyrus.jpeg","following":false}},{"slug":"Loreza-Sand-13186","title":"Loreza Sand","description":"White Harbor","body":"When the snows fall and the white winds blow, the lone wolf dies but the pack survives.","tagList":[],"createdAt":"2025-08-13T15:04:15.038Z","updatedAt":"2025-08-13T15:04:15.038Z","favorited":false,"favoritesCount":0,"author":{"username":"Alvariytomyg","bio":null,"image":"https://conduit-api.bondaracademy.com/images/smiley-cyrus.jpeg","following":false}},{"slug":"Renfred-Rykker-13186","title":"Renfred Rykker","description":"Asshai","body":"And I have a tender spot in my heart for cripples and bastards and broken things.","tagList":[],"createdAt":"2025-08-13T14:59:22.894Z","updatedAt":"2025-08-13T14:59:22.894Z","favorited":false,"favoritesCount":0,"author":{"username":"Alvariytomyg","bio":null,"image":"https://conduit-api.bondaracademy.com/images/smiley-cyrus.jpeg","following":false}},{"slug":"Liane-Vance-13186","title":"Liane Vance","description":"Asshai","body":"... a mind needs books as a sword needs a whetstone, if it is to keep its edge.","tagList":[],"createdAt":"2025-08-13T14:58:45.208Z","updatedAt":"2025-08-13T14:58:45.208Z","favorited":false,"favoritesCount":0,"author":{"username":"Alvariytomyg","bio":null,"image":"https://conduit-api.bondaracademy.com/images/smiley-cyrus.jpeg","following":false}},{"slug":"Theo-Frey-13186","title":"Theo Frey","description":"Ar Noy","body":"Power is a curious thing. Who lives, Who dies. Power resides where men believe it resides. It is a trick, A shadow on the wall.","tagList":[],"createdAt":"2025-08-13T14:57:27.335Z","updatedAt":"2025-08-13T14:57:27.335Z","favorited":false,"favoritesCount":0,"author":{"username":"Alvariytomyg","bio":null,"image":"https://conduit-api.bondaracademy.com/images/smiley-cyrus.jpeg","following":false}},{"slug":"Hugo-Wull-13186","title":"Hugo Wull","description":"Mantarys","body":"Why is it that when one man builds a wall, the next man immediately needs to know what's on the other side?","tagList":[],"createdAt":"2025-08-13T08:31:38.858Z","updatedAt":"2025-08-13T08:31:38.858Z","favorited":false,"favoritesCount":0,"author":{"username":"Alvariytomyg","bio":null,"image":"https://conduit-api.bondaracademy.com/images/smiley-cyrus.jpeg","following":false}},{"slug":"Bryan-of-Oldtown-13186","title":"Bryan of Oldtown","description":"Myr","body":"... a mind needs books as a sword needs a whetstone, if it is to keep its edge.","tagList":[],"createdAt":"2025-08-13T08:31:37.446Z","updatedAt":"2025-08-13T08:31:37.446Z","favorited":false,"favoritesCount":0,"author":{"username":"Alvariytomyg","bio":null,"image":"https://conduit-api.bondaracademy.com/images/smiley-cyrus.jpeg","following":false}},{"slug":"Grazhar-zo-Galare-13186","title":"Grazhar zo Galare","description":"Qarth","body":"Fear cuts deeper than swords.","tagList":[],"createdAt":"2025-08-13T08:12:57.407Z","updatedAt":"2025-08-13T08:12:57.407Z","favorited":false,"favoritesCount":0,"author":{"username":"Alvariytomyg","bio":null,"image":"https://conduit-api.bondaracademy.com/images/smiley-cyrus.jpeg","following":false}}],"articlesCount":35}

11:25:39.809 [main] INFO  com.intuit.karate - karate.env system property was: null 
11:25:39.850 [main] DEBUG com.intuit.karate - request:
1 > POST https://conduit-api.bondaracademy.com/api/users
1 > Authorization: Token eyJhbGciOiJIUzI1NiIsInR5cCI6IkpXVCJ9.eyJ1c2VyIjp7ImlkIjoxMzE4Nn0sImlhdCI6MTc1NTEwMjMzMCwiZXhwIjoxNzYwMjg2MzMwfQ.X7OiCjyjmnob0UhafeduS6t9UUtfC2zgbl6jvYMWy4A
1 > Content-Type: application/json; charset=UTF-8
1 > Content-Length: 88
1 > Host: conduit-api.bondaracademy.com
1 > Connection: Keep-Alive
1 > User-Agent: Apache-HttpClient/4.5.14 (Java/17.0.12)
1 > Accept-Encoding: gzip,deflate
{"user":{"email":"abel76@test.com","password":"12345alv","username":"pearlie.kassulke"}}

11:25:40.673 [main] DEBUG com.intuit.karate - response time in milliseconds: 822
1 < 201
1 < x-powered-by: Express
1 < vary: Origin
1 < content-type: application/json; charset=utf-8
1 < etag: W/"147-MLmhnEd94VZey3fMGZbXImIc+nM"
1 < x-cloud-trace-context: 87657e9d728539694132bb1f22d79a18
1 < date: Wed, 13 Aug 2025 16:25:38 GMT
1 < server: Google Frontend
1 < Content-Length: 327
{"user":{"id":31896,"email":"abel76@test.com","username":"pearlie.kassulke","bio":null,"image":"https://conduit-api.bondaracademy.com/images/smiley-cyrus.jpeg","token":"eyJhbGciOiJIUzI1NiIsInR5cCI6IkpXVCJ9.eyJ1c2VyIjp7ImlkIjozMTg5Nn0sImlhdCI6MTc1NTEwMjMzOCwiZXhwIjoxNzYwMjg2MzM4fQ.J1u-nkWe3gYFY54ZZuMowYd_3vsrQsSC7jeuGkmKtVk"}}

11:25:40.679 [main] INFO  com.intuit.karate - karate.env system property was: null 
11:25:40.701 [main] DEBUG com.intuit.karate - request:
1 > POST https://conduit-api.bondaracademy.com/api/users
1 > Authorization: Token eyJhbGciOiJIUzI1NiIsInR5cCI6IkpXVCJ9.eyJ1c2VyIjp7ImlkIjoxMzE4Nn0sImlhdCI6MTc1NTEwMjMzMCwiZXhwIjoxNzYwMjg2MzMwfQ.X7OiCjyjmnob0UhafeduS6t9UUtfC2zgbl6jvYMWy4A
1 > Content-Type: application/json; charset=UTF-8
1 > Content-Length: 87
1 > Host: conduit-api.bondaracademy.com
1 > Connection: Keep-Alive
1 > User-Agent: Apache-HttpClient/4.5.14 (Java/17.0.12)
1 > Accept-Encoding: gzip,deflate
{"user":{"email":"tommie7@test.com","password":"12345alv","username":"Alvariytomyg21"}}

11:25:41.461 [main] DEBUG com.intuit.karate - response time in milliseconds: 760
1 < 422
1 < x-powered-by: Express
1 < vary: Origin
1 < content-type: application/json; charset=utf-8
1 < etag: W/"32-JsHJTKwNHW5NSVjFTl5ds7a++54"
1 < x-cloud-trace-context: 1632f6b70689257d22d246b25b9bec60
1 < date: Wed, 13 Aug 2025 16:25:39 GMT
1 < server: Google Frontend
1 < Content-Length: 50
{"errors":{"username":["has already been taken"]}}

11:25:41.465 [main] INFO  com.intuit.karate - karate.env system property was: null 
11:25:41.480 [main] DEBUG com.intuit.karate - request:
1 > POST https://conduit-api.bondaracademy.com/api/users
1 > Authorization: Token eyJhbGciOiJIUzI1NiIsInR5cCI6IkpXVCJ9.eyJ1c2VyIjp7ImlkIjoxMzE4Nn0sImlhdCI6MTc1NTEwMjMzMCwiZXhwIjoxNzYwMjg2MzMwfQ.X7OiCjyjmnob0UhafeduS6t9UUtfC2zgbl6jvYMWy4A
1 > Content-Type: application/json; charset=UTF-8
1 > Content-Length: 95
1 > Host: conduit-api.bondaracademy.com
1 > Connection: Keep-Alive
1 > User-Agent: Apache-HttpClient/4.5.14 (Java/17.0.12)
1 > Accept-Encoding: gzip,deflate
{"user":{"email":"pruebakarate39@test.com","password":"12345alv","username":"deandre.roberts"}}

11:25:42.208 [main] DEBUG com.intuit.karate - response time in milliseconds: 728
1 < 422
1 < x-powered-by: Express
1 < vary: Origin
1 < content-type: application/json; charset=utf-8
1 < etag: W/"2f-BJEnYqgmLwV4NGkXB9OccFtans4"
1 < x-cloud-trace-context: 6b94a16f7a3bf45e318ddd79181cedb6
1 < date: Wed, 13 Aug 2025 16:25:39 GMT
1 < server: Google Frontend
1 < Content-Length: 47
{"errors":{"email":["has already been taken"]}}

11:25:42.212 [main] INFO  com.intuit.karate - karate.env system property was: null 
11:25:42.226 [main] DEBUG com.intuit.karate - request:
1 > POST https://conduit-api.bondaracademy.com/api/users
1 > Authorization: Token eyJhbGciOiJIUzI1NiIsInR5cCI6IkpXVCJ9.eyJ1c2VyIjp7ImlkIjoxMzE4Nn0sImlhdCI6MTc1NTEwMjMzMCwiZXhwIjoxNzYwMjg2MzMwfQ.X7OiCjyjmnob0UhafeduS6t9UUtfC2zgbl6jvYMWy4A
1 > Content-Type: application/json; charset=UTF-8
1 > Content-Length: 83
1 > Host: conduit-api.bondaracademy.com
1 > Connection: Keep-Alive
1 > User-Agent: Apache-HttpClient/4.5.14 (Java/17.0.12)
1 > Accept-Encoding: gzip,deflate
{"user":{"email":"pruebakarate39","password":"12345alv","username":"creola.upton"}}

11:25:42.965 [main] DEBUG com.intuit.karate - response time in milliseconds: 739
1 < 422
1 < x-powered-by: Express
1 < vary: Origin
1 < content-type: application/json; charset=utf-8
1 < etag: W/"23-BFnyxZU59MOp7LrClbIX0lqohmc"
1 < x-cloud-trace-context: 7cd46c0d83a0a71a2317f6fbaad710fe
1 < date: Wed, 13 Aug 2025 16:25:40 GMT
1 < server: Google Frontend
1 < Content-Length: 35
{"errors":{"email":["is invalid"]}}

11:25:42.969 [main] INFO  com.intuit.karate - karate.env system property was: null 
11:25:42.980 [main] DEBUG com.intuit.karate - request:
1 > POST https://conduit-api.bondaracademy.com/api/users
1 > Authorization: Token eyJhbGciOiJIUzI1NiIsInR5cCI6IkpXVCJ9.eyJ1c2VyIjp7ImlkIjoxMzE4Nn0sImlhdCI6MTc1NTEwMjMzMCwiZXhwIjoxNzYwMjg2MzMwfQ.X7OiCjyjmnob0UhafeduS6t9UUtfC2zgbl6jvYMWy4A
1 > Content-Type: application/json; charset=UTF-8
1 > Content-Length: 101
1 > Host: conduit-api.bondaracademy.com
1 > Connection: Keep-Alive
1 > User-Agent: Apache-HttpClient/4.5.14 (Java/17.0.12)
1 > Accept-Encoding: gzip,deflate
{"user":{"email":"dot28@test.com","password":"12345alv","username":"Alvariytomyg211212121212121212"}}

11:25:43.721 [main] DEBUG com.intuit.karate - response time in milliseconds: 741
1 < 422
1 < x-powered-by: Express
1 < vary: Origin
1 < content-type: application/json; charset=utf-8
1 < etag: W/"42-XpZe/rkpj7jwgwlEfcGikMbY3LU"
1 < x-cloud-trace-context: c4966292bb536f962590af55a9ab6edc;o=1
1 < date: Wed, 13 Aug 2025 16:25:41 GMT
1 < server: Google Frontend
1 < Content-Length: 66
{"errors":{"username":["is too long (maximum is 20 characters)"]}}

11:25:43.724 [main] INFO  com.intuit.karate - karate.env system property was: null 
11:25:43.738 [main] DEBUG com.intuit.karate - request:
1 > POST https://conduit-api.bondaracademy.com/api/users
1 > Authorization: Token eyJhbGciOiJIUzI1NiIsInR5cCI6IkpXVCJ9.eyJ1c2VyIjp7ImlkIjoxMzE4Nn0sImlhdCI6MTc1NTEwMjMzMCwiZXhwIjoxNzYwMjg2MzMwfQ.X7OiCjyjmnob0UhafeduS6t9UUtfC2zgbl6jvYMWy4A
1 > Content-Type: application/json; charset=UTF-8
1 > Content-Length: 83
1 > Host: conduit-api.bondaracademy.com
1 > Connection: Keep-Alive
1 > User-Agent: Apache-HttpClient/4.5.14 (Java/17.0.12)
1 > Accept-Encoding: gzip,deflate
{"user":{"email":"yong47@test.com","password":"alv","username":"verline.oconnell"}}

11:25:44.431 [main] DEBUG com.intuit.karate - response time in milliseconds: 693
1 < 422
1 < x-powered-by: Express
1 < vary: Origin
1 < content-type: application/json; charset=utf-8
1 < etag: W/"42-UacmJpJtrjcDwm4VS9rFYwj6xG4"
1 < x-cloud-trace-context: 8a7c0256d4f6b6bf36659f2e210a233a
1 < date: Wed, 13 Aug 2025 16:25:42 GMT
1 < server: Google Frontend
1 < Content-Length: 66
{"errors":{"password":["is too short (minimum is 8 characters)"]}}

11:25:44.436 [main] INFO  com.intuit.karate - karate.env system property was: null 
11:25:44.447 [main] DEBUG com.intuit.karate - request:
1 > POST https://conduit-api.bondaracademy.com/api/users
1 > Authorization: Token eyJhbGciOiJIUzI1NiIsInR5cCI6IkpXVCJ9.eyJ1c2VyIjp7ImlkIjoxMzE4Nn0sImlhdCI6MTc1NTEwMjMzMCwiZXhwIjoxNzYwMjg2MzMwfQ.X7OiCjyjmnob0UhafeduS6t9UUtfC2zgbl6jvYMWy4A
1 > Content-Type: application/json; charset=UTF-8
1 > Content-Length: 69
1 > Host: conduit-api.bondaracademy.com
1 > Connection: Keep-Alive
1 > User-Agent: Apache-HttpClient/4.5.14 (Java/17.0.12)
1 > Accept-Encoding: gzip,deflate
{"user":{"email":"","password":"12345alv","username":"jules.kohler"}}

11:25:45.180 [main] DEBUG com.intuit.karate - response time in milliseconds: 733
1 < 422
1 < x-powered-by: Express
1 < vary: Origin
1 < content-type: application/json; charset=utf-8
1 < etag: W/"27-t1Jmbh6zWQl9abIACseOZh9CIII"
1 < x-cloud-trace-context: 0f44a6848dec450868067793a46ab010
1 < date: Wed, 13 Aug 2025 16:25:42 GMT
1 < server: Google Frontend
1 < Content-Length: 39
{"errors":{"email":["can't be blank"]}}

11:25:45.183 [main] INFO  com.intuit.karate - karate.env system property was: null 
11:25:45.194 [main] DEBUG com.intuit.karate - request:
1 > POST https://conduit-api.bondaracademy.com/api/users
1 > Authorization: Token eyJhbGciOiJIUzI1NiIsInR5cCI6IkpXVCJ9.eyJ1c2VyIjp7ImlkIjoxMzE4Nn0sImlhdCI6MTc1NTEwMjMzMCwiZXhwIjoxNzYwMjg2MzMwfQ.X7OiCjyjmnob0UhafeduS6t9UUtfC2zgbl6jvYMWy4A
1 > Content-Type: application/json; charset=UTF-8
1 > Content-Length: 75
1 > Host: conduit-api.bondaracademy.com
1 > Connection: Keep-Alive
1 > User-Agent: Apache-HttpClient/4.5.14 (Java/17.0.12)
1 > Accept-Encoding: gzip,deflate
{"user":{"email":"vicki96@test.com","password":"","username":"yon.willms"}}

11:25:45.918 [main] DEBUG com.intuit.karate - response time in milliseconds: 722
1 < 422
1 < x-powered-by: Express
1 < vary: Origin
1 < content-type: application/json; charset=utf-8
1 < etag: W/"2a-qbpXJMY/Kgu11LsJcjS0p5wC5b0"
1 < x-cloud-trace-context: 7dd3de2321f7d947c6bef8fcc1767907
1 < date: Wed, 13 Aug 2025 16:25:43 GMT
1 < server: Google Frontend
1 < Content-Length: 42
{"errors":{"password":["can't be blank"]}}

11:25:45.921 [main] INFO  com.intuit.karate - karate.env system property was: null 
11:25:45.933 [main] DEBUG com.intuit.karate - request:
1 > POST https://conduit-api.bondaracademy.com/api/users
1 > Authorization: Token eyJhbGciOiJIUzI1NiIsInR5cCI6IkpXVCJ9.eyJ1c2VyIjp7ImlkIjoxMzE4Nn0sImlhdCI6MTc1NTEwMjMzMCwiZXhwIjoxNzYwMjg2MzMwfQ.X7OiCjyjmnob0UhafeduS6t9UUtfC2zgbl6jvYMWy4A
1 > Content-Type: application/json; charset=UTF-8
1 > Content-Length: 72
1 > Host: conduit-api.bondaracademy.com
1 > Connection: Keep-Alive
1 > User-Agent: Apache-HttpClient/4.5.14 (Java/17.0.12)
1 > Accept-Encoding: gzip,deflate
{"user":{"email":"earl84@test.com","password":"12345alv","username":""}}

11:25:46.603 [main] DEBUG com.intuit.karate - response time in milliseconds: 668
1 < 422
1 < x-powered-by: Express
1 < vary: Origin
1 < content-type: application/json; charset=utf-8
1 < etag: W/"2a-AIsgLw77Dx1RWMepi6jZReyj6jg"
1 < x-cloud-trace-context: 1140dc7e5f0b8cf3a6083ffa5aa52115
1 < date: Wed, 13 Aug 2025 16:25:44 GMT
1 < server: Google Frontend
1 < Content-Length: 42
{"errors":{"username":["can't be blank"]}}

11:28:10.932 [main] DEBUG com.intuit.karate.Suite - [config] classpath:karate-config.js
11:28:11.462 [main] INFO  com.intuit.karate - karate.env system property was: null 
11:28:11.466 [main] INFO  com.intuit.karate - >> lock acquired, begin callSingle: classpath:helpers/CreateToken.feature
11:28:11.665 [main] DEBUG com.intuit.karate - request:
1 > POST https://conduit-api.bondaracademy.com/api/users/login
1 > Content-Type: application/json; charset=UTF-8
1 > Content-Length: 65
1 > Host: conduit-api.bondaracademy.com
1 > Connection: Keep-Alive
1 > User-Agent: Apache-HttpClient/4.5.14 (Java/17.0.12)
1 > Accept-Encoding: gzip,deflate
{"user":{"email":"pruebakarate@test.com","password":"karate123"}}

11:28:12.747 [main] DEBUG com.intuit.karate - response time in milliseconds: 1080
1 < 200
1 < x-powered-by: Express
1 < vary: Origin
1 < content-type: application/json; charset=utf-8
1 < etag: W/"13e-5tbnNXwg/iUsZBjFxb661KZMz8E"
1 < x-cloud-trace-context: cfa14647f427b5e29f46cb56929fe78c;o=1
1 < date: Wed, 13 Aug 2025 16:28:10 GMT
1 < server: Google Frontend
1 < Content-Length: 318
{"user":{"email":"pruebakarate@test.com","username":"Alvariytomyg","bio":null,"image":"https://conduit-api.bondaracademy.com/images/smiley-cyrus.jpeg","token":"eyJhbGciOiJIUzI1NiIsInR5cCI6IkpXVCJ9.eyJ1c2VyIjp7ImlkIjoxMzE4Nn0sImlhdCI6MTc1NTEwMjQ5MCwiZXhwIjoxNzYwMjg2NDkwfQ.YXcWRvZjK6fnb6h436KkVEj9r94K0I40B_lT5SBXej0"}}

11:28:12.751 [main] INFO  com.intuit.karate - << lock released, cached callSingle: classpath:helpers/CreateToken.feature
11:28:12.845 [main] DEBUG com.intuit.karate - request:
1 > POST https://conduit-api.bondaracademy.com/api/articles
1 > Authorization: Token eyJhbGciOiJIUzI1NiIsInR5cCI6IkpXVCJ9.eyJ1c2VyIjp7ImlkIjoxMzE4Nn0sImlhdCI6MTc1NTEwMjQ5MCwiZXhwIjoxNzYwMjg2NDkwfQ.YXcWRvZjK6fnb6h436KkVEj9r94K0I40B_lT5SBXej0
1 > Content-Type: application/json; charset=UTF-8
1 > Content-Length: 137
1 > Host: conduit-api.bondaracademy.com
1 > Connection: Keep-Alive
1 > User-Agent: Apache-HttpClient/4.5.14 (Java/17.0.12)
1 > Accept-Encoding: gzip,deflate
{"article":{"title":"Three-Tooth","description":"Old Valyria","body":"When you play a game of thrones you win or you die.","tagList":[]}}

11:28:13.659 [main] DEBUG com.intuit.karate - response time in milliseconds: 813
1 < 201
1 < x-powered-by: Express
1 < vary: Origin
1 < content-type: application/json; charset=utf-8
1 < etag: W/"1a2-l8cvKa+b86VjlGr8rZgchn57Lbc"
1 < x-cloud-trace-context: 1283827d3a2bb87de5483dfb6de0d244
1 < date: Wed, 13 Aug 2025 16:28:11 GMT
1 < server: Google Frontend
1 < Content-Length: 418
{"article":{"slug":"Three-Tooth-13186","title":"Three-Tooth","description":"Old Valyria","body":"When you play a game of thrones you win or you die.","tagList":[],"createdAt":"2025-08-13T16:28:11.141Z","updatedAt":"2025-08-13T16:28:11.141Z","favorited":false,"favoritesCount":0,"author":{"username":"Alvariytomyg","bio":null,"image":"https://conduit-api.bondaracademy.com/images/smiley-cyrus.jpeg","following":false}}}

11:28:13.675 [main] INFO  com.intuit.karate - karate.env system property was: null 
11:28:13.706 [main] DEBUG com.intuit.karate - request:
1 > POST https://conduit-api.bondaracademy.com/api/articles
1 > Authorization: Token eyJhbGciOiJIUzI1NiIsInR5cCI6IkpXVCJ9.eyJ1c2VyIjp7ImlkIjoxMzE4Nn0sImlhdCI6MTc1NTEwMjQ5MCwiZXhwIjoxNzYwMjg2NDkwfQ.YXcWRvZjK6fnb6h436KkVEj9r94K0I40B_lT5SBXej0
1 > Content-Type: application/json; charset=UTF-8
1 > Content-Length: 141
1 > Host: conduit-api.bondaracademy.com
1 > Connection: Keep-Alive
1 > User-Agent: Apache-HttpClient/4.5.14 (Java/17.0.12)
1 > Accept-Encoding: gzip,deflate
{"article":{"title":"Tristifer IV Mudd","description":"King's Landing","body":"All dwarfs are bastards in their father's eyes","tagList":[]}}

11:28:14.522 [main] DEBUG com.intuit.karate - response time in milliseconds: 815
1 < 201
1 < x-powered-by: Express
1 < vary: Origin
1 < content-type: application/json; charset=utf-8
1 < etag: W/"1ac-BH8GYJ6/HPksc4wtcp4cT32F7y0"
1 < x-cloud-trace-context: 2bc6d182f64d0f08e6c59628b9e7537e
1 < date: Wed, 13 Aug 2025 16:28:12 GMT
1 < server: Google Frontend
1 < Content-Length: 428
{"article":{"slug":"Tristifer-IV-Mudd-13186","title":"Tristifer IV Mudd","description":"King's Landing","body":"All dwarfs are bastards in their father's eyes","tagList":[],"createdAt":"2025-08-13T16:28:12.005Z","updatedAt":"2025-08-13T16:28:12.005Z","favorited":false,"favoritesCount":0,"author":{"username":"Alvariytomyg","bio":null,"image":"https://conduit-api.bondaracademy.com/images/smiley-cyrus.jpeg","following":false}}}

11:28:14.528 [main] DEBUG com.intuit.karate - request:
2 > GET https://conduit-api.bondaracademy.com/api/articles?limt=10&offset=0
2 > Authorization: Token eyJhbGciOiJIUzI1NiIsInR5cCI6IkpXVCJ9.eyJ1c2VyIjp7ImlkIjoxMzE4Nn0sImlhdCI6MTc1NTEwMjQ5MCwiZXhwIjoxNzYwMjg2NDkwfQ.YXcWRvZjK6fnb6h436KkVEj9r94K0I40B_lT5SBXej0
2 > Host: conduit-api.bondaracademy.com
2 > Connection: Keep-Alive
2 > User-Agent: Apache-HttpClient/4.5.14 (Java/17.0.12)
2 > Accept-Encoding: gzip,deflate


11:28:15.414 [main] DEBUG com.intuit.karate - response time in milliseconds: 885
2 < 200
2 < x-powered-by: Express
2 < vary: Origin
2 < content-type: application/json; charset=utf-8
2 < etag: W/"1119-trxbMmD2860wF5HhuzoVfkSpojw"
2 < x-cloud-trace-context: 5940752b0330c7dce0ff5f513ba3f965
2 < date: Wed, 13 Aug 2025 16:28:12 GMT
2 < server: Google Frontend
2 < Content-Length: 4377
{"articles":[{"slug":"Tristifer-IV-Mudd-13186","title":"Tristifer IV Mudd","description":"King's Landing","body":"All dwarfs are bastards in their father's eyes","tagList":[],"createdAt":"2025-08-13T16:28:12.005Z","updatedAt":"2025-08-13T16:28:12.005Z","favorited":false,"favoritesCount":0,"author":{"username":"Alvariytomyg","bio":null,"image":"https://conduit-api.bondaracademy.com/images/smiley-cyrus.jpeg","following":false}},{"slug":"Three-Tooth-13186","title":"Three-Tooth","description":"Old Valyria","body":"When you play a game of thrones you win or you die.","tagList":[],"createdAt":"2025-08-13T16:28:11.141Z","updatedAt":"2025-08-13T16:28:11.141Z","favorited":false,"favoritesCount":0,"author":{"username":"Alvariytomyg","bio":null,"image":"https://conduit-api.bondaracademy.com/images/smiley-cyrus.jpeg","following":false}},{"slug":"Garth-Tyrell-13186","title":"Garth Tyrell","description":"Sar Meel","body":"Give me honorable enemies rather than ambitious ones, and I'll sleep more easily by night.","tagList":[],"createdAt":"2025-08-13T16:25:31.812Z","updatedAt":"2025-08-13T16:25:31.812Z","favorited":false,"favoritesCount":0,"author":{"username":"Alvariytomyg","bio":null,"image":"https://conduit-api.bondaracademy.com/images/smiley-cyrus.jpeg","following":false}},{"slug":"Brusco-13186","title":"Brusco","description":"Volantis","body":"And I have a tender spot in my heart for cripples and bastards and broken things.","tagList":[],"createdAt":"2025-08-13T15:06:48.349Z","updatedAt":"2025-08-13T15:06:48.349Z","favorited":false,"favoritesCount":0,"author":{"username":"Alvariytomyg","bio":null,"image":"https://conduit-api.bondaracademy.com/images/smiley-cyrus.jpeg","following":false}},{"slug":"Orland-of-Oldtown-13186","title":"Orland of Oldtown","description":"Elyria","body":"All dwarfs are bastards in their father's eyes","tagList":[],"createdAt":"2025-08-13T15:06:33.713Z","updatedAt":"2025-08-13T15:06:33.713Z","favorited":false,"favoritesCount":0,"author":{"username":"Alvariytomyg","bio":null,"image":"https://conduit-api.bondaracademy.com/images/smiley-cyrus.jpeg","following":false}},{"slug":"Loreza-Sand-13186","title":"Loreza Sand","description":"White Harbor","body":"When the snows fall and the white winds blow, the lone wolf dies but the pack survives.","tagList":[],"createdAt":"2025-08-13T15:04:15.038Z","updatedAt":"2025-08-13T15:04:15.038Z","favorited":false,"favoritesCount":0,"author":{"username":"Alvariytomyg","bio":null,"image":"https://conduit-api.bondaracademy.com/images/smiley-cyrus.jpeg","following":false}},{"slug":"Renfred-Rykker-13186","title":"Renfred Rykker","description":"Asshai","body":"And I have a tender spot in my heart for cripples and bastards and broken things.","tagList":[],"createdAt":"2025-08-13T14:59:22.894Z","updatedAt":"2025-08-13T14:59:22.894Z","favorited":false,"favoritesCount":0,"author":{"username":"Alvariytomyg","bio":null,"image":"https://conduit-api.bondaracademy.com/images/smiley-cyrus.jpeg","following":false}},{"slug":"Liane-Vance-13186","title":"Liane Vance","description":"Asshai","body":"... a mind needs books as a sword needs a whetstone, if it is to keep its edge.","tagList":[],"createdAt":"2025-08-13T14:58:45.208Z","updatedAt":"2025-08-13T14:58:45.208Z","favorited":false,"favoritesCount":0,"author":{"username":"Alvariytomyg","bio":null,"image":"https://conduit-api.bondaracademy.com/images/smiley-cyrus.jpeg","following":false}},{"slug":"Theo-Frey-13186","title":"Theo Frey","description":"Ar Noy","body":"Power is a curious thing. Who lives, Who dies. Power resides where men believe it resides. It is a trick, A shadow on the wall.","tagList":[],"createdAt":"2025-08-13T14:57:27.335Z","updatedAt":"2025-08-13T14:57:27.335Z","favorited":false,"favoritesCount":0,"author":{"username":"Alvariytomyg","bio":null,"image":"https://conduit-api.bondaracademy.com/images/smiley-cyrus.jpeg","following":false}},{"slug":"Hugo-Wull-13186","title":"Hugo Wull","description":"Mantarys","body":"Why is it that when one man builds a wall, the next man immediately needs to know what's on the other side?","tagList":[],"createdAt":"2025-08-13T08:31:38.858Z","updatedAt":"2025-08-13T08:31:38.858Z","favorited":false,"favoritesCount":0,"author":{"username":"Alvariytomyg","bio":null,"image":"https://conduit-api.bondaracademy.com/images/smiley-cyrus.jpeg","following":false}}],"articlesCount":37}

11:28:15.423 [main] DEBUG com.intuit.karate - request:
3 > DELETE https://conduit-api.bondaracademy.com/api/articles/Tristifer-IV-Mudd-13186
3 > Authorization: Token eyJhbGciOiJIUzI1NiIsInR5cCI6IkpXVCJ9.eyJ1c2VyIjp7ImlkIjoxMzE4Nn0sImlhdCI6MTc1NTEwMjQ5MCwiZXhwIjoxNzYwMjg2NDkwfQ.YXcWRvZjK6fnb6h436KkVEj9r94K0I40B_lT5SBXej0
3 > Host: conduit-api.bondaracademy.com
3 > Connection: Keep-Alive
3 > User-Agent: Apache-HttpClient/4.5.14 (Java/17.0.12)
3 > Accept-Encoding: gzip,deflate


11:28:16.146 [main] DEBUG com.intuit.karate - response time in milliseconds: 721
3 < 204
3 < x-powered-by: Express
3 < vary: Origin
3 < etag: W/"a-bAsFyilMr4Ra1hIU5PyoyFRunpI"
3 < x-cloud-trace-context: d5376999066bff310dc00a9c4cdad6f2
3 < date: Wed, 13 Aug 2025 16:28:13 GMT
3 < content-type: text/html
3 < server: Google Frontend


11:28:16.149 [main] DEBUG com.intuit.karate - request:
4 > GET https://conduit-api.bondaracademy.com/api/articles?limt=10&offset=0
4 > Authorization: Token eyJhbGciOiJIUzI1NiIsInR5cCI6IkpXVCJ9.eyJ1c2VyIjp7ImlkIjoxMzE4Nn0sImlhdCI6MTc1NTEwMjQ5MCwiZXhwIjoxNzYwMjg2NDkwfQ.YXcWRvZjK6fnb6h436KkVEj9r94K0I40B_lT5SBXej0
4 > Host: conduit-api.bondaracademy.com
4 > Connection: Keep-Alive
4 > User-Agent: Apache-HttpClient/4.5.14 (Java/17.0.12)
4 > Accept-Encoding: gzip,deflate


11:28:17.051 [main] DEBUG com.intuit.karate - response time in milliseconds: 901
4 < 200
4 < x-powered-by: Express
4 < vary: Origin
4 < content-type: application/json; charset=utf-8
4 < etag: W/"112d-oHT+Q2faGmklxmhp/5WHK+yOEYU"
4 < x-cloud-trace-context: 929fd82860dcee1efc0b76e02f3aa0bb
4 < date: Wed, 13 Aug 2025 16:28:14 GMT
4 < server: Google Frontend
4 < Content-Length: 4397
{"articles":[{"slug":"Three-Tooth-13186","title":"Three-Tooth","description":"Old Valyria","body":"When you play a game of thrones you win or you die.","tagList":[],"createdAt":"2025-08-13T16:28:11.141Z","updatedAt":"2025-08-13T16:28:11.141Z","favorited":false,"favoritesCount":0,"author":{"username":"Alvariytomyg","bio":null,"image":"https://conduit-api.bondaracademy.com/images/smiley-cyrus.jpeg","following":false}},{"slug":"Garth-Tyrell-13186","title":"Garth Tyrell","description":"Sar Meel","body":"Give me honorable enemies rather than ambitious ones, and I'll sleep more easily by night.","tagList":[],"createdAt":"2025-08-13T16:25:31.812Z","updatedAt":"2025-08-13T16:25:31.812Z","favorited":false,"favoritesCount":0,"author":{"username":"Alvariytomyg","bio":null,"image":"https://conduit-api.bondaracademy.com/images/smiley-cyrus.jpeg","following":false}},{"slug":"Brusco-13186","title":"Brusco","description":"Volantis","body":"And I have a tender spot in my heart for cripples and bastards and broken things.","tagList":[],"createdAt":"2025-08-13T15:06:48.349Z","updatedAt":"2025-08-13T15:06:48.349Z","favorited":false,"favoritesCount":0,"author":{"username":"Alvariytomyg","bio":null,"image":"https://conduit-api.bondaracademy.com/images/smiley-cyrus.jpeg","following":false}},{"slug":"Orland-of-Oldtown-13186","title":"Orland of Oldtown","description":"Elyria","body":"All dwarfs are bastards in their father's eyes","tagList":[],"createdAt":"2025-08-13T15:06:33.713Z","updatedAt":"2025-08-13T15:06:33.713Z","favorited":false,"favoritesCount":0,"author":{"username":"Alvariytomyg","bio":null,"image":"https://conduit-api.bondaracademy.com/images/smiley-cyrus.jpeg","following":false}},{"slug":"Loreza-Sand-13186","title":"Loreza Sand","description":"White Harbor","body":"When the snows fall and the white winds blow, the lone wolf dies but the pack survives.","tagList":[],"createdAt":"2025-08-13T15:04:15.038Z","updatedAt":"2025-08-13T15:04:15.038Z","favorited":false,"favoritesCount":0,"author":{"username":"Alvariytomyg","bio":null,"image":"https://conduit-api.bondaracademy.com/images/smiley-cyrus.jpeg","following":false}},{"slug":"Renfred-Rykker-13186","title":"Renfred Rykker","description":"Asshai","body":"And I have a tender spot in my heart for cripples and bastards and broken things.","tagList":[],"createdAt":"2025-08-13T14:59:22.894Z","updatedAt":"2025-08-13T14:59:22.894Z","favorited":false,"favoritesCount":0,"author":{"username":"Alvariytomyg","bio":null,"image":"https://conduit-api.bondaracademy.com/images/smiley-cyrus.jpeg","following":false}},{"slug":"Liane-Vance-13186","title":"Liane Vance","description":"Asshai","body":"... a mind needs books as a sword needs a whetstone, if it is to keep its edge.","tagList":[],"createdAt":"2025-08-13T14:58:45.208Z","updatedAt":"2025-08-13T14:58:45.208Z","favorited":false,"favoritesCount":0,"author":{"username":"Alvariytomyg","bio":null,"image":"https://conduit-api.bondaracademy.com/images/smiley-cyrus.jpeg","following":false}},{"slug":"Theo-Frey-13186","title":"Theo Frey","description":"Ar Noy","body":"Power is a curious thing. Who lives, Who dies. Power resides where men believe it resides. It is a trick, A shadow on the wall.","tagList":[],"createdAt":"2025-08-13T14:57:27.335Z","updatedAt":"2025-08-13T14:57:27.335Z","favorited":false,"favoritesCount":0,"author":{"username":"Alvariytomyg","bio":null,"image":"https://conduit-api.bondaracademy.com/images/smiley-cyrus.jpeg","following":false}},{"slug":"Hugo-Wull-13186","title":"Hugo Wull","description":"Mantarys","body":"Why is it that when one man builds a wall, the next man immediately needs to know what's on the other side?","tagList":[],"createdAt":"2025-08-13T08:31:38.858Z","updatedAt":"2025-08-13T08:31:38.858Z","favorited":false,"favoritesCount":0,"author":{"username":"Alvariytomyg","bio":null,"image":"https://conduit-api.bondaracademy.com/images/smiley-cyrus.jpeg","following":false}},{"slug":"Bryan-of-Oldtown-13186","title":"Bryan of Oldtown","description":"Myr","body":"... a mind needs books as a sword needs a whetstone, if it is to keep its edge.","tagList":[],"createdAt":"2025-08-13T08:31:37.446Z","updatedAt":"2025-08-13T08:31:37.446Z","favorited":false,"favoritesCount":0,"author":{"username":"Alvariytomyg","bio":null,"image":"https://conduit-api.bondaracademy.com/images/smiley-cyrus.jpeg","following":false}}],"articlesCount":36}

11:28:17.405 [main] INFO  com.intuit.karate - karate.env system property was: null 
11:28:17.407 [main] DEBUG com.intuit.karate - request:
1 > GET https://conduit-api.bondaracademy.com/api/tags
1 > Authorization: Token eyJhbGciOiJIUzI1NiIsInR5cCI6IkpXVCJ9.eyJ1c2VyIjp7ImlkIjoxMzE4Nn0sImlhdCI6MTc1NTEwMjQ5MCwiZXhwIjoxNzYwMjg2NDkwfQ.YXcWRvZjK6fnb6h436KkVEj9r94K0I40B_lT5SBXej0
1 > Host: conduit-api.bondaracademy.com
1 > Connection: Keep-Alive
1 > User-Agent: Apache-HttpClient/4.5.14 (Java/17.0.12)
1 > Accept-Encoding: gzip,deflate


11:28:18.189 [main] DEBUG com.intuit.karate - response time in milliseconds: 780
1 < 200
1 < x-powered-by: Express
1 < vary: Origin
1 < content-type: application/json; charset=utf-8
1 < etag: W/"65-XAqp9RO5/GurIdusYmbGg8NPW48"
1 < x-cloud-trace-context: a28509367fa7975ea2187f4f0d2695f4
1 < date: Wed, 13 Aug 2025 16:28:15 GMT
1 < server: Google Frontend
1 < Content-Length: 101
{"tags":["Test","Git","YouTube","Zoom","Blog","Bondar Academy","Enroll","Exam","Community","GitHub"]}

11:28:18.200 [main] INFO  com.intuit.karate - karate.env system property was: null 
11:28:18.208 [main] DEBUG com.intuit.karate - request:
1 > GET https://conduit-api.bondaracademy.com/api/articles?limt=10&offset=0
1 > Authorization: Token eyJhbGciOiJIUzI1NiIsInR5cCI6IkpXVCJ9.eyJ1c2VyIjp7ImlkIjoxMzE4Nn0sImlhdCI6MTc1NTEwMjQ5MCwiZXhwIjoxNzYwMjg2NDkwfQ.YXcWRvZjK6fnb6h436KkVEj9r94K0I40B_lT5SBXej0
1 > Host: conduit-api.bondaracademy.com
1 > Connection: Keep-Alive
1 > User-Agent: Apache-HttpClient/4.5.14 (Java/17.0.12)
1 > Accept-Encoding: gzip,deflate


11:28:18.905 [main] DEBUG com.intuit.karate - response time in milliseconds: 697
1 < 200
1 < x-powered-by: Express
1 < vary: Origin
1 < content-type: application/json; charset=utf-8
1 < etag: W/"112d-oHT+Q2faGmklxmhp/5WHK+yOEYU"
1 < x-cloud-trace-context: 2b6032c018d7d880f8a026f376a10622
1 < date: Wed, 13 Aug 2025 16:28:16 GMT
1 < server: Google Frontend
1 < Content-Length: 4397
{"articles":[{"slug":"Three-Tooth-13186","title":"Three-Tooth","description":"Old Valyria","body":"When you play a game of thrones you win or you die.","tagList":[],"createdAt":"2025-08-13T16:28:11.141Z","updatedAt":"2025-08-13T16:28:11.141Z","favorited":false,"favoritesCount":0,"author":{"username":"Alvariytomyg","bio":null,"image":"https://conduit-api.bondaracademy.com/images/smiley-cyrus.jpeg","following":false}},{"slug":"Garth-Tyrell-13186","title":"Garth Tyrell","description":"Sar Meel","body":"Give me honorable enemies rather than ambitious ones, and I'll sleep more easily by night.","tagList":[],"createdAt":"2025-08-13T16:25:31.812Z","updatedAt":"2025-08-13T16:25:31.812Z","favorited":false,"favoritesCount":0,"author":{"username":"Alvariytomyg","bio":null,"image":"https://conduit-api.bondaracademy.com/images/smiley-cyrus.jpeg","following":false}},{"slug":"Brusco-13186","title":"Brusco","description":"Volantis","body":"And I have a tender spot in my heart for cripples and bastards and broken things.","tagList":[],"createdAt":"2025-08-13T15:06:48.349Z","updatedAt":"2025-08-13T15:06:48.349Z","favorited":false,"favoritesCount":0,"author":{"username":"Alvariytomyg","bio":null,"image":"https://conduit-api.bondaracademy.com/images/smiley-cyrus.jpeg","following":false}},{"slug":"Orland-of-Oldtown-13186","title":"Orland of Oldtown","description":"Elyria","body":"All dwarfs are bastards in their father's eyes","tagList":[],"createdAt":"2025-08-13T15:06:33.713Z","updatedAt":"2025-08-13T15:06:33.713Z","favorited":false,"favoritesCount":0,"author":{"username":"Alvariytomyg","bio":null,"image":"https://conduit-api.bondaracademy.com/images/smiley-cyrus.jpeg","following":false}},{"slug":"Loreza-Sand-13186","title":"Loreza Sand","description":"White Harbor","body":"When the snows fall and the white winds blow, the lone wolf dies but the pack survives.","tagList":[],"createdAt":"2025-08-13T15:04:15.038Z","updatedAt":"2025-08-13T15:04:15.038Z","favorited":false,"favoritesCount":0,"author":{"username":"Alvariytomyg","bio":null,"image":"https://conduit-api.bondaracademy.com/images/smiley-cyrus.jpeg","following":false}},{"slug":"Renfred-Rykker-13186","title":"Renfred Rykker","description":"Asshai","body":"And I have a tender spot in my heart for cripples and bastards and broken things.","tagList":[],"createdAt":"2025-08-13T14:59:22.894Z","updatedAt":"2025-08-13T14:59:22.894Z","favorited":false,"favoritesCount":0,"author":{"username":"Alvariytomyg","bio":null,"image":"https://conduit-api.bondaracademy.com/images/smiley-cyrus.jpeg","following":false}},{"slug":"Liane-Vance-13186","title":"Liane Vance","description":"Asshai","body":"... a mind needs books as a sword needs a whetstone, if it is to keep its edge.","tagList":[],"createdAt":"2025-08-13T14:58:45.208Z","updatedAt":"2025-08-13T14:58:45.208Z","favorited":false,"favoritesCount":0,"author":{"username":"Alvariytomyg","bio":null,"image":"https://conduit-api.bondaracademy.com/images/smiley-cyrus.jpeg","following":false}},{"slug":"Theo-Frey-13186","title":"Theo Frey","description":"Ar Noy","body":"Power is a curious thing. Who lives, Who dies. Power resides where men believe it resides. It is a trick, A shadow on the wall.","tagList":[],"createdAt":"2025-08-13T14:57:27.335Z","updatedAt":"2025-08-13T14:57:27.335Z","favorited":false,"favoritesCount":0,"author":{"username":"Alvariytomyg","bio":null,"image":"https://conduit-api.bondaracademy.com/images/smiley-cyrus.jpeg","following":false}},{"slug":"Hugo-Wull-13186","title":"Hugo Wull","description":"Mantarys","body":"Why is it that when one man builds a wall, the next man immediately needs to know what's on the other side?","tagList":[],"createdAt":"2025-08-13T08:31:38.858Z","updatedAt":"2025-08-13T08:31:38.858Z","favorited":false,"favoritesCount":0,"author":{"username":"Alvariytomyg","bio":null,"image":"https://conduit-api.bondaracademy.com/images/smiley-cyrus.jpeg","following":false}},{"slug":"Bryan-of-Oldtown-13186","title":"Bryan of Oldtown","description":"Myr","body":"... a mind needs books as a sword needs a whetstone, if it is to keep its edge.","tagList":[],"createdAt":"2025-08-13T08:31:37.446Z","updatedAt":"2025-08-13T08:31:37.446Z","favorited":false,"favoritesCount":0,"author":{"username":"Alvariytomyg","bio":null,"image":"https://conduit-api.bondaracademy.com/images/smiley-cyrus.jpeg","following":false}}],"articlesCount":36}

11:28:18.986 [main] INFO  com.intuit.karate - karate.env system property was: null 
11:28:19.027 [main] DEBUG com.intuit.karate - request:
1 > POST https://conduit-api.bondaracademy.com/api/users
1 > Authorization: Token eyJhbGciOiJIUzI1NiIsInR5cCI6IkpXVCJ9.eyJ1c2VyIjp7ImlkIjoxMzE4Nn0sImlhdCI6MTc1NTEwMjQ5MCwiZXhwIjoxNzYwMjg2NDkwfQ.YXcWRvZjK6fnb6h436KkVEj9r94K0I40B_lT5SBXej0
1 > Content-Type: application/json; charset=UTF-8
1 > Content-Length: 84
1 > Host: conduit-api.bondaracademy.com
1 > Connection: Keep-Alive
1 > User-Agent: Apache-HttpClient/4.5.14 (Java/17.0.12)
1 > Accept-Encoding: gzip,deflate
{"user":{"email":"glenn0@test.com","password":"12345alv","username":"carson.borer"}}

11:28:19.851 [main] DEBUG com.intuit.karate - response time in milliseconds: 824
1 < 201
1 < x-powered-by: Express
1 < vary: Origin
1 < content-type: application/json; charset=utf-8
1 < etag: W/"143-YVUmmanj8CpthaLl+wVTmvBZUqE"
1 < x-cloud-trace-context: 979428f42aafe56d223d5d531fb17e0b
1 < date: Wed, 13 Aug 2025 16:28:17 GMT
1 < server: Google Frontend
1 < Content-Length: 323
{"user":{"id":31897,"email":"glenn0@test.com","username":"carson.borer","bio":null,"image":"https://conduit-api.bondaracademy.com/images/smiley-cyrus.jpeg","token":"eyJhbGciOiJIUzI1NiIsInR5cCI6IkpXVCJ9.eyJ1c2VyIjp7ImlkIjozMTg5N30sImlhdCI6MTc1NTEwMjQ5NywiZXhwIjoxNzYwMjg2NDk3fQ.RDWQV33tuu3HTCYn9sfbINkes2HNDaEeo_xj9RogIPk"}}

11:28:19.856 [main] INFO  com.intuit.karate - karate.env system property was: null 
11:28:19.877 [main] DEBUG com.intuit.karate - request:
1 > POST https://conduit-api.bondaracademy.com/api/users
1 > Authorization: Token eyJhbGciOiJIUzI1NiIsInR5cCI6IkpXVCJ9.eyJ1c2VyIjp7ImlkIjoxMzE4Nn0sImlhdCI6MTc1NTEwMjQ5MCwiZXhwIjoxNzYwMjg2NDkwfQ.YXcWRvZjK6fnb6h436KkVEj9r94K0I40B_lT5SBXej0
1 > Content-Type: application/json; charset=UTF-8
1 > Content-Length: 88
1 > Host: conduit-api.bondaracademy.com
1 > Connection: Keep-Alive
1 > User-Agent: Apache-HttpClient/4.5.14 (Java/17.0.12)
1 > Accept-Encoding: gzip,deflate
{"user":{"email":"glinda52@test.com","password":"12345alv","username":"Alvariytomyg21"}}

11:28:20.590 [main] DEBUG com.intuit.karate - response time in milliseconds: 712
1 < 422
1 < x-powered-by: Express
1 < vary: Origin
1 < content-type: application/json; charset=utf-8
1 < etag: W/"32-JsHJTKwNHW5NSVjFTl5ds7a++54"
1 < x-cloud-trace-context: 1117de78a1344e9e61394c5020b17c6a
1 < date: Wed, 13 Aug 2025 16:28:18 GMT
1 < server: Google Frontend
1 < Content-Length: 50
{"errors":{"username":["has already been taken"]}}

11:28:20.597 [main] INFO  com.intuit.karate - karate.env system property was: null 
11:28:20.614 [main] DEBUG com.intuit.karate - request:
1 > POST https://conduit-api.bondaracademy.com/api/users
1 > Authorization: Token eyJhbGciOiJIUzI1NiIsInR5cCI6IkpXVCJ9.eyJ1c2VyIjp7ImlkIjoxMzE4Nn0sImlhdCI6MTc1NTEwMjQ5MCwiZXhwIjoxNzYwMjg2NDkwfQ.YXcWRvZjK6fnb6h436KkVEj9r94K0I40B_lT5SBXej0
1 > Content-Type: application/json; charset=UTF-8
1 > Content-Length: 96
1 > Host: conduit-api.bondaracademy.com
1 > Connection: Keep-Alive
1 > User-Agent: Apache-HttpClient/4.5.14 (Java/17.0.12)
1 > Accept-Encoding: gzip,deflate
{"user":{"email":"pruebakarate39@test.com","password":"12345alv","username":"vesta.macejkovic"}}

11:28:21.336 [main] DEBUG com.intuit.karate - response time in milliseconds: 722
1 < 422
1 < x-powered-by: Express
1 < vary: Origin
1 < content-type: application/json; charset=utf-8
1 < etag: W/"2f-BJEnYqgmLwV4NGkXB9OccFtans4"
1 < x-cloud-trace-context: a63f61de2e0bf461714f3f2e5b5f84b9
1 < date: Wed, 13 Aug 2025 16:28:18 GMT
1 < server: Google Frontend
1 < Content-Length: 47
{"errors":{"email":["has already been taken"]}}

11:28:21.342 [main] INFO  com.intuit.karate - karate.env system property was: null 
11:28:21.356 [main] DEBUG com.intuit.karate - request:
1 > POST https://conduit-api.bondaracademy.com/api/users
1 > Authorization: Token eyJhbGciOiJIUzI1NiIsInR5cCI6IkpXVCJ9.eyJ1c2VyIjp7ImlkIjoxMzE4Nn0sImlhdCI6MTc1NTEwMjQ5MCwiZXhwIjoxNzYwMjg2NDkwfQ.YXcWRvZjK6fnb6h436KkVEj9r94K0I40B_lT5SBXej0
1 > Content-Type: application/json; charset=UTF-8
1 > Content-Length: 86
1 > Host: conduit-api.bondaracademy.com
1 > Connection: Keep-Alive
1 > User-Agent: Apache-HttpClient/4.5.14 (Java/17.0.12)
1 > Accept-Encoding: gzip,deflate
{"user":{"email":"pruebakarate39","password":"12345alv","username":"edwardo.osinski"}}

11:28:22.050 [main] DEBUG com.intuit.karate - response time in milliseconds: 692
1 < 422
1 < x-powered-by: Express
1 < vary: Origin
1 < content-type: application/json; charset=utf-8
1 < etag: W/"23-BFnyxZU59MOp7LrClbIX0lqohmc"
1 < x-cloud-trace-context: ec28fda86d19d3129d99599223079cbf
1 < date: Wed, 13 Aug 2025 16:28:19 GMT
1 < server: Google Frontend
1 < Content-Length: 35
{"errors":{"email":["is invalid"]}}

11:28:22.056 [main] INFO  com.intuit.karate - karate.env system property was: null 
11:28:22.069 [main] DEBUG com.intuit.karate - request:
1 > POST https://conduit-api.bondaracademy.com/api/users
1 > Authorization: Token eyJhbGciOiJIUzI1NiIsInR5cCI6IkpXVCJ9.eyJ1c2VyIjp7ImlkIjoxMzE4Nn0sImlhdCI6MTc1NTEwMjQ5MCwiZXhwIjoxNzYwMjg2NDkwfQ.YXcWRvZjK6fnb6h436KkVEj9r94K0I40B_lT5SBXej0
1 > Content-Type: application/json; charset=UTF-8
1 > Content-Length: 105
1 > Host: conduit-api.bondaracademy.com
1 > Connection: Keep-Alive
1 > User-Agent: Apache-HttpClient/4.5.14 (Java/17.0.12)
1 > Accept-Encoding: gzip,deflate
{"user":{"email":"rafael100@test.com","password":"12345alv","username":"Alvariytomyg211212121212121212"}}

11:28:22.754 [main] DEBUG com.intuit.karate - response time in milliseconds: 684
1 < 422
1 < x-powered-by: Express
1 < vary: Origin
1 < content-type: application/json; charset=utf-8
1 < etag: W/"42-XpZe/rkpj7jwgwlEfcGikMbY3LU"
1 < x-cloud-trace-context: c70fa5684be05d4bf5a92c51cbe5802d;o=1
1 < date: Wed, 13 Aug 2025 16:28:20 GMT
1 < server: Google Frontend
1 < Content-Length: 66
{"errors":{"username":["is too long (maximum is 20 characters)"]}}

11:28:22.759 [main] INFO  com.intuit.karate - karate.env system property was: null 
11:28:22.771 [main] DEBUG com.intuit.karate - request:
1 > POST https://conduit-api.bondaracademy.com/api/users
1 > Authorization: Token eyJhbGciOiJIUzI1NiIsInR5cCI6IkpXVCJ9.eyJ1c2VyIjp7ImlkIjoxMzE4Nn0sImlhdCI6MTc1NTEwMjQ5MCwiZXhwIjoxNzYwMjg2NDkwfQ.YXcWRvZjK6fnb6h436KkVEj9r94K0I40B_lT5SBXej0
1 > Content-Type: application/json; charset=UTF-8
1 > Content-Length: 78
1 > Host: conduit-api.bondaracademy.com
1 > Connection: Keep-Alive
1 > User-Agent: Apache-HttpClient/4.5.14 (Java/17.0.12)
1 > Accept-Encoding: gzip,deflate
{"user":{"email":"alida53@test.com","password":"alv","username":"lia.hudson"}}

11:28:23.466 [main] DEBUG com.intuit.karate - response time in milliseconds: 694
1 < 422
1 < x-powered-by: Express
1 < vary: Origin
1 < content-type: application/json; charset=utf-8
1 < etag: W/"42-UacmJpJtrjcDwm4VS9rFYwj6xG4"
1 < x-cloud-trace-context: ba1d355c496bcab575099e77dd59cc83
1 < date: Wed, 13 Aug 2025 16:28:21 GMT
1 < server: Google Frontend
1 < Content-Length: 66
{"errors":{"password":["is too short (minimum is 8 characters)"]}}

11:28:23.469 [main] INFO  com.intuit.karate - karate.env system property was: null 
11:28:23.482 [main] DEBUG com.intuit.karate - request:
1 > POST https://conduit-api.bondaracademy.com/api/users
1 > Authorization: Token eyJhbGciOiJIUzI1NiIsInR5cCI6IkpXVCJ9.eyJ1c2VyIjp7ImlkIjoxMzE4Nn0sImlhdCI6MTc1NTEwMjQ5MCwiZXhwIjoxNzYwMjg2NDkwfQ.YXcWRvZjK6fnb6h436KkVEj9r94K0I40B_lT5SBXej0
1 > Content-Type: application/json; charset=UTF-8
1 > Content-Length: 69
1 > Host: conduit-api.bondaracademy.com
1 > Connection: Keep-Alive
1 > User-Agent: Apache-HttpClient/4.5.14 (Java/17.0.12)
1 > Accept-Encoding: gzip,deflate
{"user":{"email":"","password":"12345alv","username":"betsey.bogan"}}

11:28:24.209 [main] DEBUG com.intuit.karate - response time in milliseconds: 726
1 < 422
1 < x-powered-by: Express
1 < vary: Origin
1 < content-type: application/json; charset=utf-8
1 < etag: W/"27-t1Jmbh6zWQl9abIACseOZh9CIII"
1 < x-cloud-trace-context: c619e9b8c2bc9b0485393656cd8c1c8a
1 < date: Wed, 13 Aug 2025 16:28:21 GMT
1 < server: Google Frontend
1 < Content-Length: 39
{"errors":{"email":["can't be blank"]}}

11:28:24.215 [main] INFO  com.intuit.karate - karate.env system property was: null 
11:28:24.226 [main] DEBUG com.intuit.karate - request:
1 > POST https://conduit-api.bondaracademy.com/api/users
1 > Authorization: Token eyJhbGciOiJIUzI1NiIsInR5cCI6IkpXVCJ9.eyJ1c2VyIjp7ImlkIjoxMzE4Nn0sImlhdCI6MTc1NTEwMjQ5MCwiZXhwIjoxNzYwMjg2NDkwfQ.YXcWRvZjK6fnb6h436KkVEj9r94K0I40B_lT5SBXej0
1 > Content-Type: application/json; charset=UTF-8
1 > Content-Length: 79
1 > Host: conduit-api.bondaracademy.com
1 > Connection: Keep-Alive
1 > User-Agent: Apache-HttpClient/4.5.14 (Java/17.0.12)
1 > Accept-Encoding: gzip,deflate
{"user":{"email":"lesley59@test.com","password":"","username":"benedict.bode"}}

11:28:24.922 [main] DEBUG com.intuit.karate - response time in milliseconds: 695
1 < 422
1 < x-powered-by: Express
1 < vary: Origin
1 < content-type: application/json; charset=utf-8
1 < etag: W/"2a-qbpXJMY/Kgu11LsJcjS0p5wC5b0"
1 < x-cloud-trace-context: 8b7e12cda53fe34785562d3176eb5ddc
1 < date: Wed, 13 Aug 2025 16:28:22 GMT
1 < server: Google Frontend
1 < Content-Length: 42
{"errors":{"password":["can't be blank"]}}

11:28:24.926 [main] INFO  com.intuit.karate - karate.env system property was: null 
11:28:24.946 [main] DEBUG com.intuit.karate - request:
1 > POST https://conduit-api.bondaracademy.com/api/users
1 > Authorization: Token eyJhbGciOiJIUzI1NiIsInR5cCI6IkpXVCJ9.eyJ1c2VyIjp7ImlkIjoxMzE4Nn0sImlhdCI6MTc1NTEwMjQ5MCwiZXhwIjoxNzYwMjg2NDkwfQ.YXcWRvZjK6fnb6h436KkVEj9r94K0I40B_lT5SBXej0
1 > Content-Type: application/json; charset=UTF-8
1 > Content-Length: 76
1 > Host: conduit-api.bondaracademy.com
1 > Connection: Keep-Alive
1 > User-Agent: Apache-HttpClient/4.5.14 (Java/17.0.12)
1 > Accept-Encoding: gzip,deflate
{"user":{"email":"courtney34@test.com","password":"12345alv","username":""}}

11:28:25.648 [main] DEBUG com.intuit.karate - response time in milliseconds: 701
1 < 422
1 < x-powered-by: Express
1 < vary: Origin
1 < content-type: application/json; charset=utf-8
1 < etag: W/"2a-AIsgLw77Dx1RWMepi6jZReyj6jg"
1 < x-cloud-trace-context: 83e04953ddbae1e035dc7aa6cb79ab14
1 < date: Wed, 13 Aug 2025 16:28:23 GMT
1 < server: Google Frontend
1 < Content-Length: 42
{"errors":{"username":["can't be blank"]}}

